Country,City,Platform City URL,Hotel Name,MakeMyTrip Link,Booking.com Link,Agoda Link,Hotel Image URL,Image Source Type,Bathtub Amenity Confirmed,Tub / Suite Type,Rating,Reviews Count,Audit Status (Pass/Fix),Reviewer Notes
"Australia","Sydney","https://www.hotelswithbathtubs.com/australia/sydney","Crown Towers Sydney, Barangaroo","https://www.booking.com/hotel/au/crown-towers-sydney.html","https://www.booking.com/hotel/au/crown-towers-sydney.html","https://www.agoda.com/crown-towers-sydney/hotel/sydney-au.html","https://pix8.agoda.net/hotelImages/4904006/-1/88835849cbca6b6ea17ebcbda51e44ef.jpg","Agoda CDN","YES","Custom Sculptural Oval Harbour Tub","4.9","620","READY FOR REVIEW",""
"Australia","Sydney","https://www.hotelswithbathtubs.com/australia/sydney","Park Hyatt Sydney","https://www.booking.com/hotel/au/park-hyatt-sydney.html","https://www.booking.com/hotel/au/park-hyatt-sydney.html","https://www.agoda.com/park-hyatt-sydney/hotel/sydney-au.html","https://pix8.agoda.net/hotelImages/61822/-1/59a68bc01d1df2623a6f9cb89c922da9.jpg","Agoda CDN","YES","Sculptural Egg-Shaped Harbor Tub","4.9","680","READY FOR REVIEW",""
"Australia","Sydney","https://www.hotelswithbathtubs.com/australia/sydney","The Langham, Sydney","https://www.booking.com/hotel/au/the-observatory.html","https://www.booking.com/hotel/au/the-observatory.html","https://www.agoda.com/the-langham-sydney/hotel/sydney-au.html","https://pix8.agoda.net/hotelImages/268154/-1/e3f4439c0864eb11d13db1415dfda2bf.jpg","Agoda CDN","YES","Freestanding Parisian Soaking Tub","4.8","490","READY FOR REVIEW",""
"Canada","Banff","https://www.hotelswithbathtubs.com/canada/banff","Fairmont Banff Springs","https://www.booking.com/hotel/ca/fairmont-banff-springs.html","https://www.booking.com/hotel/ca/fairmont-banff-springs.html","https://www.agoda.com/fairmont-banff-springs/hotel/banff-ab-ca.html","https://pix8.agoda.net/hotelImages/10705/-1/218cb7e42d76ea2bc75ba7a1772bc8cb.jpg","Agoda CDN","YES","Deep Mountain Soaking Clawfoot Bath","4.8","740","READY FOR REVIEW",""
"Canada","Banff","https://www.hotelswithbathtubs.com/canada/banff","Post Hotel & Spa, Lake Louise","https://www.booking.com/hotel/ca/post-and-spa.html","https://www.booking.com/hotel/ca/post-and-spa.html","https://www.agoda.com/post-hotel-and-spa/hotel/lake-louise-ab-ca.html","https://pix8.agoda.net/hotelImages/1879796/-1/59a8cb404c05ef1a2e7c4f1c97a8c3d1.jpg","Agoda CDN","YES","Private In-Cabin Hydro Whirlpool Tub","4.9","390","READY FOR REVIEW",""
"Canada","Banff","https://www.hotelswithbathtubs.com/canada/banff","The Rimrock Resort Hotel, Banff","https://www.booking.com/hotel/ca/the-rimrock-resort.html","https://www.booking.com/hotel/ca/the-rimrock-resort.html","https://www.agoda.com/the-rimrock-resort-hotel/hotel/banff-ab-ca.html","https://pix8.agoda.net/hotelImages/10701/-1/c1d89b33a59846d0a7a3b37812e9bcae.jpg","Agoda CDN","YES","Deep Soaking Bathtub","4.8","520","READY FOR REVIEW",""
"France","Paris","https://www.hotelswithbathtubs.com/france/paris","Four Seasons Hotel George V Paris","https://www.booking.com/hotel/fr/four-seasons-hotel-george-v-paris.html","https://www.booking.com/hotel/fr/four-seasons-george-v-paris.html","https://www.agoda.com/four-seasons-hotel-george-v-paris","https://pix8.agoda.net/hotelImages/11674/-1/2156eb10f3c5ea64e1cba570bc6c06bf.jpg","Agoda CDN","YES","Bathtub / Jacuzzi Suite","9.6","100+","READY FOR REVIEW",""
"France","Paris","https://www.hotelswithbathtubs.com/france/paris","Hôtel Ritz Paris","https://www.booking.com/hotel/fr/h-tel-ritz-paris.html","https://www.booking.com/hotel/fr/ritz-paris.html","https://www.agoda.com/ritz-paris","https://pix8.agoda.net/hotelImages/1162463/-1/b6d6553835697d2ec6c0b388b1f5e85f.jpg","Agoda CDN","YES","Bathtub / Jacuzzi Suite","9.8","100+","READY FOR REVIEW",""
"France","Paris","https://www.hotelswithbathtubs.com/france/paris","Hôtel de Crillon, A Rosewood Hotel","https://www.booking.com/hotel/fr/h-tel-de-crillon-a-rosewood-hotel.html","https://www.booking.com/hotel/fr/hotel-de-crillon.html","https://www.agoda.com/hotel-de-crillon-a-rosewood-hotel","https://pix8.agoda.net/hotelImages/2372134/-1/2a08892f39223ea4ee50a1dfa52b8eb5.jpg","Agoda CDN","YES","Bathtub / Jacuzzi Suite","9.7","100+","READY FOR REVIEW",""
"France","Paris","https://www.hotelswithbathtubs.com/france/paris","Le Bristol Paris","https://www.booking.com/hotel/fr/le-bristol-paris.html","https://www.booking.com/hotel/fr/le-bristol-paris.html","https://www.agoda.com/le-bristol-paris","https://pix8.agoda.net/hotelImages/15984/-1/107f9c8901be9b16ea9825b7b2512a23.jpg","Agoda CDN","YES","Bathtub / Jacuzzi Suite","9.6","100+","READY FOR REVIEW",""
"France","Paris","https://www.hotelswithbathtubs.com/france/paris","Mandarin Oriental Paris","https://www.booking.com/hotel/fr/mandarin-oriental-paris.html","https://www.booking.com/hotel/fr/mandarin-oriental-paris.html","https://www.agoda.com/mandarin-oriental-paris","https://pix8.agoda.net/hotelImages/265691/-1/2c53f868ee3a44d825cbb4aa86796c9c.jpg","Agoda CDN","YES","Bathtub / Jacuzzi Suite","9.5","100+","READY FOR REVIEW",""
"France","Paris","https://www.hotelswithbathtubs.com/france/paris","Park Hyatt Paris-Vendôme","https://www.booking.com/hotel/fr/park-hyatt-paris-vend-me.html","https://www.booking.com/hotel/fr/park-hyatt-paris-vendome.html","https://www.agoda.com/park-hyatt-paris-vendome","https://pix8.agoda.net/hotelImages/15987/-1/2e389b09ef0a48b59dc7cb3d1bc84288.jpg","Agoda CDN","YES","Bathtub / Jacuzzi Suite","9.4","100+","READY FOR REVIEW",""
"Greece","Santorini","https://www.hotelswithbathtubs.com/greece/santorini","Andronis Luxury Suites, Santorini","https://www.booking.com/hotel/gr/andronis-luxury-suites.html","https://www.booking.com/hotel/gr/andronis-luxury-suites.html","https://www.agoda.com/andronis-luxury-suites/hotel/santorini-gr.html","https://pix8.agoda.net/hotelImages/108493/-1/ec3be5893d5a08527a29583a45610ef3.jpg","Agoda CDN","YES","Balcony Heated Hydro Jacuzzi","4.8","390","READY FOR REVIEW",""
"Greece","Santorini","https://www.hotelswithbathtubs.com/greece/santorini","Canaves Oia Suites, Santorini","https://www.booking.com/hotel/gr/canaves-oia-hotel-suites.html","https://www.booking.com/hotel/gr/canaves-oia-hotel-suites.html","https://www.agoda.com/canaves-oia-suites/hotel/santorini-gr.html","https://pix8.agoda.net/hotelImages/108502/-1/96f3bb992a54911d7bb432b4b74e64f7.jpg","Agoda CDN","YES","Cave Heated Jacuzzi & Caldera Plunge Pool","4.9","560","READY FOR REVIEW",""
"Greece","Santorini","https://www.hotelswithbathtubs.com/greece/santorini","Grace Hotel, Auberge Resorts Collection, Santorini","https://www.booking.com/hotel/gr/grace-santorini.html","https://www.booking.com/hotel/gr/grace-santorini.html","https://www.agoda.com/grace-hotel-auberge-resorts-collection/hotel/santorini-gr.html","https://pix8.agoda.net/hotelImages/165502/-1/4a29bb8853b0e11894d038fa465b4c10.jpg","Agoda CDN","YES","Monolith Deep Soaking Tub","4.9","480","READY FOR REVIEW",""
"Greece","Santorini","https://www.hotelswithbathtubs.com/greece/santorini","Katikies Santorini, Oia","https://www.booking.com/hotel/gr/katikies.html","https://www.booking.com/hotel/gr/katikies.html","https://www.agoda.com/katikies-hotel/hotel/santorini-gr.html","https://pix8.agoda.net/hotelImages/51410/-1/21d51a6681b94b0eb2318ee4c70d2417.jpg","Agoda CDN","YES","Veranda Cave Jacuzzi","4.9","520","READY FOR REVIEW",""
"Greece","Santorini","https://www.hotelswithbathtubs.com/greece/santorini","Mystique, a Luxury Collection Hotel, Santorini","https://www.booking.com/hotel/gr/mystique-oia.html","https://www.booking.com/hotel/gr/mystique-oia.html","https://www.agoda.com/mystique-a-luxury-collection-hotel-santorini/hotel/santorini-gr.html","https://pix8.agoda.net/hotelImages/75685/-1/1b5e39665bc74041b617b07ea6e32d67.jpg","Agoda CDN","YES","Private Outdoor Hydro Hot Tub","4.8","410","READY FOR REVIEW",""
"India","Agra","https://www.hotelswithbathtubs.com/india/agra","Courtyard By Marriott","https://www.makemytrip.com/hotels/courtyard_by_marriott-details-agra.html","https://www.booking.com/hotel/in/courtyard-by-marriott.html","https://www.agoda.com/courtyard-by-marriott/hotel/agra-in.html","/assets/courtyard-by-marriott-agra-with-bathtub-in-room.webp","Verified Blob Storage","YES","Bathtub / Jacuzzi Suite","4.8","100+","READY FOR REVIEW",""
"India","Agra","https://www.hotelswithbathtubs.com/india/agra","Doubletree By Hilton","https://www.makemytrip.com/hotels/doubletree_by_hilton-details-agra.html","https://www.booking.com/hotel/in/doubletree-by-hilton.html","https://www.agoda.com/doubletree-by-hilton/hotel/agra-in.html","/assets/doubletree-by-hilton-agra-with-bathtub-in-room.webp","Verified Blob Storage","YES","Bathtub / Jacuzzi Suite","4.8","100+","READY FOR REVIEW",""
"India","Agra","https://www.hotelswithbathtubs.com/india/agra","Fragrant Nature A Five Star Classified Hotel","https://www.makemytrip.com/hotels/fragrant_nature_a_five_star_classified_hotel-details-agra.html","https://www.booking.com/hotel/in/fragrant-nature-a-five-star-classified-hotel.html","https://www.agoda.com/fragrant-nature-a-five-star-classified-hotel/hotel/agra-in.html","/assets/bathtub-room-fragrant-nature-kochi-a-five-star-classified-hotel.webp","Verified Blob Storage","YES","Bathtub / Jacuzzi Suite","4.8","100+","READY FOR REVIEW",""
"India","Agra","https://www.hotelswithbathtubs.com/india/agra","Holiday Inn Mg Road An Ihg Hotel","https://www.makemytrip.com/hotels/holiday_inn_mg_road_an_ihg_hotel-details-agra.html","https://www.booking.com/hotel/in/holiday-inn-mg-road-an-ihg-hotel.html","https://www.agoda.com/holiday-inn-mg-road-an-ihg-hotel/hotel/agra-in.html","/assets/bathtub-holiday-inn-agra-mg-road-an-ihg-hotel.webp","Verified Blob Storage","YES","Bathtub / Jacuzzi Suite","4.8","100+","READY FOR REVIEW",""
"India","Agra","https://www.hotelswithbathtubs.com/india/agra","Hotel Clarks Shiraz","https://www.makemytrip.com/hotels/hotel_clarks_shiraz-details-agra.html","https://www.booking.com/hotel/in/hotel-clarks-shiraz.html","https://www.agoda.com/hotel-clarks-shiraz/hotel/agra-in.html","/assets/hotel-clarks-shiraz-agra-with-spabath.webp","Verified Blob Storage","YES","Bathtub / Jacuzzi Suite","4.8","100+","READY FOR REVIEW",""
"India","Agra","https://www.hotelswithbathtubs.com/india/agra","Hotel Courtyard By Marriott","https://www.makemytrip.com/hotels/hotel_courtyard_by_marriott-details-agra.html","https://www.booking.com/hotel/in/hotel-courtyard-by-marriott.html","https://www.agoda.com/hotel-courtyard-by-marriott/hotel/agra-in.html","/assets/bathtub-hotel-courtyard-by-marriott-agra.webp","Verified Blob Storage","YES","Bathtub / Jacuzzi Suite","4.8","100+","READY FOR REVIEW",""
"India","Agra","https://www.hotelswithbathtubs.com/india/agra","Hotel Doubletree By Hilton","https://www.makemytrip.com/hotels/hotel_doubletree_by_hilton-details-agra.html","https://www.booking.com/hotel/in/hotel-doubletree-by-hilton.html","https://www.agoda.com/hotel-doubletree-by-hilton/hotel/agra-in.html","/assets/hotel-doubletree-by-hilton-agra-with-bathtub.webp","Verified Blob Storage","YES","Bathtub / Jacuzzi Suite","4.8","100+","READY FOR REVIEW",""
"India","Agra","https://www.hotelswithbathtubs.com/india/agra","Hotel Grand Mercure An Accor Brand","https://www.makemytrip.com/hotels/hotel_grand_mercure_an_accor_brand-details-agra.html","https://www.booking.com/hotel/in/hotel-grand-mercure-an-accor-brand.html","https://www.agoda.com/hotel-grand-mercure-an-accor-brand/hotel/agra-in.html","/assets/bathtub-hotel-grand-mercure-agra-an-accor-brand.webp","Verified Blob Storage","YES","Bathtub / Jacuzzi Suite","4.8","100+","READY FOR REVIEW",""
"India","Agra","https://www.hotelswithbathtubs.com/india/agra","Hotel Room Doubletree By Hilton","https://www.makemytrip.com/hotels/hotel_room_doubletree_by_hilton-details-agra.html","https://www.booking.com/hotel/in/hotel-room-doubletree-by-hilton.html","https://www.agoda.com/hotel-room-doubletree-by-hilton/hotel/agra-in.html","/assets/bathtub-hotel-room-doubletree-by-hilton-agra.webp","Verified Blob Storage","YES","Bathtub / Jacuzzi Suite","4.8","100+","READY FOR REVIEW",""
"India","Agra","https://www.hotelswithbathtubs.com/india/agra","Hotel The P L Palace","https://www.makemytrip.com/hotels/hotel_the_p_l_palace-details-agra.html","https://www.booking.com/hotel/in/hotel-the-p-l-palace.html","https://www.agoda.com/hotel-the-p-l-palace/hotel/agra-in.html","/assets/bathtub-hotel-the-p-l-palace-agra.webp","Verified Blob Storage","YES","Bathtub / Jacuzzi Suite","4.8","100+","READY FOR REVIEW",""
"India","Agra","https://www.hotelswithbathtubs.com/india/agra","Jaypee Palace Hotel","https://www.makemytrip.com/hotels/jaypee_palace_hotel-details-agra.html","https://www.booking.com/hotel/in/jaypee-palace-hotel.html","https://www.agoda.com/jaypee-palace-hotel/hotel/agra-in.html","/assets/bathtub-room-jaypee-palace-hotel-agra.webp","Verified Blob Storage","YES","Bathtub / Jacuzzi Suite","4.8","100+","READY FOR REVIEW",""
"India","Agra","https://www.hotelswithbathtubs.com/india/agra","Radisson Hotel","https://www.makemytrip.com/hotels/radisson_hotel-details-agra.html","https://www.booking.com/hotel/in/radisson-hotel.html","https://www.agoda.com/radisson-hotel/hotel/agra-in.html","/assets/bathtub-room-radisson-hotel-agra.webp","Verified Blob Storage","YES","Bathtub / Jacuzzi Suite","4.8","100+","READY FOR REVIEW",""
"India","Agra","https://www.hotelswithbathtubs.com/india/agra","Romantic Bathtub Room The P L Palace","https://www.makemytrip.com/hotels/romantic_bathtub_room_the_p_l_palace-details-agra.html","https://www.booking.com/hotel/in/romantic-bathtub-room-the-p-l-palace.html","https://www.agoda.com/romantic-bathtub-room-the-p-l-palace/hotel/agra-in.html","/assets/romantic-bathtub-room-the-p-l-palace-agra.webp","Verified Blob Storage","YES","Bathtub / Jacuzzi Suite","4.8","100+","READY FOR REVIEW",""
"India","Agra","https://www.hotelswithbathtubs.com/india/agra","Romantic Taj Hotel Convention Centre","https://www.makemytrip.com/hotels/romantic_taj_hotel_convention_centre-details-agra.html","https://www.booking.com/hotel/in/romantic-taj-hotel-convention-centre.html","https://www.agoda.com/romantic-taj-hotel-convention-centre/hotel/agra-in.html","/assets/romantic-taj-hotel-convention-centre-agra-with-bath-tub-in-room.webp","Verified Blob Storage","YES","Bathtub / Jacuzzi Suite","4.8","100+","READY FOR REVIEW",""
"India","Agra","https://www.hotelswithbathtubs.com/india/agra","Suite Hotel Clarks Shiraz","https://www.makemytrip.com/hotels/suite_hotel_clarks_shiraz-details-agra.html","https://www.booking.com/hotel/in/suite-hotel-clarks-shiraz.html","https://www.agoda.com/suite-hotel-clarks-shiraz/hotel/agra-in.html","/assets/jacuzzi-suite-hotel-clarks-shiraz-agra.webp","Verified Blob Storage","YES","Bathtub / Jacuzzi Suite","4.8","100+","READY FOR REVIEW",""
"India","Agra","https://www.hotelswithbathtubs.com/india/agra","Taj Hotel Convention Centre","https://www.makemytrip.com/hotels/taj_hotel_convention_centre-details-agra.html","https://www.booking.com/hotel/in/taj-hotel-convention-centre.html","https://www.agoda.com/taj-hotel-convention-centre/hotel/agra-in.html","/assets/bathtub-room-taj-hotel-convention-centre-agra.webp","Verified Blob Storage","YES","Bathtub / Jacuzzi Suite","4.8","100+","READY FOR REVIEW",""
"India","Agra","https://www.hotelswithbathtubs.com/india/agra","Taj Ronak Luxury Hotels","https://www.makemytrip.com/hotels/taj_ronak_luxury_hotels-details-agra.html","https://www.booking.com/hotel/in/taj-ronak-luxury-hotels.html","https://www.agoda.com/taj-ronak-luxury-hotels/hotel/agra-in.html","/assets/bathtub-room-taj-ronak-luxury-hotels-agra.webp","Verified Blob Storage","YES","Bathtub / Jacuzzi Suite","4.8","100+","READY FOR REVIEW",""
"India","Agra","https://www.hotelswithbathtubs.com/india/agra","Tajview Ihcl Seleqtions","https://www.makemytrip.com/hotels/tajview_ihcl_seleqtions-details-agra.html","https://www.booking.com/hotel/in/tajview-ihcl-seleqtions.html","https://www.agoda.com/tajview-ihcl-seleqtions/hotel/agra-in.html","/assets/bathtub-room-tajview-agra-ihcl-seleqtions.webp","Verified Blob Storage","YES","Bathtub / Jacuzzi Suite","4.8","100+","READY FOR REVIEW",""
"India","Agra","https://www.hotelswithbathtubs.com/india/agra","The P L Palace","https://www.makemytrip.com/hotels/the_p_l_palace-details-agra.html","https://www.booking.com/hotel/in/the-p-l-palace.html","https://www.agoda.com/the-p-l-palace/hotel/agra-in.html","/assets/the-p-l-palace-agra-with-bathtub-in-room.webp","Verified Blob Storage","YES","Bathtub / Jacuzzi Suite","4.8","100+","READY FOR REVIEW",""
"India","Ahmedabad","https://www.hotelswithbathtubs.com/india/ahmedabad","Bathtub Hyatt Regency","https://www.makemytrip.com/hotels/bathtub_hyatt_regency-details-ahmedabad.html","https://www.booking.com/hotel/in/bathtub-hyatt-regency.html","https://www.agoda.com/bathtub-hyatt-regency/hotel/ahmedabad-in.html","/assets/room-bathtub-hyatt-regency-ahmedabad.webp","Verified Blob Storage","YES","Bathtub / Jacuzzi Suite","4.8","100+","READY FOR REVIEW",""
"India","Ahmedabad","https://www.hotelswithbathtubs.com/india/ahmedabad","Hotel Courtyard By Marriott","https://www.makemytrip.com/hotels/hotel_courtyard_by_marriott-details-ahmedabad.html","https://www.booking.com/hotel/in/hotel-courtyard-by-marriott.html","https://www.agoda.com/hotel-courtyard-by-marriott/hotel/ahmedabad-in.html","/assets/bathtub-hotel-courtyard-by-marriott-ahmedabad.webp","Verified Blob Storage","YES","Bathtub / Jacuzzi Suite","4.8","100+","READY FOR REVIEW",""
"India","Ahmedabad","https://www.hotelswithbathtubs.com/india/ahmedabad","Hotel G Express Formerly Known As Tgb Express","https://www.makemytrip.com/hotels/hotel_g_express_formerly_known_as_tgb_express-details-ahmedabad.html","https://www.booking.com/hotel/in/hotel-g-express-formerly-known-as-tgb-express.html","https://www.agoda.com/hotel-g-express-formerly-known-as-tgb-express/hotel/ahmedabad-in.html","/assets/bathtub-hotel-g-express-formerly-known-as-tgb-express-ahmedabad.webp","Verified Blob Storage","YES","Bathtub / Jacuzzi Suite","4.8","100+","READY FOR REVIEW",""
"India","Ahmedabad","https://www.hotelswithbathtubs.com/india/ahmedabad","Hyatt Regency","https://www.makemytrip.com/hotels/hyatt_regency-details-ahmedabad.html","https://www.booking.com/hotel/in/hyatt-regency.html","https://www.agoda.com/hyatt-regency/hotel/ahmedabad-in.html","/assets/bathtub-hyatt-regency-ahmedabad.webp","Verified Blob Storage","YES","Bathtub / Jacuzzi Suite","4.8","100+","READY FOR REVIEW",""
"India","Ahmedabad","https://www.hotelswithbathtubs.com/india/ahmedabad","Novotel","https://www.makemytrip.com/hotels/novotel-details-ahmedabad.html","https://www.booking.com/hotel/in/novotel.html","https://www.agoda.com/novotel/hotel/ahmedabad-in.html","/assets/bathtub-novotel-ahmedabad.webp","Verified Blob Storage","YES","Bathtub / Jacuzzi Suite","4.8","100+","READY FOR REVIEW",""
"India","Ahmedabad","https://www.hotelswithbathtubs.com/india/ahmedabad","Radisson Blu Hotel","https://www.makemytrip.com/hotels/radisson_blu_hotel-details-ahmedabad.html","https://www.booking.com/hotel/in/radisson-blu-hotel.html","https://www.agoda.com/radisson-blu-hotel/hotel/ahmedabad-in.html","/assets/bathtub-radisson-blu-hotel-ahmedabad.webp","Verified Blob Storage","YES","Bathtub / Jacuzzi Suite","4.8","100+","READY FOR REVIEW",""
"India","Ahmedabad","https://www.hotelswithbathtubs.com/india/ahmedabad","Scenaria Hotel","https://www.makemytrip.com/hotels/scenaria_hotel-details-ahmedabad.html","https://www.booking.com/hotel/in/scenaria-hotel.html","https://www.agoda.com/scenaria-hotel/hotel/ahmedabad-in.html","/assets/bathtub-scenaria-hotel-ahmedabad.webp","Verified Blob Storage","YES","Bathtub / Jacuzzi Suite","4.8","100+","READY FOR REVIEW",""
"India","Alibaug","https://www.hotelswithbathtubs.com/india/alibaug","Radisson Blu Resort & Spa Alibaug","https://www.makemytrip.com/hotels/radisson_blu_resort_spa_alibaug-details-alibaug.html","https://www.booking.com/hotel/in/radisson-resort-spa-alibaug.html","https://www.agoda.com/radisson-blu-resort-spa-alibaug/hotel/alibaug-in.html","https://pix8.agoda.net/hotelImages/4904006/-1/88835849cbca6b6ea17ebcbda51e44ef.jpg","Agoda CDN","YES","Deep Soaking Bathtub","4.7","620","READY FOR REVIEW",""
"India","Alleppey","https://www.hotelswithbathtubs.com/india/alleppey","Lake Palace Resort Alleppey","https://www.makemytrip.com/hotels/lake_palace_resort-details-alleppey.html","https://www.booking.com/hotel/in/lake-palace-resort.html","https://www.agoda.com/lake-palace-resort/hotel/alleppey-in.html","https://pix8.agoda.net/hotelImages/105020/-1/3c2a8b9409df8c42bca1c3905cf7e8b9.jpg","Agoda CDN","YES","Sunken Marble Bathtub","4.8","390","READY FOR REVIEW",""
"India","Alleppey","https://www.hotelswithbathtubs.com/india/alleppey","Punnamada Resort","https://www.makemytrip.com/hotels/punnamada_resort-details-alleppey.html","https://www.booking.com/hotel/in/punnamada-resort.html","https://www.agoda.com/punnamada-resort/hotel/alleppey-in.html","https://pix8.agoda.net/hotelImages/15984/-1/107f9c8901be9b16ea9825b7b2512a23.jpg","Agoda CDN","YES","Open-Air Stone Bathtub","4.6","240","READY FOR REVIEW",""
"India","Alleppey","https://www.hotelswithbathtubs.com/india/alleppey","Ramada by Wyndham Alleppey","https://www.makemytrip.com/hotels/ramada_alleppey-details-alleppey.html","https://www.booking.com/hotel/in/ramada-alleppey.html","https://www.agoda.com/ramada-by-wyndham-alleppey/hotel/alleppey-in.html","https://pix8.agoda.net/hotelImages/180630/-1/b6d6553835697d2ec6c0b388b1f5e85f.jpg","Agoda CDN","YES","Private Whirlpool Bathtub","4.6","350","READY FOR REVIEW",""
"India","Alleppey","https://www.hotelswithbathtubs.com/india/alleppey","Uday Backwater Resort","https://www.makemytrip.com/hotels/uday_backwater_resort-details-alleppey.html","https://www.booking.com/hotel/in/uday-backwater-resort.html","https://www.agoda.com/uday-backwater-resort/hotel/alleppey-in.html","https://pix8.agoda.net/hotelImages/11674/-1/2156eb10f3c5ea64e1cba570bc6c06bf.jpg","Agoda CDN","YES","Oversized Soaking Tub","4.5","190","READY FOR REVIEW",""
"India","Alleppey","https://www.hotelswithbathtubs.com/india/alleppey","Vasundhara Sarovar Premiere","https://www.makemytrip.com/hotels/vasundhara_sarovar_premiere-details-alleppey.html","https://www.booking.com/hotel/in/vasundhara-sarovar-premiere.html","https://www.agoda.com/vasundhara-sarovar-premiere/hotel/alleppey-in.html","https://pix8.agoda.net/hotelImages/1162463/-1/b6d6553835697d2ec6c0b388b1f5e85f.jpg","Agoda CDN","YES","Freestanding Soaking Tub","4.7","290","READY FOR REVIEW",""
"India","Amritsar","https://www.hotelswithbathtubs.com/india/amritsar","Cape House","https://www.makemytrip.com/hotels/cape_house-details-amritsar.html","https://www.booking.com/hotel/in/cape-house.html","https://www.agoda.com/cape-house/hotel/amritsar-in.html","/assets/cape-house-amritsar-with-bathtub-ib-room.webp","Verified Blob Storage","YES","Bathtub / Jacuzzi Suite","4.8","100+","READY FOR REVIEW",""
"India","Amritsar","https://www.hotelswithbathtubs.com/india/amritsar","Courtyard By Marriott","https://www.makemytrip.com/hotels/courtyard_by_marriott-details-amritsar.html","https://www.booking.com/hotel/in/courtyard-by-marriott.html","https://www.agoda.com/courtyard-by-marriott/hotel/amritsar-in.html","/assets/courtyard-by-marriott-amritsar-with-bathtub.webp","Verified Blob Storage","YES","Bathtub / Jacuzzi Suite","4.8","100+","READY FOR REVIEW",""
"India","Amritsar","https://www.hotelswithbathtubs.com/india/amritsar","Fortune Ranjit Vihar Member Itcs Hotel Group","https://www.makemytrip.com/hotels/fortune_ranjit_vihar_member_itcs_hotel_group-details-amritsar.html","https://www.booking.com/hotel/in/fortune-ranjit-vihar-member-itcs-hotel-group.html","https://www.agoda.com/fortune-ranjit-vihar-member-itcs-hotel-group/hotel/amritsar-in.html","/assets/fortune-ranjit-vihar-amritsar-member-itcs-hotel-group-with-spabath.webp","Verified Blob Storage","YES","Bathtub / Jacuzzi Suite","4.8","100+","READY FOR REVIEW",""
"India","Amritsar","https://www.hotelswithbathtubs.com/india/amritsar","Ganesha Palace","https://www.makemytrip.com/hotels/ganesha_palace-details-amritsar.html","https://www.booking.com/hotel/in/ganesha-palace.html","https://www.agoda.com/ganesha-palace/hotel/amritsar-in.html","/assets/ganesha-palace-amritsar-with-jacuzzi.webp","Verified Blob Storage","YES","Bathtub / Jacuzzi Suite","4.8","100+","READY FOR REVIEW",""
"India","Amritsar","https://www.hotelswithbathtubs.com/india/amritsar","Golden Premier","https://www.makemytrip.com/hotels/golden_premier-details-amritsar.html","https://www.booking.com/hotel/in/golden-premier.html","https://www.agoda.com/golden-premier/hotel/amritsar-in.html","/assets/golden-premier-amritsar-with-bathtub-in-room.webp","Verified Blob Storage","YES","Bathtub / Jacuzzi Suite","4.8","100+","READY FOR REVIEW",""
"India","Amritsar","https://www.hotelswithbathtubs.com/india/amritsar","Holiday Inn Ranjit Avenue An Ihg Hotel","https://www.makemytrip.com/hotels/holiday_inn_ranjit_avenue_an_ihg_hotel-details-amritsar.html","https://www.booking.com/hotel/in/holiday-inn-ranjit-avenue-an-ihg-hotel.html","https://www.agoda.com/holiday-inn-ranjit-avenue-an-ihg-hotel/hotel/amritsar-in.html","/assets/bathtub-room-holiday-inn-amritsar-ranjit-avenue-an-ihg-hotel.webp","Verified Blob Storage","YES","Bathtub / Jacuzzi Suite","4.8","100+","READY FOR REVIEW",""
"India","Amritsar","https://www.hotelswithbathtubs.com/india/amritsar","Holiday Inn Ranjit Avenue Ihg Hotel","https://www.makemytrip.com/hotels/holiday_inn_ranjit_avenue_ihg_hotel-details-amritsar.html","https://www.booking.com/hotel/in/holiday-inn-ranjit-avenue-ihg-hotel.html","https://www.agoda.com/holiday-inn-ranjit-avenue-ihg-hotel/hotel/amritsar-in.html","/assets/holiday-inn-amritsar-ranjit-avenue-ihg-hotel-with-bathtub-in-room.webp","Verified Blob Storage","YES","Bathtub / Jacuzzi Suite","4.8","100+","READY FOR REVIEW",""
"India","Amritsar","https://www.hotelswithbathtubs.com/india/amritsar","Hotel Blusalzz Residence","https://www.makemytrip.com/hotels/hotel_blusalzz_residence-details-amritsar.html","https://www.booking.com/hotel/in/hotel-blusalzz-residence.html","https://www.agoda.com/hotel-blusalzz-residence/hotel/amritsar-in.html","/assets/bathtub-hotel-blusalzz-residence-amritsar.webp","Verified Blob Storage","YES","Bathtub / Jacuzzi Suite","4.8","100+","READY FOR REVIEW",""
"India","Amritsar","https://www.hotelswithbathtubs.com/india/amritsar","Hotel Cape House","https://www.makemytrip.com/hotels/hotel_cape_house-details-amritsar.html","https://www.booking.com/hotel/in/hotel-cape-house.html","https://www.agoda.com/hotel-cape-house/hotel/amritsar-in.html","/assets/bathtub-hotel-cape-house-amritsar.webp","Verified Blob Storage","YES","Bathtub / Jacuzzi Suite","4.8","100+","READY FOR REVIEW",""
"India","Amritsar","https://www.hotelswithbathtubs.com/india/amritsar","Hotel Le Meridien","https://www.makemytrip.com/hotels/hotel_le_meridien-details-amritsar.html","https://www.booking.com/hotel/in/hotel-le-meridien.html","https://www.agoda.com/hotel-le-meridien/hotel/amritsar-in.html","/assets/hotel-le-meridien-amritsar-with-bathtub-in-room.webp","Verified Blob Storage","YES","Bathtub / Jacuzzi Suite","4.8","100+","READY FOR REVIEW",""
"India","Amritsar","https://www.hotelswithbathtubs.com/india/amritsar","Hotel Levelup Signature","https://www.makemytrip.com/hotels/hotel_levelup_signature-details-amritsar.html","https://www.booking.com/hotel/in/hotel-levelup-signature.html","https://www.agoda.com/hotel-levelup-signature/hotel/amritsar-in.html","/assets/hotel-levelup-signature-amritsar-with-bathtub.webp","Verified Blob Storage","YES","Bathtub / Jacuzzi Suite","4.8","100+","READY FOR REVIEW",""
"India","Amritsar","https://www.hotelswithbathtubs.com/india/amritsar","Hotel Ranjits Svaasa","https://www.makemytrip.com/hotels/hotel_ranjits_svaasa-details-amritsar.html","https://www.booking.com/hotel/in/hotel-ranjits-svaasa.html","https://www.agoda.com/hotel-ranjits-svaasa/hotel/amritsar-in.html","/assets/bathtub-hotel-ranjits-svaasa-amritsar.webp","Verified Blob Storage","YES","Bathtub / Jacuzzi Suite","4.8","100+","READY FOR REVIEW",""
"India","Amritsar","https://www.hotelswithbathtubs.com/india/amritsar","Hotel Room Taj Swarna","https://www.makemytrip.com/hotels/hotel_room_taj_swarna-details-amritsar.html","https://www.booking.com/hotel/in/hotel-room-taj-swarna.html","https://www.agoda.com/hotel-room-taj-swarna/hotel/amritsar-in.html","/assets/bathtub-hotel-room-taj-swarna-amritsar.webp","Verified Blob Storage","YES","Bathtub / Jacuzzi Suite","4.8","100+","READY FOR REVIEW",""
"India","Amritsar","https://www.hotelswithbathtubs.com/india/amritsar","Hotel Suite Best Western Plus","https://www.makemytrip.com/hotels/hotel_suite_best_western_plus-details-amritsar.html","https://www.booking.com/hotel/in/hotel-suite-best-western-plus.html","https://www.agoda.com/hotel-suite-best-western-plus/hotel/amritsar-in.html","/assets/jacuzzi-hotel-suite-best-western-plus-amritsar.webp","Verified Blob Storage","YES","Bathtub / Jacuzzi Suite","4.8","100+","READY FOR REVIEW",""
"India","Amritsar","https://www.hotelswithbathtubs.com/india/amritsar","Le Meridien","https://www.makemytrip.com/hotels/le_meridien-details-amritsar.html","https://www.booking.com/hotel/in/le-meridien.html","https://www.agoda.com/le-meridien/hotel/amritsar-in.html","/assets/bathtub-room-le-meridien-amritsar.webp","Verified Blob Storage","YES","Bathtub / Jacuzzi Suite","4.8","100+","READY FOR REVIEW",""
"India","Amritsar","https://www.hotelswithbathtubs.com/india/amritsar","Ramada By Wyndham","https://www.makemytrip.com/hotels/ramada_by_wyndham-details-amritsar.html","https://www.booking.com/hotel/in/ramada-by-wyndham.html","https://www.agoda.com/ramada-by-wyndham/hotel/amritsar-in.html","/assets/romantic-hotel-ramada-by-wyndham-amritsar-with-bathtub-in-room.webp","Verified Blob Storage","YES","Bathtub / Jacuzzi Suite","4.8","100+","READY FOR REVIEW",""
"India","Amritsar","https://www.hotelswithbathtubs.com/india/amritsar","Spa Taj Swarna","https://www.makemytrip.com/hotels/spa_taj_swarna-details-amritsar.html","https://www.booking.com/hotel/in/spa-taj-swarna.html","https://www.agoda.com/spa-taj-swarna/hotel/amritsar-in.html","/assets/jacuzzi-spa-taj-swarna-amritsar.webp","Verified Blob Storage","YES","Bathtub / Jacuzzi Suite","4.8","100+","READY FOR REVIEW",""
"India","Amritsar","https://www.hotelswithbathtubs.com/india/amritsar","Suite Fortune Ranjit Vihar Member Itcs Hotel Group","https://www.makemytrip.com/hotels/suite_fortune_ranjit_vihar_member_itcs_hotel_group-details-amritsar.html","https://www.booking.com/hotel/in/suite-fortune-ranjit-vihar-member-itcs-hotel-group.html","https://www.agoda.com/suite-fortune-ranjit-vihar-member-itcs-hotel-group/hotel/amritsar-in.html","/assets/jacuzzi-suite-fortune-ranjit-vihar-amritsar-member-itcs-hotel-group.webp","Verified Blob Storage","YES","Bathtub / Jacuzzi Suite","4.8","100+","READY FOR REVIEW",""
"India","Amritsar","https://www.hotelswithbathtubs.com/india/amritsar","The Pribson Hotel","https://www.makemytrip.com/hotels/the_pribson_hotel-details-amritsar.html","https://www.booking.com/hotel/in/the-pribson-hotel.html","https://www.agoda.com/the-pribson-hotel/hotel/amritsar-in.html","/assets/bathtub-room-the-pribson-hotel-amritsar.webp","Verified Blob Storage","YES","Bathtub / Jacuzzi Suite","4.8","100+","READY FOR REVIEW",""
"India","Bangalore","https://www.hotelswithbathtubs.com/india/bangalore","Bathtub Jw Marriott Hotel","https://www.makemytrip.com/hotels/bathtub_jw_marriott_hotel-details-bangalore.html","https://www.booking.com/hotel/in/bathtub-jw-marriott-hotel.html","https://www.agoda.com/bathtub-jw-marriott-hotel/hotel/bangalore-in.html","/assets/room-bathtub-jw-marriott-hotel-bengaluru-bangalore.webp","Verified Blob Storage","YES","Bathtub / Jacuzzi Suite","4.8","100+","READY FOR REVIEW",""
"India","Bangalore","https://www.hotelswithbathtubs.com/india/bangalore","Four Seasons Hotel At Embassy One","https://www.makemytrip.com/hotels/four_seasons_hotel_at_embassy_one-details-bangalore.html","https://www.booking.com/hotel/in/four-seasons-hotel-at-embassy-one.html","https://www.agoda.com/four-seasons-hotel-at-embassy-one/hotel/bangalore-in.html","/assets/bathtub-four-seasons-hotel-bengaluru-at-embassy-one-bangalore.webp","Verified Blob Storage","YES","Bathtub / Jacuzzi Suite","4.8","100+","READY FOR REVIEW",""
"India","Bangalore","https://www.hotelswithbathtubs.com/india/bangalore","Hotel La Marvella","https://www.makemytrip.com/hotels/hotel_la_marvella-details-bangalore.html","https://www.booking.com/hotel/in/hotel-la-marvella.html","https://www.agoda.com/hotel-la-marvella/hotel/bangalore-in.html","/assets/bathtub-hotel-la-marvella-bengaluru-bangalore.webp","Verified Blob Storage","YES","Bathtub / Jacuzzi Suite","4.8","100+","READY FOR REVIEW",""
"India","Bangalore","https://www.hotelswithbathtubs.com/india/bangalore","Hotel Luho 41 Penthouse","https://www.makemytrip.com/hotels/hotel_luho_41_penthouse-details-koramangala.html","https://www.booking.com/hotel/in/hotel-luho-41-penthouse.html","https://www.agoda.com/hotel-luho-41-penthouse/hotel/koramangala-in.html","/assets/bathtub-hotel-koramangala-luho-41-penthouse.webp","Verified Blob Storage","YES","Bathtub / Jacuzzi Suite","4.8","100+","READY FOR REVIEW",""
"India","Bangalore","https://www.hotelswithbathtubs.com/india/bangalore","Hotel Oakwood Premier Prestige","https://www.makemytrip.com/hotels/hotel_oakwood_premier_prestige-details-bangalore.html","https://www.booking.com/hotel/in/hotel-oakwood-premier-prestige.html","https://www.agoda.com/hotel-oakwood-premier-prestige/hotel/bangalore-in.html","/assets/bathtub-hotel-oakwood-premier-prestige-bangalore.webp","Verified Blob Storage","YES","Bathtub / Jacuzzi Suite","4.8","100+","READY FOR REVIEW",""
"India","Bangalore","https://www.hotelswithbathtubs.com/india/bangalore","Hotel Room Luho 41 Penthouse","https://www.makemytrip.com/hotels/hotel_room_luho_41_penthouse-details-koramangala.html","https://www.booking.com/hotel/in/hotel-room-luho-41-penthouse.html","https://www.agoda.com/hotel-room-luho-41-penthouse/hotel/koramangala-in.html","/assets/bathtub-hotel-room-luho-41-penthouse-koramangala.webp","Verified Blob Storage","YES","Bathtub / Jacuzzi Suite","4.8","100+","READY FOR REVIEW",""
"India","Bangalore","https://www.hotelswithbathtubs.com/india/bangalore","Hotel Seasons Suites","https://www.makemytrip.com/hotels/hotel_seasons_suites-details-koramangala.html","https://www.booking.com/hotel/in/hotel-seasons-suites.html","https://www.agoda.com/hotel-seasons-suites/hotel/koramangala-in.html","/assets/bathtub-hotel-seasons-suites-koramangala.webp","Verified Blob Storage","YES","Bathtub / Jacuzzi Suite","4.8","100+","READY FOR REVIEW",""
"India","Bangalore","https://www.hotelswithbathtubs.com/india/bangalore","Hotel The Lalit Ashok","https://www.makemytrip.com/hotels/hotel_the_lalit_ashok-details-bangalore.html","https://www.booking.com/hotel/in/hotel-the-lalit-ashok.html","https://www.agoda.com/hotel-the-lalit-ashok/hotel/bangalore-in.html","/assets/jacuzzi-hotel-the-lalit-ashok-bangalore.webp","Verified Blob Storage","YES","Bathtub / Jacuzzi Suite","4.8","100+","READY FOR REVIEW",""
"India","Bangalore","https://www.hotelswithbathtubs.com/india/bangalore","Hotel The Oberoi","https://www.makemytrip.com/hotels/hotel_the_oberoi-details-bangalore.html","https://www.booking.com/hotel/in/hotel-the-oberoi.html","https://www.agoda.com/hotel-the-oberoi/hotel/bangalore-in.html","/assets/bathtub-hotel-the-oberoi-bengaluru-bangalore.webp","Verified Blob Storage","YES","Bathtub / Jacuzzi Suite","4.8","100+","READY FOR REVIEW",""
"India","Bangalore","https://www.hotelswithbathtubs.com/india/bangalore","Jw Marriott Hotel","https://www.makemytrip.com/hotels/jw_marriott_hotel-details-bangalore.html","https://www.booking.com/hotel/in/jw-marriott-hotel.html","https://www.agoda.com/jw-marriott-hotel/hotel/bangalore-in.html","/assets/bathtub-jw-marriott-hotel-bengaluru-bangalore.webp","Verified Blob Storage","YES","Bathtub / Jacuzzi Suite","4.8","100+","READY FOR REVIEW",""
"India","Bangalore","https://www.hotelswithbathtubs.com/india/bangalore","Luho 187","https://www.makemytrip.com/hotels/luho_187-details-koramangala.html","https://www.booking.com/hotel/in/luho-187.html","https://www.agoda.com/luho-187/hotel/koramangala-in.html","/assets/luho-187-koramangala-with-bathtub-in-room.webp","Verified Blob Storage","YES","Bathtub / Jacuzzi Suite","4.8","100+","READY FOR REVIEW",""
"India","Bangalore","https://www.hotelswithbathtubs.com/india/bangalore","Luho 41 Penthouse","https://www.makemytrip.com/hotels/luho_41_penthouse-details-koramangala.html","https://www.booking.com/hotel/in/luho-41-penthouse.html","https://www.agoda.com/luho-41-penthouse/hotel/koramangala-in.html","/assets/luho-41-penthouse-koramangala-with-bath-tub-in-room.webp","Verified Blob Storage","YES","Bathtub / Jacuzzi Suite","4.8","100+","READY FOR REVIEW",""
"India","Bangalore","https://www.hotelswithbathtubs.com/india/bangalore","Seasons Suites","https://www.makemytrip.com/hotels/seasons_suites-details-koramangala.html","https://www.booking.com/hotel/in/seasons-suites.html","https://www.agoda.com/seasons-suites/hotel/koramangala-in.html","/assets/bath-tub-seasons-suites-koramangala.webp","Verified Blob Storage","YES","Bathtub / Jacuzzi Suite","4.8","100+","READY FOR REVIEW",""
"India","Bangalore","https://www.hotelswithbathtubs.com/india/bangalore","Springs Hotels And Spa","https://www.makemytrip.com/hotels/springs_hotels_and_spa-details-bangalore.html","https://www.booking.com/hotel/in/springs-hotels-and-spa.html","https://www.agoda.com/springs-hotels-and-spa/hotel/bangalore-in.html","/assets/bathtub-springs-hotels-and-spa-bangalore.webp","Verified Blob Storage","YES","Bathtub / Jacuzzi Suite","4.8","100+","READY FOR REVIEW",""
"India","Bangalore","https://www.hotelswithbathtubs.com/india/bangalore","Women Four Seasons Hotel At Embassy One","https://www.makemytrip.com/hotels/women_four_seasons_hotel_at_embassy_one-details-bangalore.html","https://www.booking.com/hotel/in/women-four-seasons-hotel-at-embassy-one.html","https://www.agoda.com/women-four-seasons-hotel-at-embassy-one/hotel/bangalore-in.html","/assets/bathtub-women-four-seasons-hotel-bengaluru-at-embassy-one-bangalore.webp","Verified Blob Storage","YES","Bathtub / Jacuzzi Suite","4.8","100+","READY FOR REVIEW",""
"India","Bhopal","https://www.hotelswithbathtubs.com/india/bhopal","Courtyard By Marriott","https://www.makemytrip.com/hotels/courtyard_by_marriott-details-bhopal.html","https://www.booking.com/hotel/in/courtyard-by-marriott.html","https://www.agoda.com/courtyard-by-marriott/hotel/bhopal-in.html","/assets/courtyard-by-marriott-bhopal-with-bathtub-in-room.webp","Verified Blob Storage","YES","Bathtub / Jacuzzi Suite","4.8","100+","READY FOR REVIEW",""
"India","Bhopal","https://www.hotelswithbathtubs.com/india/bhopal","Courtyard By Marriott Hottub","https://www.makemytrip.com/hotels/courtyard_by_marriott_hottub-details-bhopal.html","https://www.booking.com/hotel/in/courtyard-by-marriott-hottub.html","https://www.agoda.com/courtyard-by-marriott-hottub/hotel/bhopal-in.html","/assets/courtyard-by-marriott-bhopal-hottub.webp","Verified Blob Storage","YES","Bathtub / Jacuzzi Suite","4.8","100+","READY FOR REVIEW",""
"India","Bhopal","https://www.hotelswithbathtubs.com/india/bhopal","Courtyard By Marriott With Bath","https://www.makemytrip.com/hotels/courtyard_by_marriott_with_bath-details-bhopal.html","https://www.booking.com/hotel/in/courtyard-by-marriott-with-bath.html","https://www.agoda.com/courtyard-by-marriott-with-bath/hotel/bhopal-in.html","/assets/courtyard-by-marriott-bhopal-with-bath.webp","Verified Blob Storage","YES","Bathtub / Jacuzzi Suite","4.8","100+","READY FOR REVIEW",""
"India","Bhopal","https://www.hotelswithbathtubs.com/india/bhopal","Ganpati Hotel","https://www.makemytrip.com/hotels/ganpati_hotel-details-bhopal.html","https://www.booking.com/hotel/in/ganpati-hotel.html","https://www.agoda.com/ganpati-hotel/hotel/bhopal-in.html","/assets/ganpati-hotel-bhopal-with-bathtub.webp","Verified Blob Storage","YES","Bathtub / Jacuzzi Suite","4.8","100+","READY FOR REVIEW",""
"India","Bhopal","https://www.hotelswithbathtubs.com/india/bhopal","Giovanni Village Resort","https://www.makemytrip.com/hotels/giovanni_village_resort-details-bhopal.html","https://www.booking.com/hotel/in/giovanni-village-resort.html","https://www.agoda.com/giovanni-village-resort/hotel/bhopal-in.html","/assets/bathtub-room-giovanni-village-resort-bhopal.webp","Verified Blob Storage","YES","Bathtub / Jacuzzi Suite","4.8","100+","READY FOR REVIEW",""
"India","Bhopal","https://www.hotelswithbathtubs.com/india/bhopal","Hotel Caesars Palace","https://www.makemytrip.com/hotels/hotel_caesars_palace-details-bhopal.html","https://www.booking.com/hotel/in/hotel-caesars-palace.html","https://www.agoda.com/hotel-caesars-palace/hotel/bhopal-in.html","/assets/hotel-caesars-palace-bhopal-with-hottub-in-room.webp","Verified Blob Storage","YES","Bathtub / Jacuzzi Suite","4.8","100+","READY FOR REVIEW",""
"India","Bhopal","https://www.hotelswithbathtubs.com/india/bhopal","Hotel Room Courtyard By Marriott","https://www.makemytrip.com/hotels/hotel_room_courtyard_by_marriott-details-bhopal.html","https://www.booking.com/hotel/in/hotel-room-courtyard-by-marriott.html","https://www.agoda.com/hotel-room-courtyard-by-marriott/hotel/bhopal-in.html","/assets/bathtub-hotel-room-courtyard-by-marriott-bhopal.webp","Verified Blob Storage","YES","Bathtub / Jacuzzi Suite","4.8","100+","READY FOR REVIEW",""
"India","Bhopal","https://www.hotelswithbathtubs.com/india/bhopal","Hotel Room Radisson","https://www.makemytrip.com/hotels/hotel_room_radisson-details-bhopal.html","https://www.booking.com/hotel/in/hotel-room-radisson.html","https://www.agoda.com/hotel-room-radisson/hotel/bhopal-in.html","/assets/bathtub-hotel-room-radisson-bhopal.webp","Verified Blob Storage","YES","Bathtub / Jacuzzi Suite","4.8","100+","READY FOR REVIEW",""
"India","Bhopal","https://www.hotelswithbathtubs.com/india/bhopal","Hotel Room Taj Lakefront","https://www.makemytrip.com/hotels/hotel_room_taj_lakefront-details-bhopal.html","https://www.booking.com/hotel/in/hotel-room-taj-lakefront.html","https://www.agoda.com/hotel-room-taj-lakefront/hotel/bhopal-in.html","/assets/hotel-room-taj-lakefront-bhopal-with-bathtub-lake-view.webp","Verified Blob Storage","YES","Bathtub / Jacuzzi Suite","4.8","100+","READY FOR REVIEW",""
"India","Bhopal","https://www.hotelswithbathtubs.com/india/bhopal","Hotel Sapphire Blue","https://www.makemytrip.com/hotels/hotel_sapphire_blue-details-bhopal.html","https://www.booking.com/hotel/in/hotel-sapphire-blue.html","https://www.agoda.com/hotel-sapphire-blue/hotel/bhopal-in.html","/assets/hotel-sapphire-blue-bhopal-with-jacuzzi-in-room.webp","Verified Blob Storage","YES","Bathtub / Jacuzzi Suite","4.8","100+","READY FOR REVIEW",""
"India","Bhopal","https://www.hotelswithbathtubs.com/india/bhopal","Hotel Taj Lakefront","https://www.makemytrip.com/hotels/hotel_taj_lakefront-details-bhopal.html","https://www.booking.com/hotel/in/hotel-taj-lakefront.html","https://www.agoda.com/hotel-taj-lakefront/hotel/bhopal-in.html","/assets/bathtub-hotel-taj-lakefront-bhopal.webp","Verified Blob Storage","YES","Bathtub / Jacuzzi Suite","4.8","100+","READY FOR REVIEW",""
"India","Bhopal","https://www.hotelswithbathtubs.com/india/bhopal","Private Pool Room Giovanni Village Resort","https://www.makemytrip.com/hotels/private_pool_room_giovanni_village_resort-details-bhopal.html","https://www.booking.com/hotel/in/private-pool-room-giovanni-village-resort.html","https://www.agoda.com/private-pool-room-giovanni-village-resort/hotel/bhopal-in.html","/assets/private-pool-room-giovanni-village-resort-bhopal.webp","Verified Blob Storage","YES","Bathtub / Jacuzzi Suite","4.8","100+","READY FOR REVIEW",""
"India","Bhopal","https://www.hotelswithbathtubs.com/india/bhopal","Radisson","https://www.makemytrip.com/hotels/radisson-details-bhopal.html","https://www.booking.com/hotel/in/radisson.html","https://www.agoda.com/radisson/hotel/bhopal-in.html","/assets/radisson-bhopal-with-bathtub-in-room.webp","Verified Blob Storage","YES","Bathtub / Jacuzzi Suite","4.8","100+","READY FOR REVIEW",""
"India","Bhopal","https://www.hotelswithbathtubs.com/india/bhopal","Radisson Bathtub In Room","https://www.makemytrip.com/hotels/radisson_bathtub_in_room-details-bhopal.html","https://www.booking.com/hotel/in/radisson-bathtub-in-room.html","https://www.agoda.com/radisson-bathtub-in-room/hotel/bhopal-in.html","/assets/radisson-bhopal-bathtub-in-room.webp","Verified Blob Storage","YES","Bathtub / Jacuzzi Suite","4.8","100+","READY FOR REVIEW",""
"India","Chandigarh","https://www.hotelswithbathtubs.com/india/chandigarh","Holiday Inn Panchkula An Ihg Hotel","https://www.makemytrip.com/hotels/holiday_inn_panchkula_an_ihg_hotel-details-chandigarh.html","https://www.booking.com/hotel/in/holiday-inn-panchkula-an-ihg-hotel.html","https://www.agoda.com/holiday-inn-panchkula-an-ihg-hotel/hotel/chandigarh-in.html","/assets/holiday-inn-chandigarh-panchkula-an-ihg-hotel-with-romantic-bathtub.webp","Verified Blob Storage","YES","Bathtub / Jacuzzi Suite","4.8","100+","READY FOR REVIEW",""
"India","Chandigarh","https://www.hotelswithbathtubs.com/india/chandigarh","Hotel Hyatt Regency","https://www.makemytrip.com/hotels/hotel_hyatt_regency-details-chandigarh.html","https://www.booking.com/hotel/in/hotel-hyatt-regency.html","https://www.agoda.com/hotel-hyatt-regency/hotel/chandigarh-in.html","/assets/bathtub-hotel-hyatt-regency-chandigarh.webp","Verified Blob Storage","YES","Bathtub / Jacuzzi Suite","4.8","100+","READY FOR REVIEW",""
"India","Chandigarh","https://www.hotelswithbathtubs.com/india/chandigarh","Hotel Lords Inn","https://www.makemytrip.com/hotels/hotel_lords_inn-details-chandigarh.html","https://www.booking.com/hotel/in/hotel-lords-inn.html","https://www.agoda.com/hotel-lords-inn/hotel/chandigarh-in.html","/assets/hotel-lords-inn-chandigarh-zirakpur-with-romantic-bathtub-in-room.webp","Verified Blob Storage","YES","Bathtub / Jacuzzi Suite","4.8","100+","READY FOR REVIEW",""
"India","Chandigarh","https://www.hotelswithbathtubs.com/india/chandigarh","Hotel The Lalit","https://www.makemytrip.com/hotels/hotel_the_lalit-details-chandigarh.html","https://www.booking.com/hotel/in/hotel-the-lalit.html","https://www.agoda.com/hotel-the-lalit/hotel/chandigarh-in.html","/assets/bathtub-hotel-the-lalit-chandigarh.webp","Verified Blob Storage","YES","Bathtub / Jacuzzi Suite","4.8","100+","READY FOR REVIEW",""
"India","Chandigarh","https://www.hotelswithbathtubs.com/india/chandigarh","Hotel The Regent Regency Rediscovered","https://www.makemytrip.com/hotels/hotel_the_regent_regency_rediscovered-details-chandigarh.html","https://www.booking.com/hotel/in/hotel-the-regent-regency-rediscovered.html","https://www.agoda.com/hotel-the-regent-regency-rediscovered/hotel/chandigarh-in.html","/assets/bathtub-hotel-the-regent-chandigarh-regency-rediscovered.webp","Verified Blob Storage","YES","Bathtub / Jacuzzi Suite","4.8","100+","READY FOR REVIEW",""
"India","Chandigarh","https://www.hotelswithbathtubs.com/india/chandigarh","Hotel Wyndham Mohali","https://www.makemytrip.com/hotels/hotel_wyndham_mohali-details-chandigarh.html","https://www.booking.com/hotel/in/hotel-wyndham-mohali.html","https://www.agoda.com/hotel-wyndham-mohali/hotel/chandigarh-in.html","/assets/bathtub-hotel-wyndham-chandigarh-mohali.webp","Verified Blob Storage","YES","Bathtub / Jacuzzi Suite","4.8","100+","READY FOR REVIEW",""
"India","Chandigarh","https://www.hotelswithbathtubs.com/india/chandigarh","Hyatt Centric Sector17 Hotel","https://www.makemytrip.com/hotels/hyatt_centric_sector17_hotel-details-chandigarh.html","https://www.booking.com/hotel/in/hyatt-centric-sector17-hotel.html","https://www.agoda.com/hyatt-centric-sector17-hotel/hotel/chandigarh-in.html","/assets/hyatt-centric-sector17-chandigarh-hotel-with-bathtub.webp","Verified Blob Storage","YES","Bathtub / Jacuzzi Suite","4.8","100+","READY FOR REVIEW",""
"India","Chandigarh","https://www.hotelswithbathtubs.com/india/chandigarh","Hyatt Regency","https://www.makemytrip.com/hotels/hyatt_regency-details-chandigarh.html","https://www.booking.com/hotel/in/hyatt-regency.html","https://www.agoda.com/hyatt-regency/hotel/chandigarh-in.html","/assets/bathtub-room-hyatt-regency-chandigarh.webp","Verified Blob Storage","YES","Bathtub / Jacuzzi Suite","4.8","100+","READY FOR REVIEW",""
"India","Chandigarh","https://www.hotelswithbathtubs.com/india/chandigarh","Hyatt Regency Hotel","https://www.makemytrip.com/hotels/hyatt_regency_hotel-details-chandigarh.html","https://www.booking.com/hotel/in/hyatt-regency-hotel.html","https://www.agoda.com/hyatt-regency-hotel/hotel/chandigarh-in.html","/assets/hyatt-regency-chandigarh-hotel-with-bathtub.webp","Verified Blob Storage","YES","Bathtub / Jacuzzi Suite","4.8","100+","READY FOR REVIEW",""
"India","Chandigarh","https://www.hotelswithbathtubs.com/india/chandigarh","Jw Marriott Hotel","https://www.makemytrip.com/hotels/jw_marriott_hotel-details-chandigarh.html","https://www.booking.com/hotel/in/jw-marriott-hotel.html","https://www.agoda.com/jw-marriott-hotel/hotel/chandigarh-in.html","/assets/bathtub-room-jw-marriott-hotel-chandigarh.webp","Verified Blob Storage","YES","Bathtub / Jacuzzi Suite","4.8","100+","READY FOR REVIEW",""
"India","Chandigarh","https://www.hotelswithbathtubs.com/india/chandigarh","Lords Inn","https://www.makemytrip.com/hotels/lords_inn-details-chandigarh.html","https://www.booking.com/hotel/in/lords-inn.html","https://www.agoda.com/lords-inn/hotel/chandigarh-in.html","/assets/bathtub-room-lords-inn-chandigarh-zirakpur.webp","Verified Blob Storage","YES","Bathtub / Jacuzzi Suite","4.8","100+","READY FOR REVIEW",""
"India","Chandigarh","https://www.hotelswithbathtubs.com/india/chandigarh","Park Plaza Hotel","https://www.makemytrip.com/hotels/park_plaza_hotel-details-chandigarh.html","https://www.booking.com/hotel/in/park-plaza-hotel.html","https://www.agoda.com/park-plaza-hotel/hotel/chandigarh-in.html","/assets/park-plaza-chandigarh-zirakpur-hotel-with-romantic-bathtub.webp","Verified Blob Storage","YES","Bathtub / Jacuzzi Suite","4.8","100+","READY FOR REVIEW",""
"India","Chandigarh","https://www.hotelswithbathtubs.com/india/chandigarh","Radisson Hotel Room","https://www.makemytrip.com/hotels/radisson_hotel_room-details-chandigarh.html","https://www.booking.com/hotel/in/radisson-hotel-room.html","https://www.agoda.com/radisson-hotel-room/hotel/chandigarh-in.html","/assets/radisson-chandigarh-zirakpur-hotel-room-with-hot-tub.webp","Verified Blob Storage","YES","Bathtub / Jacuzzi Suite","4.8","100+","READY FOR REVIEW",""
"India","Chandigarh","https://www.hotelswithbathtubs.com/india/chandigarh","Radisson Red Mohali","https://www.makemytrip.com/hotels/radisson_red_mohali-details-chandigarh.html","https://www.booking.com/hotel/in/radisson-red-mohali.html","https://www.agoda.com/radisson-red-mohali/hotel/chandigarh-in.html","/assets/radisson-red-chandigarh-mohali-with-bathtub-in-room.webp","Verified Blob Storage","YES","Bathtub / Jacuzzi Suite","4.8","100+","READY FOR REVIEW",""
"India","Chandigarh","https://www.hotelswithbathtubs.com/india/chandigarh","The Regent Regency Rediscovered","https://www.makemytrip.com/hotels/the_regent_regency_rediscovered-details-chandigarh.html","https://www.booking.com/hotel/in/the-regent-regency-rediscovered.html","https://www.agoda.com/the-regent-regency-rediscovered/hotel/chandigarh-in.html","/assets/jacuzzi-room-the-regent-chandigarh-regency-rediscovered.webp","Verified Blob Storage","YES","Bathtub / Jacuzzi Suite","4.8","100+","READY FOR REVIEW",""
"India","Chandigarh","https://www.hotelswithbathtubs.com/india/chandigarh","Wyndham Mohali Hotel","https://www.makemytrip.com/hotels/wyndham_mohali_hotel-details-chandigarh.html","https://www.booking.com/hotel/in/wyndham-mohali-hotel.html","https://www.agoda.com/wyndham-mohali-hotel/hotel/chandigarh-in.html","/assets/bathtub-wyndham-chandigarh-mohali-hotel.webp","Verified Blob Storage","YES","Bathtub / Jacuzzi Suite","4.8","100+","READY FOR REVIEW",""
"India","Chikmagalur","https://www.hotelswithbathtubs.com/india/chikmagalur","The Serai Chikmagalur","https://www.makemytrip.com/hotels/the_serai_chikmagalur-details-chikmagalur.html","https://www.booking.com/hotel/in/the-serai-chikmagalur.html","https://www.agoda.com/the-serai-chikmagalur/hotel/chikmagalur-in.html","https://pix8.agoda.net/hotelImages/383637/-1/4a29bb8853b0e11894d038fa465b4c10.jpg","Agoda CDN","YES","Open-Air Plantation Jacuzzi Tub","4.8","490","READY FOR REVIEW",""
"India","Chikmagalur","https://www.hotelswithbathtubs.com/india/chikmagalur","Trivik Hotels & Resorts, Mullayanagiri, Chikmagalur","https://www.makemytrip.com/hotels/trivik_hotels_resorts_chikmagalur-details-chikmagalur.html","https://www.booking.com/hotel/in/trivik-hotels-resorts-chikmagalur.html","https://www.agoda.com/trivik-hotels-resorts-chikmagalur/hotel/chikmagalur-in.html","https://pix8.agoda.net/hotelImages/159840/-1/3c2a8b9409df8c42bca1c3905cf7e8b9.jpg","Agoda CDN","YES","Private Mountain-View Heated Jacuzzi","4.8","420","READY FOR REVIEW",""
"India","Coimbatore","https://www.hotelswithbathtubs.com/india/coimbatore","Gokulam Park","https://www.makemytrip.com/hotels/gokulam_park-details-coimbatore.html","https://www.booking.com/hotel/in/gokulam-park.html","https://www.agoda.com/gokulam-park/hotel/coimbatore-in.html","/assets/gokulam-park-coimbatore-with-bathtub.webp","Verified Blob Storage","YES","Bathtub / Jacuzzi Suite","4.8","100+","READY FOR REVIEW",""
"India","Coimbatore","https://www.hotelswithbathtubs.com/india/coimbatore","Hash Six Hotels","https://www.makemytrip.com/hotels/hash_six_hotels-details-coimbatore.html","https://www.booking.com/hotel/in/hash-six-hotels.html","https://www.agoda.com/hash-six-hotels/hotel/coimbatore-in.html","/assets/hash-six-hotels-coimbatore-with-bathtub.webp","Verified Blob Storage","YES","Bathtub / Jacuzzi Suite","4.8","100+","READY FOR REVIEW",""
"India","Coimbatore","https://www.hotelswithbathtubs.com/india/coimbatore","Hotel Park Elanza","https://www.makemytrip.com/hotels/hotel_park_elanza-details-coimbatore.html","https://www.booking.com/hotel/in/hotel-park-elanza.html","https://www.agoda.com/hotel-park-elanza/hotel/coimbatore-in.html","/assets/hotel-park-elanza-coimbatore-with-hottub.webp","Verified Blob Storage","YES","Bathtub / Jacuzzi Suite","4.8","100+","READY FOR REVIEW",""
"India","Coimbatore","https://www.hotelswithbathtubs.com/india/coimbatore","Hotel Radisson Blu","https://www.makemytrip.com/hotels/hotel_radisson_blu-details-coimbatore.html","https://www.booking.com/hotel/in/hotel-radisson-blu.html","https://www.agoda.com/hotel-radisson-blu/hotel/coimbatore-in.html","https://pix8.agoda.net/hotelImages/109782/-1/1073cb4395a12d8a6b28eb9b29c87ebc.jpg","Agoda CDN","YES","Bathtub / Jacuzzi Suite","4.8","100+","READY FOR REVIEW",""
"India","Coimbatore","https://www.hotelswithbathtubs.com/india/coimbatore","Hotel Vivanta","https://www.makemytrip.com/hotels/hotel_vivanta-details-coimbatore.html","https://www.booking.com/hotel/in/hotel-vivanta.html","https://www.agoda.com/hotel-vivanta/hotel/coimbatore-in.html","/assets/bathtub-hotel-vivanta-coimbatore.webp","Verified Blob Storage","YES","Bathtub / Jacuzzi Suite","4.8","100+","READY FOR REVIEW",""
"India","Coimbatore","https://www.hotelswithbathtubs.com/india/coimbatore","Radisson Blu","https://www.makemytrip.com/hotels/radisson_blu-details-coimbatore.html","https://www.booking.com/hotel/in/radisson-blu.html","https://www.agoda.com/radisson-blu/hotel/coimbatore-in.html","/assets/bathtub-room-radisson-blu-coimbatore.webp","Verified Blob Storage","YES","Bathtub / Jacuzzi Suite","4.8","100+","READY FOR REVIEW",""
"India","Coimbatore","https://www.hotelswithbathtubs.com/india/coimbatore","Romantic Bathtub Gokulam Park","https://www.makemytrip.com/hotels/romantic_bathtub_gokulam_park-details-coimbatore.html","https://www.booking.com/hotel/in/romantic-bathtub-gokulam-park.html","https://www.agoda.com/romantic-bathtub-gokulam-park/hotel/coimbatore-in.html","/assets/romantic-bathtub-gokulam-park-coimbatore.webp","Verified Blob Storage","YES","Bathtub / Jacuzzi Suite","4.8","100+","READY FOR REVIEW",""
"India","Coimbatore","https://www.hotelswithbathtubs.com/india/coimbatore","Sr Jungle Resort","https://www.makemytrip.com/hotels/sr_jungle_resort-details-coimbatore.html","https://www.booking.com/hotel/in/sr-jungle-resort.html","https://www.agoda.com/sr-jungle-resort/hotel/coimbatore-in.html","/assets/sr-jungle-resort-coimbatore-with-romantic-bathtub.webp","Verified Blob Storage","YES","Bathtub / Jacuzzi Suite","4.8","100+","READY FOR REVIEW",""
"India","Coimbatore","https://www.hotelswithbathtubs.com/india/coimbatore","Vivanta","https://www.makemytrip.com/hotels/vivanta-details-coimbatore.html","https://www.booking.com/hotel/in/vivanta.html","https://www.agoda.com/vivanta/hotel/coimbatore-in.html","/assets/romantic-hotel-vivanta-coimbatore-with-bathtub.webp","Verified Blob Storage","YES","Bathtub / Jacuzzi Suite","4.8","100+","READY FOR REVIEW",""
"India","Coorg","https://www.hotelswithbathtubs.com/india/coorg","Evolve Back, Coorg","https://www.makemytrip.com/hotels/evolve_back_coorg-details-coorg.html","https://www.booking.com/hotel/in/orange-county-resorts-spa-coorg.html","https://www.agoda.com/evolve-back-coorg/hotel/coorg-in.html","https://pix8.agoda.net/hotelImages/116740/-1/107f9c8901be9b16ea9825b7b2512a23.jpg","Agoda CDN","YES","Private Soaking Tub & Plunge Pool","4.9","510","READY FOR REVIEW",""
"India","Coorg","https://www.hotelswithbathtubs.com/india/coorg","Heritage Resort Coorg","https://www.makemytrip.com/hotels/heritage_resort_coorg-details-coorg.html","https://www.booking.com/hotel/in/heritage-resort-coorg.html","https://www.agoda.com/heritage-resort-coorg/hotel/coorg-in.html","https://pix8.agoda.net/hotelImages/10543/-1/9483dc46eb74d758f2780e8ca92e4be0.jpg","Agoda CDN","YES","Marble Soaking Tub","4.6","220","READY FOR REVIEW",""
"India","Coorg","https://www.hotelswithbathtubs.com/india/coorg","Taj Madikeri Resort & Spa, Coorg","https://www.makemytrip.com/hotels/taj_madikeri_resort_spa_coorg-details-coorg.html","https://www.booking.com/hotel/in/vivanta-by-taj-madikeri.html","https://www.agoda.com/taj-madikeri-resort-spa-coorg/hotel/coorg-in.html","https://pix8.agoda.net/hotelImages/443729/-1/2156eb10f3c5ea64e1cba570bc6c06bf.jpg","Agoda CDN","YES","Freestanding Deep Soaking Tub","4.8","380","READY FOR REVIEW",""
"India","Coorg","https://www.hotelswithbathtubs.com/india/coorg","The Ibnii - Eco Luxury Resort","https://www.makemytrip.com/hotels/the_ibnii_eco_luxury_resort-details-coorg.html","https://www.booking.com/hotel/in/the-ibnii-spa-resort.html","https://www.agoda.com/the-ibnii-eco-luxury-resort/hotel/coorg-in.html","https://pix8.agoda.net/hotelImages/60074/-1/6c3a5266838848d7950c40683a31c518.jpg","Agoda CDN","YES","Private In-Deck Jacuzzi","4.8","290","READY FOR REVIEW",""
"India","Coorg","https://www.hotelswithbathtubs.com/india/coorg","The Tamara Coorg","https://www.makemytrip.com/hotels/the_tamara_coorg-details-coorg.html","https://www.booking.com/hotel/in/the-tamara-coorg.html","https://www.agoda.com/the-tamara-coorg/hotel/coorg-in.html","https://pix8.agoda.net/hotelImages/383637/-1/4a29bb8853b0e11894d038fa465b4c10.jpg","Agoda CDN","YES","Outdoor Heated Jacuzzi & Soaking Bath","4.9","430","READY FOR REVIEW",""
"India","Daman","https://www.hotelswithbathtubs.com/india/daman","Hotel Silver Resort","https://www.makemytrip.com/hotels/hotel_silver_resort-details-daman.html","https://www.booking.com/hotel/in/hotel-silver-resort.html","https://www.agoda.com/hotel-silver-resort/hotel/daman-in.html","/assets/hotel-silver-resort-daman-with-bathtub.webp","Verified Blob Storage","YES","Bathtub / Jacuzzi Suite","4.8","100+","READY FOR REVIEW",""
"India","Daman","https://www.hotelswithbathtubs.com/india/daman","Room Urbane By Treat","https://www.makemytrip.com/hotels/room_urbane_by_treat-details-daman.html","https://www.booking.com/hotel/in/room-urbane-by-treat.html","https://www.agoda.com/room-urbane-by-treat/hotel/daman-in.html","/assets/romantic-hotel-room-urbane-by-treat-daman-with-bathtub.webp","Verified Blob Storage","YES","Bathtub / Jacuzzi Suite","4.8","100+","READY FOR REVIEW",""
"India","Daman","https://www.hotelswithbathtubs.com/india/daman","Silver Waves Resort Spa","https://www.makemytrip.com/hotels/silver_waves_resort_spa-details-daman.html","https://www.booking.com/hotel/in/silver-waves-resort-spa.html","https://www.agoda.com/silver-waves-resort-spa/hotel/daman-in.html","/assets/bathtub-room-silver-waves-resort-spa-daman.webp","Verified Blob Storage","YES","Bathtub / Jacuzzi Suite","4.8","100+","READY FOR REVIEW",""
"India","Daman","https://www.hotelswithbathtubs.com/india/daman","The Gold Beach Annexe","https://www.makemytrip.com/hotels/the_gold_beach_annexe-details-daman.html","https://www.booking.com/hotel/in/the-gold-beach-annexe.html","https://www.agoda.com/the-gold-beach-annexe/hotel/daman-in.html","/assets/the-gold-beach-annexe-daman-with-bathtub.webp","Verified Blob Storage","YES","Bathtub / Jacuzzi Suite","4.8","100+","READY FOR REVIEW",""
"India","Daman","https://www.hotelswithbathtubs.com/india/daman","The Gold Beach Resort","https://www.makemytrip.com/hotels/the_gold_beach_resort-details-daman.html","https://www.booking.com/hotel/in/the-gold-beach-resort.html","https://www.agoda.com/the-gold-beach-resort/hotel/daman-in.html","/assets/the-gold-beach-resort-daman-with-private-jacuzzi-in-room.webp","Verified Blob Storage","YES","Bathtub / Jacuzzi Suite","4.8","100+","READY FOR REVIEW",""
"India","Darjeeling","https://www.hotelswithbathtubs.com/india/darjeeling","Crescent Resort","https://www.makemytrip.com/hotels/crescent_resort-details-darjeeling.html","https://www.booking.com/hotel/in/crescent-resort.html","https://www.agoda.com/crescent-resort/hotel/darjeeling-in.html","/assets/bathtub-room-crescent-resort-darjeeling.webp","Verified Blob Storage","YES","Bathtub / Jacuzzi Suite","4.8","100+","READY FOR REVIEW",""
"India","Darjeeling","https://www.hotelswithbathtubs.com/india/darjeeling","Taj Chia Kutir Resort Spa","https://www.makemytrip.com/hotels/taj_chia_kutir_resort_spa-details-darjeeling.html","https://www.booking.com/hotel/in/taj-chia-kutir-resort-spa.html","https://www.agoda.com/taj-chia-kutir-resort-spa/hotel/darjeeling-in.html","/assets/bathtub-room-taj-chia-kutir-resort-spa-darjeeling.webp","Verified Blob Storage","YES","Bathtub / Jacuzzi Suite","4.8","100+","READY FOR REVIEW",""
"India","Darjeeling","https://www.hotelswithbathtubs.com/india/darjeeling","The Elgin Heritage Resort Spa","https://www.makemytrip.com/hotels/the_elgin_heritage_resort_spa-details-darjeeling.html","https://www.booking.com/hotel/in/the-elgin-heritage-resort-spa.html","https://www.agoda.com/the-elgin-heritage-resort-spa/hotel/darjeeling-in.html","/assets/bathtub-room-the-elgin-darjeeling-heritage-resort-spa.webp","Verified Blob Storage","YES","Bathtub / Jacuzzi Suite","4.8","100+","READY FOR REVIEW",""
"India","Darjeeling","https://www.hotelswithbathtubs.com/india/darjeeling","The West Gate Posada By Summit","https://www.makemytrip.com/hotels/the_west_gate_posada_by_summit-details-darjeeling.html","https://www.booking.com/hotel/in/the-west-gate-posada-by-summit.html","https://www.agoda.com/the-west-gate-posada-by-summit/hotel/darjeeling-in.html","/assets/bathtub-room-darjeeling-the-west-gate-posada-by-summit.webp","Verified Blob Storage","YES","Bathtub / Jacuzzi Suite","4.8","100+","READY FOR REVIEW",""
"India","Darjeeling","https://www.hotelswithbathtubs.com/india/darjeeling","The West Gate Posada By Summit Bathtub","https://www.makemytrip.com/hotels/the_west_gate_posada_by_summit_bathtub-details-darjeeling.html","https://www.booking.com/hotel/in/the-west-gate-posada-by-summit-bathtub.html","https://www.agoda.com/the-west-gate-posada-by-summit-bathtub/hotel/darjeeling-in.html","/assets/the-west-gate-posada-by-summit-bathtub-darjeeling.webp","Verified Blob Storage","YES","Bathtub / Jacuzzi Suite","4.8","100+","READY FOR REVIEW",""
"India","Delhi","https://www.hotelswithbathtubs.com/india/delhi","Airport Hotel Ramhan Palace","https://www.makemytrip.com/hotels/airport_hotel_ramhan_palace-details-mahipalpur.html","https://www.booking.com/hotel/in/airport-hotel-ramhan-palace.html","https://www.agoda.com/airport-hotel-ramhan-palace/hotel/mahipalpur-in.html","/assets/airport-hotel-ramhan-palace-mahipalpur-with-bath-tub.webp","Verified Blob Storage","YES","Bathtub / Jacuzzi Suite","4.8","100+","READY FOR REVIEW",""
"India","Delhi","https://www.hotelswithbathtubs.com/india/delhi","Crowne Plaza New Okhla An Ihg Hotel","https://www.makemytrip.com/hotels/crowne_plaza_new_okhla_an_ihg_hotel-details-delhi.html","https://www.booking.com/hotel/in/crowne-plaza-new-okhla-an-ihg-hotel.html","https://www.agoda.com/crowne-plaza-new-okhla-an-ihg-hotel/hotel/delhi-in.html","/assets/bathtub-room-crowne-plaza-new-delhi-okhla-an-ihg-hotel.webp","Verified Blob Storage","YES","Bathtub / Jacuzzi Suite","4.8","100+","READY FOR REVIEW",""
"India","Delhi","https://www.hotelswithbathtubs.com/india/delhi","Diplomat Chanakyapuri New A Boutique Hotel","https://www.makemytrip.com/hotels/diplomat_chanakyapuri_new_a_boutique_hotel-details-delhi.html","https://www.booking.com/hotel/in/diplomat-chanakyapuri-new-a-boutique-hotel.html","https://www.agoda.com/diplomat-chanakyapuri-new-a-boutique-hotel/hotel/delhi-in.html","/assets/diplomat-chanakyapuri-new-delhi-a-boutique-hotel-with-bathtub.webp","Verified Blob Storage","YES","Bathtub / Jacuzzi Suite","4.8","100+","READY FOR REVIEW",""
"India","Delhi","https://www.hotelswithbathtubs.com/india/delhi","Hotel Airport Inn Near Airport","https://www.makemytrip.com/hotels/hotel_airport_inn_near_airport-details-mahipalpur.html","https://www.booking.com/hotel/in/hotel-airport-inn-near-airport.html","https://www.agoda.com/hotel-airport-inn-near-airport/hotel/mahipalpur-in.html","/assets/hotel-airport-inn-near-delhi-airport-mahipalpur-with-bathtub-in-room.webp","Verified Blob Storage","YES","Bathtub / Jacuzzi Suite","4.8","100+","READY FOR REVIEW",""
"India","Delhi","https://www.hotelswithbathtubs.com/india/delhi","Hotel Anand International","https://www.makemytrip.com/hotels/hotel_anand_international-details-mahipalpur.html","https://www.booking.com/hotel/in/hotel-anand-international.html","https://www.agoda.com/hotel-anand-international/hotel/mahipalpur-in.html","/assets/bathtub-room-hotel-anand-international-mahipalpur.webp","Verified Blob Storage","YES","Bathtub / Jacuzzi Suite","4.8","100+","READY FOR REVIEW",""
"India","Delhi","https://www.hotelswithbathtubs.com/india/delhi","Hotel Krishna By Rcg Hotels New","https://www.makemytrip.com/hotels/hotel_krishna_by_rcg_hotels_new-details-delhi.html","https://www.booking.com/hotel/in/hotel-krishna-by-rcg-hotels-new.html","https://www.agoda.com/hotel-krishna-by-rcg-hotels-new/hotel/delhi-in.html","/assets/bathtub-room-hotel-krishna-by-rcg-hotels-paharganj-new-delhi.webp","Verified Blob Storage","YES","Bathtub / Jacuzzi Suite","4.8","100+","READY FOR REVIEW",""
"India","Delhi","https://www.hotelswithbathtubs.com/india/delhi","Hotel Novotel New Aerocity International Airport","https://www.makemytrip.com/hotels/hotel_novotel_new_aerocity_international_airport-details-delhi.html","https://www.booking.com/hotel/in/hotel-novotel-new-aerocity-international-airport.html","https://www.agoda.com/hotel-novotel-new-aerocity-international-airport/hotel/delhi-in.html","/assets/bathtub-hotel-novotel-new-delhi-aerocity-international-airport.webp","Verified Blob Storage","YES","Bathtub / Jacuzzi Suite","4.8","100+","READY FOR REVIEW",""
"India","Delhi","https://www.hotelswithbathtubs.com/india/delhi","Hotel Prithvi Raj Near Airport","https://www.makemytrip.com/hotels/hotel_prithvi_raj_near_airport-details-mahipalpur.html","https://www.booking.com/hotel/in/hotel-prithvi-raj-near-airport.html","https://www.agoda.com/hotel-prithvi-raj-near-airport/hotel/mahipalpur-in.html","/assets/hotel-prithvi-raj-near-delhi-airport-mahipalpur-with-jacuzzi.webp","Verified Blob Storage","YES","Bathtub / Jacuzzi Suite","4.8","100+","READY FOR REVIEW",""
"India","Delhi","https://www.hotelswithbathtubs.com/india/delhi","Hotel Pullman New Aerocity International Airport","https://www.makemytrip.com/hotels/hotel_pullman_new_aerocity_international_airport-details-delhi.html","https://www.booking.com/hotel/in/hotel-pullman-new-aerocity-international-airport.html","https://www.agoda.com/hotel-pullman-new-aerocity-international-airport/hotel/delhi-in.html","/assets/bathtub-hotel-pullman-new-delhi-aerocity-international-airport.webp","Verified Blob Storage","YES","Bathtub / Jacuzzi Suite","4.8","100+","READY FOR REVIEW",""
"India","Delhi","https://www.hotelswithbathtubs.com/india/delhi","Hotel Radisson Blu Plaza Airport","https://www.makemytrip.com/hotels/hotel_radisson_blu_plaza_airport-details-delhi.html","https://www.booking.com/hotel/in/hotel-radisson-blu-plaza-airport.html","https://www.agoda.com/hotel-radisson-blu-plaza-airport/hotel/delhi-in.html","https://pix8.agoda.net/hotelImages/10702/-1/a573be9081e7d825c893cb62118742f1.jpg","Agoda CDN","YES","Bathtub / Jacuzzi Suite","4.8","100+","READY FOR REVIEW",""
"India","Delhi","https://www.hotelswithbathtubs.com/india/delhi","Hotel Shanti Palace","https://www.makemytrip.com/hotels/hotel_shanti_palace-details-mahipalpur.html","https://www.booking.com/hotel/in/hotel-shanti-palace.html","https://www.agoda.com/hotel-shanti-palace/hotel/mahipalpur-in.html","/assets/bathtub-room-hotel-shanti-palace-mahipalpur.webp","Verified Blob Storage","YES","Bathtub / Jacuzzi Suite","4.8","100+","READY FOR REVIEW",""
"India","Delhi","https://www.hotelswithbathtubs.com/india/delhi","Hyatt Centric Janakpuri New","https://www.makemytrip.com/hotels/hyatt_centric_janakpuri_new-details-delhi.html","https://www.booking.com/hotel/in/hyatt-centric-janakpuri-new.html","https://www.agoda.com/hyatt-centric-janakpuri-new/hotel/delhi-in.html","/assets/hyatt-centric-janakpuri-new-delhi-with-bathtub-in-room.webp","Verified Blob Storage","YES","Bathtub / Jacuzzi Suite","4.8","100+","READY FOR REVIEW",""
"India","Delhi","https://www.hotelswithbathtubs.com/india/delhi","Ihg Hotel Crowne Plaza New Okhla","https://www.makemytrip.com/hotels/ihg_hotel_crowne_plaza_new_okhla-details-delhi.html","https://www.booking.com/hotel/in/ihg-hotel-crowne-plaza-new-okhla.html","https://www.agoda.com/ihg-hotel-crowne-plaza-new-okhla/hotel/delhi-in.html","/assets/bathtub-ihg-hotel-crowne-plaza-new-delhi-okhla.webp","Verified Blob Storage","YES","Bathtub / Jacuzzi Suite","4.8","100+","READY FOR REVIEW",""
"India","Delhi","https://www.hotelswithbathtubs.com/india/delhi","Jaypee Vasant Continental New","https://www.makemytrip.com/hotels/jaypee_vasant_continental_new-details-delhi.html","https://www.booking.com/hotel/in/jaypee-vasant-continental-new.html","https://www.agoda.com/jaypee-vasant-continental-new/hotel/delhi-in.html","/assets/hottub-room-jaypee-vasant-continental-new-delhi.webp","Verified Blob Storage","YES","Bathtub / Jacuzzi Suite","4.8","100+","READY FOR REVIEW",""
"India","Delhi","https://www.hotelswithbathtubs.com/india/delhi","Mahipalpur Hotel Linda Grand Near International Airport By Gross Group","https://www.makemytrip.com/hotels/mahipalpur_hotel_linda_grand_near_international_airport_by_gross_group-details-mahipalpur.html","https://www.booking.com/hotel/in/mahipalpur-hotel-linda-grand-near-international-airport-by-gross-group.html","https://www.agoda.com/mahipalpur-hotel-linda-grand-near-international-airport-by-gross-group/hotel/mahipalpur-in.html","/assets/bathtub-mahipalpur-hotel-linda-grand-near-international-airport-by-gross-group.webp","Verified Blob Storage","YES","Bathtub / Jacuzzi Suite","4.8","100+","READY FOR REVIEW",""
"India","Delhi","https://www.hotelswithbathtubs.com/india/delhi","Novotel New Aerocity International Airport","https://www.makemytrip.com/hotels/novotel_new_aerocity_international_airport-details-delhi.html","https://www.booking.com/hotel/in/novotel-new-aerocity-international-airport.html","https://www.agoda.com/novotel-new-aerocity-international-airport/hotel/delhi-in.html","/assets/bathtub-room-novotel-new-delhi-aerocity-international-airport.webp","Verified Blob Storage","YES","Bathtub / Jacuzzi Suite","4.8","100+","READY FOR REVIEW",""
"India","Delhi","https://www.hotelswithbathtubs.com/india/delhi","Novotel New Aerocity International Airport Hotel Room","https://www.makemytrip.com/hotels/novotel_new_aerocity_international_airport_hotel_room-details-delhi.html","https://www.booking.com/hotel/in/novotel-new-aerocity-international-airport-hotel-room.html","https://www.agoda.com/novotel-new-aerocity-international-airport-hotel-room/hotel/delhi-in.html","/assets/novotel-new-delhi-aerocity-international-airport-hotel-room-with-bathtub.webp","Verified Blob Storage","YES","Bathtub / Jacuzzi Suite","4.8","100+","READY FOR REVIEW",""
"India","Delhi","https://www.hotelswithbathtubs.com/india/delhi","Pullman New Aerocity International Airport","https://www.makemytrip.com/hotels/pullman_new_aerocity_international_airport-details-delhi.html","https://www.booking.com/hotel/in/pullman-new-aerocity-international-airport.html","https://www.agoda.com/pullman-new-aerocity-international-airport/hotel/delhi-in.html","/assets/bathtub-room-pullman-new-delhi-aerocity-international-airport.webp","Verified Blob Storage","YES","Bathtub / Jacuzzi Suite","4.8","100+","READY FOR REVIEW",""
"India","Delhi","https://www.hotelswithbathtubs.com/india/delhi","Radisson Blu Plaza Airport","https://www.makemytrip.com/hotels/radisson_blu_plaza_airport-details-delhi.html","https://www.booking.com/hotel/in/radisson-blu-plaza-airport.html","https://www.agoda.com/radisson-blu-plaza-airport/hotel/delhi-in.html","/assets/bathtub-room-radisson-blu-plaza-delhi-airport.webp","Verified Blob Storage","YES","Bathtub / Jacuzzi Suite","4.8","100+","READY FOR REVIEW",""
"India","Delhi","https://www.hotelswithbathtubs.com/india/delhi","Romantic Jacuzzi Hotel Prithvi Raj Near Airport","https://www.makemytrip.com/hotels/romantic_jacuzzi_hotel_prithvi_raj_near_airport-details-mahipalpur.html","https://www.booking.com/hotel/in/romantic-jacuzzi-hotel-prithvi-raj-near-airport.html","https://www.agoda.com/romantic-jacuzzi-hotel-prithvi-raj-near-airport/hotel/mahipalpur-in.html","/assets/romantic-jacuzzi-hotel-prithvi-raj-near-delhi-airport-mahipalpur.webp","Verified Blob Storage","YES","Bathtub / Jacuzzi Suite","4.8","100+","READY FOR REVIEW",""
"India","Delhi","https://www.hotelswithbathtubs.com/india/delhi","Roseate House New Aerocity","https://www.makemytrip.com/hotels/roseate_house_new_aerocity-details-delhi.html","https://www.booking.com/hotel/in/roseate-house-new-aerocity.html","https://www.agoda.com/roseate-house-new-aerocity/hotel/delhi-in.html","/assets/jacuzzi-roseate-house-new-delhi-aerocity.webp","Verified Blob Storage","YES","Bathtub / Jacuzzi Suite","4.8","100+","READY FOR REVIEW",""
"India","Delhi","https://www.hotelswithbathtubs.com/india/delhi","Staybook Hotel Nitya Maharani New","https://www.makemytrip.com/hotels/staybook_hotel_nitya_maharani_new-details-delhi.html","https://www.booking.com/hotel/in/staybook-hotel-nitya-maharani-new.html","https://www.agoda.com/staybook-hotel-nitya-maharani-new/hotel/delhi-in.html","/assets/staybook-hotel-nitya-maharani-new-delhi-paharganj.webp","Verified Blob Storage","YES","Bathtub / Jacuzzi Suite","4.8","100+","READY FOR REVIEW",""
"India","Delhi","https://www.hotelswithbathtubs.com/india/delhi","The Imperial New","https://www.makemytrip.com/hotels/the_imperial_new-details-delhi.html","https://www.booking.com/hotel/in/the-imperial-new.html","https://www.agoda.com/the-imperial-new/hotel/delhi-in.html","/assets/bathtub-room-the-imperial-new-delhi.webp","Verified Blob Storage","YES","Bathtub / Jacuzzi Suite","4.8","100+","READY FOR REVIEW",""
"India","Delhi","https://www.hotelswithbathtubs.com/india/delhi","The Park New","https://www.makemytrip.com/hotels/the_park_new-details-delhi.html","https://www.booking.com/hotel/in/the-park-new.html","https://www.agoda.com/the-park-new/hotel/delhi-in.html","/assets/the-park-new-delhi-with-bathtub-in-room.webp","Verified Blob Storage","YES","Bathtub / Jacuzzi Suite","4.8","100+","READY FOR REVIEW",""
"India","Delhi","https://www.hotelswithbathtubs.com/india/delhi","The Prime","https://www.makemytrip.com/hotels/the_prime-details-delhi.html","https://www.booking.com/hotel/in/the-prime.html","https://www.agoda.com/the-prime/hotel/delhi-in.html","/assets/hot-tub-room-the-prime-delhi.webp","Verified Blob Storage","YES","Bathtub / Jacuzzi Suite","4.8","100+","READY FOR REVIEW",""
"India","Dharamshala","https://www.hotelswithbathtubs.com/india/dharamshala","Brij Anayra A Himalayan Luxury Retreat","https://www.makemytrip.com/hotels/brij_anayra_a_himalayan_luxury_retreat-details-dharamshala.html","https://www.booking.com/hotel/in/brij-anayra-a-himalayan-luxury-retreat.html","https://www.agoda.com/brij-anayra-a-himalayan-luxury-retreat/hotel/dharamshala-in.html","/assets/bathtub-room-brij-anayra-dharamshala-a-himalayan-luxury-retreat.webp","Verified Blob Storage","YES","Bathtub / Jacuzzi Suite","4.8","100+","READY FOR REVIEW",""
"India","Dharamshala","https://www.hotelswithbathtubs.com/india/dharamshala","Dpolo Club Spa Resort","https://www.makemytrip.com/hotels/dpolo_club_spa_resort-details-dharamshala.html","https://www.booking.com/hotel/in/dpolo-club-spa-resort.html","https://www.agoda.com/dpolo-club-spa-resort/hotel/dharamshala-in.html","/assets/dpolo-club-spa-resort-dharamshala-with-hottub.webp","Verified Blob Storage","YES","Bathtub / Jacuzzi Suite","4.8","100+","READY FOR REVIEW",""
"India","Dharamshala","https://www.hotelswithbathtubs.com/india/dharamshala","Echor Mandara Treevilla","https://www.makemytrip.com/hotels/echor_mandara_treevilla-details-dharamshala.html","https://www.booking.com/hotel/in/echor-mandara-treevilla.html","https://www.agoda.com/echor-mandara-treevilla/hotel/dharamshala-in.html","/assets/bathtub-echor-mandara-treevilla-dharamshala.webp","Verified Blob Storage","YES","Bathtub / Jacuzzi Suite","4.8","100+","READY FOR REVIEW",""
"India","Dharamshala","https://www.hotelswithbathtubs.com/india/dharamshala","Hotel Echor Mandara Treevilla","https://www.makemytrip.com/hotels/hotel_echor_mandara_treevilla-details-dharamshala.html","https://www.booking.com/hotel/in/hotel-echor-mandara-treevilla.html","https://www.agoda.com/hotel-echor-mandara-treevilla/hotel/dharamshala-in.html","/assets/jacuzzi-hotel-echor-mandara-treevilla-dharamshala.webp","Verified Blob Storage","YES","Bathtub / Jacuzzi Suite","4.8","100+","READY FOR REVIEW",""
"India","Dharamshala","https://www.hotelswithbathtubs.com/india/dharamshala","Hotel Norbu The Montanna Ihcl Seleqtions","https://www.makemytrip.com/hotels/hotel_norbu_the_montanna_ihcl_seleqtions-details-dharamshala.html","https://www.booking.com/hotel/in/hotel-norbu-the-montanna-ihcl-seleqtions.html","https://www.agoda.com/hotel-norbu-the-montanna-ihcl-seleqtions/hotel/dharamshala-in.html","/assets/bathtub-hotel-norbu-the-montanna-dharamshala-ihcl-seleqtions.webp","Verified Blob Storage","YES","Bathtub / Jacuzzi Suite","4.8","100+","READY FOR REVIEW",""
"India","Dharamshala","https://www.hotelswithbathtubs.com/india/dharamshala","Hotel Room Echor Mandara Treevilla","https://www.makemytrip.com/hotels/hotel_room_echor_mandara_treevilla-details-dharamshala.html","https://www.booking.com/hotel/in/hotel-room-echor-mandara-treevilla.html","https://www.agoda.com/hotel-room-echor-mandara-treevilla/hotel/dharamshala-in.html","/assets/jacuzzi-hotel-room-echor-mandara-treevilla-dharamshala.webp","Verified Blob Storage","YES","Bathtub / Jacuzzi Suite","4.8","100+","READY FOR REVIEW",""
"India","Dharamshala","https://www.hotelswithbathtubs.com/india/dharamshala","Indraprastha Spa Resort","https://www.makemytrip.com/hotels/indraprastha_spa_resort-details-dharamshala.html","https://www.booking.com/hotel/in/indraprastha-spa-resort.html","https://www.agoda.com/indraprastha-spa-resort/hotel/dharamshala-in.html","/assets/indraprastha-spa-resort-dharamshala-with-jacuzzi-room.webp","Verified Blob Storage","YES","Bathtub / Jacuzzi Suite","4.8","100+","READY FOR REVIEW",""
"India","Dharamshala","https://www.hotelswithbathtubs.com/india/dharamshala","Norbu The Montanna Ihcl Seleqtions","https://www.makemytrip.com/hotels/norbu_the_montanna_ihcl_seleqtions-details-dharamshala.html","https://www.booking.com/hotel/in/norbu-the-montanna-ihcl-seleqtions.html","https://www.agoda.com/norbu-the-montanna-ihcl-seleqtions/hotel/dharamshala-in.html","https://pix8.agoda.net/hotelImages/10543/-1/9483dc46eb74d758f2780e8ca92e4be0.jpg","Agoda CDN","YES","Bathtub / Jacuzzi Suite","4.8","100+","READY FOR REVIEW",""
"India","Dharamshala","https://www.hotelswithbathtubs.com/india/dharamshala","Romantic Spabath Dpolo Club Spa Resort","https://www.makemytrip.com/hotels/romantic_spabath_dpolo_club_spa_resort-details-dharamshala.html","https://www.booking.com/hotel/in/romantic-spabath-dpolo-club-spa-resort.html","https://www.agoda.com/romantic-spabath-dpolo-club-spa-resort/hotel/dharamshala-in.html","/assets/romantic-spabath-dpolo-club-spa-resort-dharamshala.webp","Verified Blob Storage","YES","Bathtub / Jacuzzi Suite","4.8","100+","READY FOR REVIEW",""
"India","Digha","https://www.hotelswithbathtubs.com/india/digha","Antique Regency New","https://www.makemytrip.com/hotels/antique_regency_new-details-digha.html","https://www.booking.com/hotel/in/antique-regency-new.html","https://www.agoda.com/antique-regency-new/hotel/digha-in.html","/assets/antique-regency-new-digha-with-private-jacuzzi-in-room.webp","Verified Blob Storage","YES","Bathtub / Jacuzzi Suite","4.8","100+","READY FOR REVIEW",""
"India","Digha","https://www.hotelswithbathtubs.com/india/digha","Hotel Antique Regency New","https://www.makemytrip.com/hotels/hotel_antique_regency_new-details-digha.html","https://www.booking.com/hotel/in/hotel-antique-regency-new.html","https://www.agoda.com/hotel-antique-regency-new/hotel/digha-in.html","/assets/jacuzzi-hotel-antique-regency-new-digha.webp","Verified Blob Storage","YES","Bathtub / Jacuzzi Suite","4.8","100+","READY FOR REVIEW",""
"India","Digha","https://www.hotelswithbathtubs.com/india/digha","Hotel Daltin","https://www.makemytrip.com/hotels/hotel_daltin-details-digha.html","https://www.booking.com/hotel/in/hotel-daltin.html","https://www.agoda.com/hotel-daltin/hotel/digha-in.html","/assets/hotel-daltin-digha-with-jacuzzi.webp","Verified Blob Storage","YES","Bathtub / Jacuzzi Suite","4.8","100+","READY FOR REVIEW",""
"India","Digha","https://www.hotelswithbathtubs.com/india/digha","Hotel Daltin New","https://www.makemytrip.com/hotels/hotel_daltin_new-details-digha.html","https://www.booking.com/hotel/in/hotel-daltin-new.html","https://www.agoda.com/hotel-daltin-new/hotel/digha-in.html","/assets/jacuzzi-room-hotel-daltin-new-digha.webp","Verified Blob Storage","YES","Bathtub / Jacuzzi Suite","4.8","100+","READY FOR REVIEW",""
"India","Digha","https://www.hotelswithbathtubs.com/india/digha","Hotel Mtm New","https://www.makemytrip.com/hotels/hotel_mtm_new-details-digha.html","https://www.booking.com/hotel/in/hotel-mtm-new.html","https://www.agoda.com/hotel-mtm-new/hotel/digha-in.html","/assets/bathtub-room-hotel-mtm-new-digha.webp","Verified Blob Storage","YES","Bathtub / Jacuzzi Suite","4.8","100+","READY FOR REVIEW",""
"India","Digha","https://www.hotelswithbathtubs.com/india/digha","Iconic Hotel","https://www.makemytrip.com/hotels/iconic_hotel-details-digha.html","https://www.booking.com/hotel/in/iconic-hotel.html","https://www.agoda.com/iconic-hotel/hotel/digha-in.html","/assets/bathtub-iconic-hotel-digha.webp","Verified Blob Storage","YES","Bathtub / Jacuzzi Suite","4.8","100+","READY FOR REVIEW",""
"India","Faridabad","https://www.hotelswithbathtubs.com/india/faridabad","Courtyard By Marriott Aravali Resort","https://www.makemytrip.com/hotels/courtyard_by_marriott_aravali_resort-details-faridabad.html","https://www.booking.com/hotel/in/courtyard-by-marriott-aravali-resort.html","https://www.agoda.com/courtyard-by-marriott-aravali-resort/hotel/faridabad-in.html","/assets/courtyard-by-marriott-aravali-resort-faridabad-with-bathtub.webp","Verified Blob Storage","YES","Bathtub / Jacuzzi Suite","4.8","100+","READY FOR REVIEW",""
"India","Faridabad","https://www.hotelswithbathtubs.com/india/faridabad","Faridabad Vivanta Surajkund Ncr","https://www.makemytrip.com/hotels/faridabad_vivanta_surajkund_ncr-details-faridabad.html","https://www.booking.com/hotel/in/faridabad-vivanta-surajkund-ncr.html","https://www.agoda.com/faridabad-vivanta-surajkund-ncr/hotel/faridabad-in.html","/assets/spa-bath-faridabad-vivanta-surajkund-ncr.webp","Verified Blob Storage","YES","Bathtub / Jacuzzi Suite","4.8","100+","READY FOR REVIEW",""
"India","Faridabad","https://www.hotelswithbathtubs.com/india/faridabad","Hotel Courtyard By Marriott Aravali Resort","https://www.makemytrip.com/hotels/hotel_courtyard_by_marriott_aravali_resort-details-faridabad.html","https://www.booking.com/hotel/in/hotel-courtyard-by-marriott-aravali-resort.html","https://www.agoda.com/hotel-courtyard-by-marriott-aravali-resort/hotel/faridabad-in.html","/assets/bathtub-hotel-courtyard-by-marriott-aravali-resort-faridabad.webp","Verified Blob Storage","YES","Bathtub / Jacuzzi Suite","4.8","100+","READY FOR REVIEW",""
"India","Faridabad","https://www.hotelswithbathtubs.com/india/faridabad","Hotel Lavit Couple Friendly Near Metro Station","https://www.makemytrip.com/hotels/hotel_lavit_couple_friendly_near_metro_station-details-faridabad.html","https://www.booking.com/hotel/in/hotel-lavit-couple-friendly-near-metro-station.html","https://www.agoda.com/hotel-lavit-couple-friendly-near-metro-station/hotel/faridabad-in.html","/assets/jacuzzi-hotel-lavit-couple-friendly-near-faridabad-metro-station.webp","Verified Blob Storage","YES","Bathtub / Jacuzzi Suite","4.8","100+","READY FOR REVIEW",""
"India","Faridabad","https://www.hotelswithbathtubs.com/india/faridabad","Hotel Park Plaza","https://www.makemytrip.com/hotels/hotel_park_plaza-details-faridabad.html","https://www.booking.com/hotel/in/hotel-park-plaza.html","https://www.agoda.com/hotel-park-plaza/hotel/faridabad-in.html","/assets/bathtub-hotel-park-plaza-faridabad.webp","Verified Blob Storage","YES","Bathtub / Jacuzzi Suite","4.8","100+","READY FOR REVIEW",""
"India","Faridabad","https://www.hotelswithbathtubs.com/india/faridabad","Hotel Radisson Blu","https://www.makemytrip.com/hotels/hotel_radisson_blu-details-faridabad.html","https://www.booking.com/hotel/in/hotel-radisson-blu.html","https://www.agoda.com/hotel-radisson-blu/hotel/faridabad-in.html","https://pix8.agoda.net/hotelImages/104990/-1/a24cb474c3e387146e492ca4da2032d8.jpg","Agoda CDN","YES","Bathtub / Jacuzzi Suite","4.8","100+","READY FOR REVIEW",""
"India","Faridabad","https://www.hotelswithbathtubs.com/india/faridabad","Hotel Room Radisson Blu","https://www.makemytrip.com/hotels/hotel_room_radisson_blu-details-faridabad.html","https://www.booking.com/hotel/in/hotel-room-radisson-blu.html","https://www.agoda.com/hotel-room-radisson-blu/hotel/faridabad-in.html","/assets/bathtub-hotel-room-radisson-blu-faridabad.webp","Verified Blob Storage","YES","Bathtub / Jacuzzi Suite","4.8","100+","READY FOR REVIEW",""
"India","Faridabad","https://www.hotelswithbathtubs.com/india/faridabad","Hotel The Lalit Mangar","https://www.makemytrip.com/hotels/hotel_the_lalit_mangar-details-faridabad.html","https://www.booking.com/hotel/in/hotel-the-lalit-mangar.html","https://www.agoda.com/hotel-the-lalit-mangar/hotel/faridabad-in.html","/assets/bathtub-hotel-the-lalit-mangar-faridabad.webp","Verified Blob Storage","YES","Bathtub / Jacuzzi Suite","4.8","100+","READY FOR REVIEW",""
"India","Faridabad","https://www.hotelswithbathtubs.com/india/faridabad","Hotel Vivanta Surajkund Ncr","https://www.makemytrip.com/hotels/hotel_vivanta_surajkund_ncr-details-faridabad.html","https://www.booking.com/hotel/in/hotel-vivanta-surajkund-ncr.html","https://www.agoda.com/hotel-vivanta-surajkund-ncr/hotel/faridabad-in.html","/assets/bathtub-hotel-faridabad-vivanta-surajkund-ncr.webp","Verified Blob Storage","YES","Bathtub / Jacuzzi Suite","4.8","100+","READY FOR REVIEW",""
"India","Faridabad","https://www.hotelswithbathtubs.com/india/faridabad","Park Plaza","https://www.makemytrip.com/hotels/park_plaza-details-faridabad.html","https://www.booking.com/hotel/in/park-plaza.html","https://www.agoda.com/park-plaza/hotel/faridabad-in.html","/assets/park-plaza-faridabad-with-bathtub.webp","Verified Blob Storage","YES","Bathtub / Jacuzzi Suite","4.8","100+","READY FOR REVIEW",""
"India","Faridabad","https://www.hotelswithbathtubs.com/india/faridabad","Radisson Blu","https://www.makemytrip.com/hotels/radisson_blu-details-faridabad.html","https://www.booking.com/hotel/in/radisson-blu.html","https://www.agoda.com/radisson-blu/hotel/faridabad-in.html","/assets/radisson-blu-faridabad-with-bath-tub.webp","Verified Blob Storage","YES","Bathtub / Jacuzzi Suite","4.8","100+","READY FOR REVIEW",""
"India","Faridabad","https://www.hotelswithbathtubs.com/india/faridabad","Suite Park Plaza","https://www.makemytrip.com/hotels/suite_park_plaza-details-faridabad.html","https://www.booking.com/hotel/in/suite-park-plaza.html","https://www.agoda.com/suite-park-plaza/hotel/faridabad-in.html","/assets/bathtub-suite-park-plaza-faridabad.webp","Verified Blob Storage","YES","Bathtub / Jacuzzi Suite","4.8","100+","READY FOR REVIEW",""
"India","Faridabad","https://www.hotelswithbathtubs.com/india/faridabad","The Lalit Mangar","https://www.makemytrip.com/hotels/the_lalit_mangar-details-faridabad.html","https://www.booking.com/hotel/in/the-lalit-mangar.html","https://www.agoda.com/the-lalit-mangar/hotel/faridabad-in.html","/assets/the-lalit-mangar-faridabad-with-bathtub.webp","Verified Blob Storage","YES","Bathtub / Jacuzzi Suite","4.8","100+","READY FOR REVIEW",""
"India","Faridabad","https://www.hotelswithbathtubs.com/india/faridabad","Vivanta Surajkund Ncr","https://www.makemytrip.com/hotels/vivanta_surajkund_ncr-details-faridabad.html","https://www.booking.com/hotel/in/vivanta-surajkund-ncr.html","https://www.agoda.com/vivanta-surajkund-ncr/hotel/faridabad-in.html","/assets/bathtub-room-vivanta-surajkund-ncr-faridabad.webp","Verified Blob Storage","YES","Bathtub / Jacuzzi Suite","4.8","100+","READY FOR REVIEW",""
"India","Gandhinagar","https://www.hotelswithbathtubs.com/india/gandhinagar","Classic Dineout","https://www.makemytrip.com/hotels/classic_dineout-details-gandhinagar.html","https://www.booking.com/hotel/in/classic-dineout.html","https://www.agoda.com/classic-dineout/hotel/gandhinagar-in.html","/assets/classic-dineout-gandhinagar-with-spabath-in-room.webp","Verified Blob Storage","YES","Bathtub / Jacuzzi Suite","4.8","100+","READY FOR REVIEW",""
"India","Gandhinagar","https://www.hotelswithbathtubs.com/india/gandhinagar","Hotel Royal Empire","https://www.makemytrip.com/hotels/hotel_royal_empire-details-gandhinagar.html","https://www.booking.com/hotel/in/hotel-royal-empire.html","https://www.agoda.com/hotel-royal-empire/hotel/gandhinagar-in.html","/assets/hotel-royal-empire-gandhinagar-with-jacuzzi.webp","Verified Blob Storage","YES","Bathtub / Jacuzzi Suite","4.8","100+","READY FOR REVIEW",""
"India","Gandhinagar","https://www.hotelswithbathtubs.com/india/gandhinagar","Taj Resort And Spa","https://www.makemytrip.com/hotels/taj_resort_and_spa-details-gandhinagar.html","https://www.booking.com/hotel/in/taj-resort-and-spa.html","https://www.agoda.com/taj-resort-and-spa/hotel/gandhinagar-in.html","/assets/taj-gandhinagar-resort-and-spa-with-bathtub-in-room.webp","Verified Blob Storage","YES","Bathtub / Jacuzzi Suite","4.8","100+","READY FOR REVIEW",""
"India","Gandhinagar","https://www.hotelswithbathtubs.com/india/gandhinagar","The Eiffel Hotel Banquet","https://www.makemytrip.com/hotels/the_eiffel_hotel_banquet-details-gandhinagar.html","https://www.booking.com/hotel/in/the-eiffel-hotel-banquet.html","https://www.agoda.com/the-eiffel-hotel-banquet/hotel/gandhinagar-in.html","/assets/bathtub-room-the-eiffel-hotel-banquet-gandhinagar.webp","Verified Blob Storage","YES","Bathtub / Jacuzzi Suite","4.8","100+","READY FOR REVIEW",""
"India","Goa","https://www.hotelswithbathtubs.com/india/goa","Adamo The Bellus","https://www.makemytrip.com/hotels/adamo_the_bellus-details-calangute.html","https://www.booking.com/hotel/in/adamo-the-bellus.html","https://www.agoda.com/adamo-the-bellus/hotel/calangute-in.html","/assets/adamo-the-bellus-calangute-with-hottub-in-room.webp","Verified Blob Storage","YES","Bathtub / Jacuzzi Suite","4.8","100+","READY FOR REVIEW",""
"India","Goa","https://www.hotelswithbathtubs.com/india/goa","Alila Diwa A Hyatt Brand","https://www.makemytrip.com/hotels/alila_diwa_a_hyatt_brand-details-goa.html","https://www.booking.com/hotel/in/alila-diwa-a-hyatt-brand.html","https://www.agoda.com/alila-diwa-a-hyatt-brand/hotel/goa-in.html","/assets/alila-diwa-goa-a-hyatt-brand-with-bathtub-room.webp","Verified Blob Storage","YES","Bathtub / Jacuzzi Suite","4.8","100+","READY FOR REVIEW",""
"India","Goa","https://www.hotelswithbathtubs.com/india/goa","Aqua Marina Beach Cottages","https://www.makemytrip.com/hotels/aqua_marina_beach_cottages-details-calangute.html","https://www.booking.com/hotel/in/aqua-marina-beach-cottages.html","https://www.agoda.com/aqua-marina-beach-cottages/hotel/calangute-in.html","/assets/aqua-marina-beach-cottages-calangute-with-bathtub.webp","Verified Blob Storage","YES","Bathtub / Jacuzzi Suite","4.8","100+","READY FOR REVIEW",""
"India","Goa","https://www.hotelswithbathtubs.com/india/goa","Art Resort","https://www.makemytrip.com/hotels/art_resort-details-goa.html","https://www.booking.com/hotel/in/art-resort.html","https://www.agoda.com/art-resort/hotel/goa-in.html","/assets/bathtub-art-resort-goa.webp","Verified Blob Storage","YES","Bathtub / Jacuzzi Suite","4.8","100+","READY FOR REVIEW",""
"India","Goa","https://www.hotelswithbathtubs.com/india/goa","Art Resort Hotel Room","https://www.makemytrip.com/hotels/art_resort_hotel_room-details-goa.html","https://www.booking.com/hotel/in/art-resort-hotel-room.html","https://www.agoda.com/art-resort-hotel-room/hotel/goa-in.html","/assets/art-resort-goa-hotel-room-with-bathtub.webp","Verified Blob Storage","YES","Bathtub / Jacuzzi Suite","4.8","100+","READY FOR REVIEW",""
"India","Goa","https://www.hotelswithbathtubs.com/india/goa","Beach Resort On Beach","https://www.makemytrip.com/hotels/beach_resort_on_beach-details-goa.html","https://www.booking.com/hotel/in/beach-resort-on-beach.html","https://www.agoda.com/beach-resort-on-beach/hotel/goa-in.html","/assets/bathtub-room-goa-beach-resort-on-beach-mandarmani.webp","Verified Blob Storage","YES","Bathtub / Jacuzzi Suite","4.8","100+","READY FOR REVIEW",""
"India","Goa","https://www.hotelswithbathtubs.com/india/goa","Bloomsuites L","https://www.makemytrip.com/hotels/bloomsuites_l-details-calangute.html","https://www.booking.com/hotel/in/bloomsuites-l.html","https://www.agoda.com/bloomsuites-l/hotel/calangute-in.html","/assets/bathtub-bloomsuites-l-calangute.webp","Verified Blob Storage","YES","Bathtub / Jacuzzi Suite","4.8","100+","READY FOR REVIEW",""
"India","Goa","https://www.hotelswithbathtubs.com/india/goa","Calangute Estrela Do Mar Beach Resort A Beach Property","https://www.makemytrip.com/hotels/calangute_estrela_do_mar_beach_resort_a_beach_property-details-calangute.html","https://www.booking.com/hotel/in/calangute-estrela-do-mar-beach-resort-a-beach-property.html","https://www.agoda.com/calangute-estrela-do-mar-beach-resort-a-beach-property/hotel/calangute-in.html","/assets/bathtub-calangute-estrela-do-mar-beach-resort-a-beach-property.webp","Verified Blob Storage","YES","Bathtub / Jacuzzi Suite","4.8","100+","READY FOR REVIEW",""
"India","Goa","https://www.hotelswithbathtubs.com/india/goa","Casa De Boutique Resort","https://www.makemytrip.com/hotels/casa_de_boutique_resort-details-calangute.html","https://www.booking.com/hotel/in/casa-de-boutique-resort.html","https://www.agoda.com/casa-de-boutique-resort/hotel/calangute-in.html","/assets/bath-tub-casa-de-goa-boutique-resort-calangute.webp","Verified Blob Storage","YES","Bathtub / Jacuzzi Suite","4.8","100+","READY FOR REVIEW",""
"India","Goa","https://www.hotelswithbathtubs.com/india/goa","Chances Resort And Casino An Indy Resort","https://www.makemytrip.com/hotels/chances_resort_and_casino_an_indy_resort-details-panjim.html","https://www.booking.com/hotel/in/chances-resort-and-casino-an-indy-resort.html","https://www.agoda.com/chances-resort-and-casino-an-indy-resort/hotel/panjim-in.html","/assets/chances-resort-and-casino-an-indy-resort-panjim-with-jacuzzi.webp","Verified Blob Storage","YES","Bathtub / Jacuzzi Suite","4.8","100+","READY FOR REVIEW",""
"India","Goa","https://www.hotelswithbathtubs.com/india/goa","Cola Beach Resort Room In South","https://www.makemytrip.com/hotels/cola_beach_resort_room_in_south-details-goa.html","https://www.booking.com/hotel/in/cola-beach-resort-room-in-south.html","https://www.agoda.com/cola-beach-resort-room-in-south/hotel/goa-in.html","/assets/cola-goa-beach-resort-room-in-south-goa-with-jacuzzi-and-sea-view.webp","Verified Blob Storage","YES","Bathtub / Jacuzzi Suite","4.8","100+","READY FOR REVIEW",""
"India","Goa","https://www.hotelswithbathtubs.com/india/goa","Cola Beach Resort South","https://www.makemytrip.com/hotels/cola_beach_resort_south-details-goa.html","https://www.booking.com/hotel/in/cola-beach-resort-south.html","https://www.agoda.com/cola-beach-resort-south/hotel/goa-in.html","/assets/cola-goa-beach-resort-south-goa-with-jacuzzi-in-room.webp","Verified Blob Storage","YES","Bathtub / Jacuzzi Suite","4.8","100+","READY FOR REVIEW",""
"India","Goa","https://www.hotelswithbathtubs.com/india/goa","Cola Beach Resort South With Sea View","https://www.makemytrip.com/hotels/cola_beach_resort_south_with_sea_view-details-goa.html","https://www.booking.com/hotel/in/cola-beach-resort-south-with-sea-view.html","https://www.agoda.com/cola-beach-resort-south-with-sea-view/hotel/goa-in.html","/assets/jacuzzi-room-cola-goa-beach-resort-south-goa-with-sea-view.webp","Verified Blob Storage","YES","Bathtub / Jacuzzi Suite","4.8","100+","READY FOR REVIEW",""
"India","Goa","https://www.hotelswithbathtubs.com/india/goa","Cola Beach Resort South With Spa Jacuzzi","https://www.makemytrip.com/hotels/cola_beach_resort_south_with_spa_jacuzzi-details-goa.html","https://www.booking.com/hotel/in/cola-beach-resort-south-with-spa-jacuzzi.html","https://www.agoda.com/cola-beach-resort-south-with-spa-jacuzzi/hotel/goa-in.html","/assets/cola-goa-beach-resort-south-goa-with-spa-jacuzzi.webp","Verified Blob Storage","YES","Bathtub / Jacuzzi Suite","4.8","100+","READY FOR REVIEW",""
"India","Goa","https://www.hotelswithbathtubs.com/india/goa","Estrela Do Mar Beach Resort A Beach Property","https://www.makemytrip.com/hotels/estrela_do_mar_beach_resort_a_beach_property-details-calangute.html","https://www.booking.com/hotel/in/estrela-do-mar-beach-resort-a-beach-property.html","https://www.agoda.com/estrela-do-mar-beach-resort-a-beach-property/hotel/calangute-in.html","/assets/bathtub-estrela-do-mar-beach-resort-a-beach-property-calangute.webp","Verified Blob Storage","YES","Bathtub / Jacuzzi Suite","4.8","100+","READY FOR REVIEW",""
"India","Goa","https://www.hotelswithbathtubs.com/india/goa","Goa Beach Resort On Beach","https://www.makemytrip.com/hotels/goa_beach_resort_on_beach-details-goa.html","https://www.booking.com/hotel/in/goa-beach-resort-on-beach.html","https://www.agoda.com/goa-beach-resort-on-beach/hotel/goa-in.html","/assets/goa-beach-resort-on-beach-mandarmani-with-bathtub.webp","Verified Blob Storage","YES","Bathtub / Jacuzzi Suite","4.8","100+","READY FOR REVIEW",""
"India","Goa","https://www.hotelswithbathtubs.com/india/goa","Goa Marriott Resort Spa","https://www.makemytrip.com/hotels/goa_marriott_resort_spa-details-goa.html","https://www.booking.com/hotel/in/goa-marriott-resort-spa.html","https://www.agoda.com/goa-marriott-resort-spa/hotel/goa-in.html","/assets/goa-marriott-resort-spa-panjim-with-bathtub.webp","Verified Blob Storage","YES","Bathtub / Jacuzzi Suite","4.8","100+","READY FOR REVIEW",""
"India","Goa","https://www.hotelswithbathtubs.com/india/goa","Grand Hyatt","https://www.makemytrip.com/hotels/grand_hyatt-details-goa.html","https://www.booking.com/hotel/in/grand-hyatt.html","https://www.agoda.com/grand-hyatt/hotel/goa-in.html","/assets/grand-hyatt-goa-with-private-jacuzzi-in-room.webp","Verified Blob Storage","YES","Bathtub / Jacuzzi Suite","4.8","100+","READY FOR REVIEW",""
"India","Goa","https://www.hotelswithbathtubs.com/india/goa","Grandeur De Sanchi Luxury Beach Resort Spa North","https://www.makemytrip.com/hotels/grandeur_de_sanchi_luxury_beach_resort_spa_north-details-goa.html","https://www.booking.com/hotel/in/grandeur-de-sanchi-luxury-beach-resort-spa-north.html","https://www.agoda.com/grandeur-de-sanchi-luxury-beach-resort-spa-north/hotel/goa-in.html","/assets/grandeur-de-sanchi-luxury-beach-resort-spa-north-goa-with-jacuzzi.webp","Verified Blob Storage","YES","Bathtub / Jacuzzi Suite","4.8","100+","READY FOR REVIEW",""
"India","Goa","https://www.hotelswithbathtubs.com/india/goa","Hard Rock Hotel","https://www.makemytrip.com/hotels/hard_rock_hotel-details-calangute.html","https://www.booking.com/hotel/in/hard-rock-hotel.html","https://www.agoda.com/hard-rock-hotel/hotel/calangute-in.html","/assets/hard-rock-hotel-goa-calangute-with-bathtub.webp","Verified Blob Storage","YES","Bathtub / Jacuzzi Suite","4.8","100+","READY FOR REVIEW",""
"India","Goa","https://www.hotelswithbathtubs.com/india/goa","Hotel Adamo The Bellus","https://www.makemytrip.com/hotels/hotel_adamo_the_bellus-details-calangute.html","https://www.booking.com/hotel/in/hotel-adamo-the-bellus.html","https://www.agoda.com/hotel-adamo-the-bellus/hotel/calangute-in.html","/assets/hotel-adamo-the-bellus-calangute-with-jacuzzi-in-room.webp","Verified Blob Storage","YES","Bathtub / Jacuzzi Suite","4.8","100+","READY FOR REVIEW",""
"India","Goa","https://www.hotelswithbathtubs.com/india/goa","Hotel Aqua Marina Beach Cottages","https://www.makemytrip.com/hotels/hotel_aqua_marina_beach_cottages-details-calangute.html","https://www.booking.com/hotel/in/hotel-aqua-marina-beach-cottages.html","https://www.agoda.com/hotel-aqua-marina-beach-cottages/hotel/calangute-in.html","/assets/jacuzzi-hotel-calangute-aqua-marina-beach-cottages.webp","Verified Blob Storage","YES","Bathtub / Jacuzzi Suite","4.8","100+","READY FOR REVIEW",""
"India","Goa","https://www.hotelswithbathtubs.com/india/goa","Hotel Casa De Boutique Resort","https://www.makemytrip.com/hotels/hotel_casa_de_boutique_resort-details-calangute.html","https://www.booking.com/hotel/in/hotel-casa-de-boutique-resort.html","https://www.agoda.com/hotel-casa-de-boutique-resort/hotel/calangute-in.html","/assets/bathtub-hotel-casa-de-goa-boutique-resort-calangute.webp","Verified Blob Storage","YES","Bathtub / Jacuzzi Suite","4.8","100+","READY FOR REVIEW",""
"India","Goa","https://www.hotelswithbathtubs.com/india/goa","Hotel Grand Hyatt","https://www.makemytrip.com/hotels/hotel_grand_hyatt-details-goa.html","https://www.booking.com/hotel/in/hotel-grand-hyatt.html","https://www.agoda.com/hotel-grand-hyatt/hotel/goa-in.html","/assets/bathtub-hotel-grand-hyatt-goa.webp","Verified Blob Storage","YES","Bathtub / Jacuzzi Suite","4.8","100+","READY FOR REVIEW",""
"India","Goa","https://www.hotelswithbathtubs.com/india/goa","Hotel Longuinhos Beach Resort South","https://www.makemytrip.com/hotels/hotel_longuinhos_beach_resort_south-details-goa.html","https://www.booking.com/hotel/in/hotel-longuinhos-beach-resort-south.html","https://www.agoda.com/hotel-longuinhos-beach-resort-south/hotel/goa-in.html","/assets/hotel-longuinhos-beach-resort-south-goa-with-private-jacuzzi-and-sea-view.webp","Verified Blob Storage","YES","Bathtub / Jacuzzi Suite","4.8","100+","READY FOR REVIEW",""
"India","Goa","https://www.hotelswithbathtubs.com/india/goa","Hotel Resort W","https://www.makemytrip.com/hotels/hotel_resort_w-details-goa.html","https://www.booking.com/hotel/in/hotel-resort-w.html","https://www.agoda.com/hotel-resort-w/hotel/goa-in.html","/assets/bathtub-hotel-resort-w-goa.webp","Verified Blob Storage","YES","Bathtub / Jacuzzi Suite","4.8","100+","READY FOR REVIEW",""
"India","Goa","https://www.hotelswithbathtubs.com/india/goa","Hotel Room The Postcard Saligao","https://www.makemytrip.com/hotels/hotel_room_the_postcard_saligao-details-calangute.html","https://www.booking.com/hotel/in/hotel-room-the-postcard-saligao.html","https://www.agoda.com/hotel-room-the-postcard-saligao/hotel/calangute-in.html","/assets/bathtub-hotel-room-the-postcard-saligao-calangute.webp","Verified Blob Storage","YES","Bathtub / Jacuzzi Suite","4.8","100+","READY FOR REVIEW",""
"India","Goa","https://www.hotelswithbathtubs.com/india/goa","Hotel Small Daddy Plus","https://www.makemytrip.com/hotels/hotel_small_daddy_plus-details-calangute.html","https://www.booking.com/hotel/in/hotel-small-daddy-plus.html","https://www.agoda.com/hotel-small-daddy-plus/hotel/calangute-in.html","/assets/bathtub-hotel-small-daddy-plus-calangute.webp","Verified Blob Storage","YES","Bathtub / Jacuzzi Suite","4.8","100+","READY FOR REVIEW",""
"India","Goa","https://www.hotelswithbathtubs.com/india/goa","Hotel Taj Cidade De Heritage","https://www.makemytrip.com/hotels/hotel_taj_cidade_de_heritage-details-goa.html","https://www.booking.com/hotel/in/hotel-taj-cidade-de-heritage.html","https://www.agoda.com/hotel-taj-cidade-de-heritage/hotel/goa-in.html","/assets/hotel-taj-cidade-de-goa-heritage-panjim-goa-with-bathtub-in-room.webp","Verified Blob Storage","YES","Bathtub / Jacuzzi Suite","4.8","100+","READY FOR REVIEW",""
"India","Goa","https://www.hotelswithbathtubs.com/india/goa","Hotel The Crescent","https://www.makemytrip.com/hotels/hotel_the_crescent-details-panjim.html","https://www.booking.com/hotel/in/hotel-the-crescent.html","https://www.agoda.com/hotel-the-crescent/hotel/panjim-in.html","/assets/hotel-the-crescent-panjim-with-bathtub-in-room.webp","Verified Blob Storage","YES","Bathtub / Jacuzzi Suite","4.8","100+","READY FOR REVIEW",""
"India","Goa","https://www.hotelswithbathtubs.com/india/goa","Hotel Welcomheritage Inn","https://www.makemytrip.com/hotels/hotel_welcomheritage_inn-details-panjim.html","https://www.booking.com/hotel/in/hotel-welcomheritage-inn.html","https://www.agoda.com/hotel-welcomheritage-inn/hotel/panjim-in.html","/assets/bathtub-hotel-welcomheritage-panjim-inn.webp","Verified Blob Storage","YES","Bathtub / Jacuzzi Suite","4.8","100+","READY FOR REVIEW",""
"India","Goa","https://www.hotelswithbathtubs.com/india/goa","In North Larisa Resort Ashwem","https://www.makemytrip.com/hotels/in_north_larisa_resort_ashwem-details-goa.html","https://www.booking.com/hotel/in/in-north-larisa-resort-ashwem.html","https://www.agoda.com/in-north-larisa-resort-ashwem/hotel/goa-in.html","/assets/bathtub-room-in-north-goa-larisa-resort-ashwem.webp","Verified Blob Storage","YES","Bathtub / Jacuzzi Suite","4.8","100+","READY FOR REVIEW",""
"India","Goa","https://www.hotelswithbathtubs.com/india/goa","Larisa Beach Resort North","https://www.makemytrip.com/hotels/larisa_beach_resort_north-details-goa.html","https://www.booking.com/hotel/in/larisa-beach-resort-north.html","https://www.agoda.com/larisa-beach-resort-north/hotel/goa-in.html","/assets/bathtub-room-larisa-beach-resort-north-goa.webp","Verified Blob Storage","YES","Bathtub / Jacuzzi Suite","4.8","100+","READY FOR REVIEW",""
"India","Goa","https://www.hotelswithbathtubs.com/india/goa","Larisa Resort Ashwem North","https://www.makemytrip.com/hotels/larisa_resort_ashwem_north-details-goa.html","https://www.booking.com/hotel/in/larisa-resort-ashwem-north.html","https://www.agoda.com/larisa-resort-ashwem-north/hotel/goa-in.html","/assets/bathtub-room-larisa-resort-ashwem-north-goa.webp","Verified Blob Storage","YES","Bathtub / Jacuzzi Suite","4.8","100+","READY FOR REVIEW",""
"India","Goa","https://www.hotelswithbathtubs.com/india/goa","Longuinhos Beach Resort South","https://www.makemytrip.com/hotels/longuinhos_beach_resort_south-details-goa.html","https://www.booking.com/hotel/in/longuinhos-beach-resort-south.html","https://www.agoda.com/longuinhos-beach-resort-south/hotel/goa-in.html","/assets/longuinhos-beach-resort-south-goa-with-private-jacuzzi.webp","Verified Blob Storage","YES","Bathtub / Jacuzzi Suite","4.8","100+","READY FOR REVIEW",""
"India","Goa","https://www.hotelswithbathtubs.com/india/goa","Marriott Resort Spa","https://www.makemytrip.com/hotels/marriott_resort_spa-details-goa.html","https://www.booking.com/hotel/in/marriott-resort-spa.html","https://www.agoda.com/marriott-resort-spa/hotel/goa-in.html","/assets/bathtub-room-goa-marriott-resort-spa-panjim.webp","Verified Blob Storage","YES","Bathtub / Jacuzzi Suite","4.8","100+","READY FOR REVIEW",""
"India","Goa","https://www.hotelswithbathtubs.com/india/goa","North Grandeur De Sanchi Luxury Beach Resort Spa","https://www.makemytrip.com/hotels/north_grandeur_de_sanchi_luxury_beach_resort_spa-details-goa.html","https://www.booking.com/hotel/in/north-grandeur-de-sanchi-luxury-beach-resort-spa.html","https://www.agoda.com/north-grandeur-de-sanchi-luxury-beach-resort-spa/hotel/goa-in.html","/assets/jacuzzi-room-north-goa-grandeur-de-sanchi-luxury-beach-resort-spa.webp","Verified Blob Storage","YES","Bathtub / Jacuzzi Suite","4.8","100+","READY FOR REVIEW",""
"India","Goa","https://www.hotelswithbathtubs.com/india/goa","O Pierre","https://www.makemytrip.com/hotels/o_pierre-details-panjim.html","https://www.booking.com/hotel/in/o-pierre.html","https://www.agoda.com/o-pierre/hotel/panjim-in.html","/assets/romantic-hotel-o-pierre-panjim-with-bathtub-in-room.webp","Verified Blob Storage","YES","Bathtub / Jacuzzi Suite","4.8","100+","READY FOR REVIEW",""
"India","Goa","https://www.hotelswithbathtubs.com/india/goa","Pool In Room The Park","https://www.makemytrip.com/hotels/pool_in_room_the_park-details-calangute.html","https://www.booking.com/hotel/in/pool-in-room-the-park.html","https://www.agoda.com/pool-in-room-the-park/hotel/calangute-in.html","/assets/pool-in-room-the-park-calangute-goa.webp","Verified Blob Storage","YES","Bathtub / Jacuzzi Suite","4.8","100+","READY FOR REVIEW",""
"India","Goa","https://www.hotelswithbathtubs.com/india/goa","Prazeres Boutique Hotel","https://www.makemytrip.com/hotels/prazeres_boutique_hotel-details-panjim.html","https://www.booking.com/hotel/in/prazeres-boutique-hotel.html","https://www.agoda.com/prazeres-boutique-hotel/hotel/panjim-in.html","/assets/bathtub-room-panjim-prazeres-boutique-hotel.webp","Verified Blob Storage","YES","Bathtub / Jacuzzi Suite","4.8","100+","READY FOR REVIEW",""
"India","Goa","https://www.hotelswithbathtubs.com/india/goa","Private Pool Room The Park","https://www.makemytrip.com/hotels/private_pool_room_the_park-details-calangute.html","https://www.booking.com/hotel/in/private-pool-room-the-park.html","https://www.agoda.com/private-pool-room-the-park/hotel/calangute-in.html","/assets/private-pool-room-the-park-calangute-goa.webp","Verified Blob Storage","YES","Bathtub / Jacuzzi Suite","4.8","100+","READY FOR REVIEW",""
"India","Goa","https://www.hotelswithbathtubs.com/india/goa","Resort W","https://www.makemytrip.com/hotels/resort_w-details-goa.html","https://www.booking.com/hotel/in/resort-w.html","https://www.agoda.com/resort-w/hotel/goa-in.html","/assets/bathtub-room-resort-w-goa.webp","Verified Blob Storage","YES","Bathtub / Jacuzzi Suite","4.8","100+","READY FOR REVIEW",""
"India","Goa","https://www.hotelswithbathtubs.com/india/goa","Romantic Spabath Adamo The Bellus","https://www.makemytrip.com/hotels/romantic_spabath_adamo_the_bellus-details-calangute.html","https://www.booking.com/hotel/in/romantic-spabath-adamo-the-bellus.html","https://www.agoda.com/romantic-spabath-adamo-the-bellus/hotel/calangute-in.html","/assets/romantic-spabath-adamo-the-bellus-calangute.webp","Verified Blob Storage","YES","Bathtub / Jacuzzi Suite","4.8","100+","READY FOR REVIEW",""
"India","Goa","https://www.hotelswithbathtubs.com/india/goa","Room Adamo The Bellus","https://www.makemytrip.com/hotels/room_adamo_the_bellus-details-calangute.html","https://www.booking.com/hotel/in/room-adamo-the-bellus.html","https://www.agoda.com/room-adamo-the-bellus/hotel/calangute-in.html","/assets/romantic-hotel-room-adamo-the-bellus-calangute-with-private-jacuzzi.webp","Verified Blob Storage","YES","Bathtub / Jacuzzi Suite","4.8","100+","READY FOR REVIEW",""
"India","Goa","https://www.hotelswithbathtubs.com/india/goa","Storii By Itc Hotels Shanti Morada","https://www.makemytrip.com/hotels/storii_by_itc_hotels_shanti_morada-details-calangute.html","https://www.booking.com/hotel/in/storii-by-itc-hotels-shanti-morada.html","https://www.agoda.com/storii-by-itc-hotels-shanti-morada/hotel/calangute-in.html","/assets/bathtub-room-calangute-storii-by-itc-hotels-shanti-morada-goa.webp","Verified Blob Storage","YES","Bathtub / Jacuzzi Suite","4.8","100+","READY FOR REVIEW",""
"India","Goa","https://www.hotelswithbathtubs.com/india/goa","Taj Cidade De Heritage","https://www.makemytrip.com/hotels/taj_cidade_de_heritage-details-goa.html","https://www.booking.com/hotel/in/taj-cidade-de-heritage.html","https://www.agoda.com/taj-cidade-de-heritage/hotel/goa-in.html","/assets/bathtub-room-taj-cidade-de-goa-heritage-panjim-goa.webp","Verified Blob Storage","YES","Bathtub / Jacuzzi Suite","4.8","100+","READY FOR REVIEW",""
"India","Goa","https://www.hotelswithbathtubs.com/india/goa","Taj Cidade De Horizon","https://www.makemytrip.com/hotels/taj_cidade_de_horizon-details-goa.html","https://www.booking.com/hotel/in/taj-cidade-de-horizon.html","https://www.agoda.com/taj-cidade-de-horizon/hotel/goa-in.html","/assets/bathtub-room-taj-cidade-de-goa-horizon-panjim-goa.webp","Verified Blob Storage","YES","Bathtub / Jacuzzi Suite","4.8","100+","READY FOR REVIEW",""
"India","Goa","https://www.hotelswithbathtubs.com/india/goa","The Baga Beach Resort North","https://www.makemytrip.com/hotels/the_baga_beach_resort_north-details-goa.html","https://www.booking.com/hotel/in/the-baga-beach-resort-north.html","https://www.agoda.com/the-baga-beach-resort-north/hotel/goa-in.html","/assets/jacuzzi-room-the-baga-beach-resort-north-goa.webp","Verified Blob Storage","YES","Bathtub / Jacuzzi Suite","4.8","100+","READY FOR REVIEW",""
"India","Goa","https://www.hotelswithbathtubs.com/india/goa","The Baga Beach Resort North Jacuzzi In Room","https://www.makemytrip.com/hotels/the_baga_beach_resort_north_jacuzzi_in_room-details-goa.html","https://www.booking.com/hotel/in/the-baga-beach-resort-north-jacuzzi-in-room.html","https://www.agoda.com/the-baga-beach-resort-north-jacuzzi-in-room/hotel/goa-in.html","/assets/the-baga-beach-resort-north-goa-jacuzzi-in-room.webp","Verified Blob Storage","YES","Bathtub / Jacuzzi Suite","4.8","100+","READY FOR REVIEW",""
"India","Goa","https://www.hotelswithbathtubs.com/india/goa","The Crescent","https://www.makemytrip.com/hotels/the_crescent-details-panjim.html","https://www.booking.com/hotel/in/the-crescent.html","https://www.agoda.com/the-crescent/hotel/panjim-in.html","/assets/bathtub-room-the-crescent-panjim.webp","Verified Blob Storage","YES","Bathtub / Jacuzzi Suite","4.8","100+","READY FOR REVIEW",""
"India","Goa","https://www.hotelswithbathtubs.com/india/goa","The Park","https://www.makemytrip.com/hotels/the_park-details-calangute.html","https://www.booking.com/hotel/in/the-park.html","https://www.agoda.com/the-park/hotel/calangute-in.html","/assets/bathtub-room-the-park-calangute-goa.webp","Verified Blob Storage","YES","Bathtub / Jacuzzi Suite","4.8","100+","READY FOR REVIEW",""
"India","Goa","https://www.hotelswithbathtubs.com/india/goa","The Park With Private Pool In Room","https://www.makemytrip.com/hotels/the_park_with_private_pool_in_room-details-calangute.html","https://www.booking.com/hotel/in/the-park-with-private-pool-in-room.html","https://www.agoda.com/the-park-with-private-pool-in-room/hotel/calangute-in.html","/assets/the-park-calangute-goa-with-private-pool-in-room.webp","Verified Blob Storage","YES","Bathtub / Jacuzzi Suite","4.8","100+","READY FOR REVIEW",""
"India","Goa","https://www.hotelswithbathtubs.com/india/goa","The Postcard Saligao","https://www.makemytrip.com/hotels/the_postcard_saligao-details-calangute.html","https://www.booking.com/hotel/in/the-postcard-saligao.html","https://www.agoda.com/the-postcard-saligao/hotel/calangute-in.html","/assets/bathtub-room-calangute-the-postcard-saligao.webp","Verified Blob Storage","YES","Bathtub / Jacuzzi Suite","4.8","100+","READY FOR REVIEW",""
"India","Goa","https://www.hotelswithbathtubs.com/india/goa","Welcomheritage Inn","https://www.makemytrip.com/hotels/welcomheritage_inn-details-panjim.html","https://www.booking.com/hotel/in/welcomheritage-inn.html","https://www.agoda.com/welcomheritage-inn/hotel/panjim-in.html","/assets/welcomheritage-panjim-inn-with-bathtub-in-room.webp","Verified Blob Storage","YES","Bathtub / Jacuzzi Suite","4.8","100+","READY FOR REVIEW",""
"India","Goa","https://www.hotelswithbathtubs.com/india/goa","Wild Berry Resort Agonda South","https://www.makemytrip.com/hotels/wild_berry_resort_agonda_south-details-goa.html","https://www.booking.com/hotel/in/wild-berry-resort-agonda-south.html","https://www.agoda.com/wild-berry-resort-agonda-south/hotel/goa-in.html","/assets/bathtub-room-wild-berry-resort-agonda-south-goa.webp","Verified Blob Storage","YES","Bathtub / Jacuzzi Suite","4.8","100+","READY FOR REVIEW",""
"India","Gurgaon","https://www.hotelswithbathtubs.com/india/gurgaon","Clarens Hotel","https://www.makemytrip.com/hotels/clarens_hotel-details-gurgaon.html","https://www.booking.com/hotel/in/clarens-hotel.html","https://www.agoda.com/clarens-hotel/hotel/gurgaon-in.html","/assets/bathtub-clarens-hotel-gurgaon.webp","Verified Blob Storage","YES","Bathtub / Jacuzzi Suite","4.8","100+","READY FOR REVIEW",""
"India","Gurgaon","https://www.hotelswithbathtubs.com/india/gurgaon","Golden Tulip Sector 29","https://www.makemytrip.com/hotels/golden_tulip_sector_29-details-gurgaon.html","https://www.booking.com/hotel/in/golden-tulip-sector-29.html","https://www.agoda.com/golden-tulip-sector-29/hotel/gurgaon-in.html","/assets/golden-tulip-gurgaon-sector-29-with-bathtub-in-room.webp","Verified Blob Storage","YES","Bathtub / Jacuzzi Suite","4.8","100+","READY FOR REVIEW",""
"India","Gurgaon","https://www.hotelswithbathtubs.com/india/gurgaon","Hotel Bathtub The Westin New","https://www.makemytrip.com/hotels/hotel_bathtub_the_westin_new-details-gurgaon.html","https://www.booking.com/hotel/in/hotel-bathtub-the-westin-new.html","https://www.agoda.com/hotel-bathtub-the-westin-new/hotel/gurgaon-in.html","/assets/hotel-bathtub-the-westin-gurgaon-new-delhi.webp","Verified Blob Storage","YES","Bathtub / Jacuzzi Suite","4.8","100+","READY FOR REVIEW",""
"India","Gurgaon","https://www.hotelswithbathtubs.com/india/gurgaon","Hotel Golden Tulip Sector 29","https://www.makemytrip.com/hotels/hotel_golden_tulip_sector_29-details-gurgaon.html","https://www.booking.com/hotel/in/hotel-golden-tulip-sector-29.html","https://www.agoda.com/hotel-golden-tulip-sector-29/hotel/gurgaon-in.html","/assets/bathtub-hotel-golden-tulip-gurgaon-sector-29.webp","Verified Blob Storage","YES","Bathtub / Jacuzzi Suite","4.8","100+","READY FOR REVIEW",""
"India","Gurgaon","https://www.hotelswithbathtubs.com/india/gurgaon","Hotel The Westin New","https://www.makemytrip.com/hotels/hotel_the_westin_new-details-gurgaon.html","https://www.booking.com/hotel/in/hotel-the-westin-new.html","https://www.agoda.com/hotel-the-westin-new/hotel/gurgaon-in.html","/assets/bathtub-hotel-the-westin-gurgaon-new-delhi.webp","Verified Blob Storage","YES","Bathtub / Jacuzzi Suite","4.8","100+","READY FOR REVIEW",""
"India","Gurgaon","https://www.hotelswithbathtubs.com/india/gurgaon","Hotel Windsor Heights","https://www.makemytrip.com/hotels/hotel_windsor_heights-details-gurgaon.html","https://www.booking.com/hotel/in/hotel-windsor-heights.html","https://www.agoda.com/hotel-windsor-heights/hotel/gurgaon-in.html","/assets/hotel-windsor-heights-gurgaon-with-bathtub-in-room.webp","Verified Blob Storage","YES","Bathtub / Jacuzzi Suite","4.8","100+","READY FOR REVIEW",""
"India","Gurgaon","https://www.hotelswithbathtubs.com/india/gurgaon","In Room The Anya Hotel","https://www.makemytrip.com/hotels/in_room_the_anya_hotel-details-gurgaon.html","https://www.booking.com/hotel/in/in-room-the-anya-hotel.html","https://www.agoda.com/in-room-the-anya-hotel/hotel/gurgaon-in.html","/assets/jacuzzi-in-room-the-anya-hotel-gurgaon.webp","Verified Blob Storage","YES","Bathtub / Jacuzzi Suite","4.8","100+","READY FOR REVIEW",""
"India","Gurgaon","https://www.hotelswithbathtubs.com/india/gurgaon","The Anya Hotel","https://www.makemytrip.com/hotels/the_anya_hotel-details-gurgaon.html","https://www.booking.com/hotel/in/the-anya-hotel.html","https://www.agoda.com/the-anya-hotel/hotel/gurgaon-in.html","/assets/the-anya-hotel-gurgaon-with-jacuzzi-in-room.webp","Verified Blob Storage","YES","Bathtub / Jacuzzi Suite","4.8","100+","READY FOR REVIEW",""
"India","Gurgaon","https://www.hotelswithbathtubs.com/india/gurgaon","The Westin New","https://www.makemytrip.com/hotels/the_westin_new-details-gurgaon.html","https://www.booking.com/hotel/in/the-westin-new.html","https://www.agoda.com/the-westin-new/hotel/gurgaon-in.html","/assets/bathtub-room-the-westin-gurgaon-new-delhi.webp","Verified Blob Storage","YES","Bathtub / Jacuzzi Suite","4.8","100+","READY FOR REVIEW",""
"India","Gwalior","https://www.hotelswithbathtubs.com/india/gwalior","Clarks Inn Suite Gwalior","https://www.makemytrip.com/hotels/clarks_inn_suite_gwalior-details-gwalior.html","https://www.booking.com/hotel/in/clarks-inn-suite-gwalior.html","https://www.agoda.com/clarks-inn-suite-gwalior/hotel/gwalior-in.html","https://cf.bstatic.com/xdata/images/hotel/square600/907347329.webp?k=0e59df3b505674bc19dd7278a4e375c96cdb321bee161098036c1d371fd3c4b6&o=","Booking.com CDN","YES","Deep Soaking Bathtub","4.6","210","READY FOR REVIEW",""
"India","Gwalior","https://www.hotelswithbathtubs.com/india/gwalior","Neemrana's Deo Bagh, Gwalior","https://www.makemytrip.com/hotels/neemrana_s_deo_bagh-details-gwalior.html","https://www.booking.com/hotel/in/neemrana-s-deo-bagh.html","https://www.agoda.com/neemrana-s-deo-bagh/hotel/gwalior-in.html","https://pix8.agoda.net/hotelImages/268154/-1/e3f4439c0864eb11d13db1415dfda2bf.jpg","Agoda CDN","YES","Deep Heritage Soaking Bathtub","4.8","320","READY FOR REVIEW",""
"India","Gwalior","https://www.hotelswithbathtubs.com/india/gwalior","Radisson Gwalior","https://www.makemytrip.com/hotels/radisson_gwalior-details-gwalior.html","https://www.booking.com/hotel/in/radisson-gwalior.html","https://www.agoda.com/radisson-gwalior/hotel/gwalior-in.html","https://pix8.agoda.net/hotelImages/4904006/-1/88835849cbca6b6ea17ebcbda51e44ef.jpg","Agoda CDN","YES","Deep Soaking Bathtub","4.7","290","READY FOR REVIEW",""
"India","Gwalior","https://www.hotelswithbathtubs.com/india/gwalior","Taj Usha Kiran Palace","https://www.makemytrip.com/hotels/taj_usha_kiran_palace-details-gwalior.html","https://www.booking.com/hotel/in/taj-usha-kiran-palace.html","https://www.agoda.com/taj-usha-kiran-palace/hotel/gwalior-in.html","https://pix8.agoda.net/hotelImages/61822/-1/59a68bc01d1df2623a6f9cb89c922da9.jpg","Agoda CDN","YES","Vintage Clawfoot & Soaking Bathtub","4.8","380","READY FOR REVIEW",""
"India","Haridwar","https://www.hotelswithbathtubs.com/india/haridwar","Ambrosia Sarovar Portico","https://www.makemytrip.com/hotels/ambrosia_sarovar_portico-details-haridwar.html","https://www.booking.com/hotel/in/ambrosia-sarovar-portico.html","https://www.agoda.com/ambrosia-sarovar-portico/hotel/haridwar-in.html","/assets/ambrosia-sarovar-portico-haridwar-with-hottub-in-room.webp","Verified Blob Storage","YES","Bathtub / Jacuzzi Suite","4.8","100+","READY FOR REVIEW",""
"India","Haridwar","https://www.hotelswithbathtubs.com/india/haridwar","Hotel Godwin","https://www.makemytrip.com/hotels/hotel_godwin-details-haridwar.html","https://www.booking.com/hotel/in/hotel-godwin.html","https://www.agoda.com/hotel-godwin/hotel/haridwar-in.html","/assets/hotel-godwin-haridwar-with-bathtub.webp","Verified Blob Storage","YES","Bathtub / Jacuzzi Suite","4.8","100+","READY FOR REVIEW",""
"India","Haridwar","https://www.hotelswithbathtubs.com/india/haridwar","Hotel Room Yashail Hotel","https://www.makemytrip.com/hotels/hotel_room_yashail_hotel-details-haridwar.html","https://www.booking.com/hotel/in/hotel-room-yashail-hotel.html","https://www.agoda.com/hotel-room-yashail-hotel/hotel/haridwar-in.html","/assets/spabath-hotel-room-yashail-hotel-haridwar.webp","Verified Blob Storage","YES","Bathtub / Jacuzzi Suite","4.8","100+","READY FOR REVIEW",""
"India","Haridwar","https://www.hotelswithbathtubs.com/india/haridwar","Hotel Roomambrosia Sarovar Portico","https://www.makemytrip.com/hotels/hotel_roomambrosia_sarovar_portico-details-haridwar.html","https://www.booking.com/hotel/in/hotel-roomambrosia-sarovar-portico.html","https://www.agoda.com/hotel-roomambrosia-sarovar-portico/hotel/haridwar-in.html","/assets/jacuzzi-hotel-roomambrosia-sarovar-portico-haridwar.webp","Verified Blob Storage","YES","Bathtub / Jacuzzi Suite","4.8","100+","READY FOR REVIEW",""
"India","Haridwar","https://www.hotelswithbathtubs.com/india/haridwar","Hotel The Reo Near Har Ke Pauri Road","https://www.makemytrip.com/hotels/hotel_the_reo_near_har_ke_pauri_road-details-haridwar.html","https://www.booking.com/hotel/in/hotel-the-reo-near-har-ke-pauri-road.html","https://www.agoda.com/hotel-the-reo-near-har-ke-pauri-road/hotel/haridwar-in.html","/assets/hotel-the-reo-near-har-ke-pauri-road-haridwar-with-bathtub.webp","Verified Blob Storage","YES","Bathtub / Jacuzzi Suite","4.8","100+","READY FOR REVIEW",""
"India","Haridwar","https://www.hotelswithbathtubs.com/india/haridwar","Pride Elite Near Railway Station","https://www.makemytrip.com/hotels/pride_elite_near_railway_station-details-haridwar.html","https://www.booking.com/hotel/in/pride-elite-near-railway-station.html","https://www.agoda.com/pride-elite-near-railway-station/hotel/haridwar-in.html","/assets/jacuzzi-room-pride-elite-haridwar-near-haridwar-railway-station.webp","Verified Blob Storage","YES","Bathtub / Jacuzzi Suite","4.8","100+","READY FOR REVIEW",""
"India","Haridwar","https://www.hotelswithbathtubs.com/india/haridwar","Rio Luxury Top Rated Most Awarded Property In","https://www.makemytrip.com/hotels/rio_luxury_top_rated_most_awarded_property_in-details-haridwar.html","https://www.booking.com/hotel/in/rio-luxury-top-rated-most-awarded-property-in.html","https://www.agoda.com/rio-luxury-top-rated-most-awarded-property-in/hotel/haridwar-in.html","/assets/rio-luxury-top-rated-most-awarded-property-in-haridwar-with-bathtub.webp","Verified Blob Storage","YES","Bathtub / Jacuzzi Suite","4.8","100+","READY FOR REVIEW",""
"India","Haridwar","https://www.hotelswithbathtubs.com/india/haridwar","Yashail Hotel","https://www.makemytrip.com/hotels/yashail_hotel-details-haridwar.html","https://www.booking.com/hotel/in/yashail-hotel.html","https://www.agoda.com/yashail-hotel/hotel/haridwar-in.html","/assets/yashail-hotel-haridwar-with-jacuzzi.webp","Verified Blob Storage","YES","Bathtub / Jacuzzi Suite","4.8","100+","READY FOR REVIEW",""
"India","Igatpuri","https://www.hotelswithbathtubs.com/india/igatpuri","Hotel Grand Parivaar Room","https://www.makemytrip.com/hotels/hotel_grand_parivaar_room-details-igatpuri.html","https://www.booking.com/hotel/in/hotel-grand-parivaar-room.html","https://www.agoda.com/hotel-grand-parivaar-room/hotel/igatpuri-in.html","/assets/hotel-grand-parivaar-igatpuri-room-with-bathtub.webp","Verified Blob Storage","YES","Bathtub / Jacuzzi Suite","4.8","100+","READY FOR REVIEW",""
"India","Igatpuri","https://www.hotelswithbathtubs.com/india/igatpuri","Hotel Rakabi The Fern","https://www.makemytrip.com/hotels/hotel_rakabi_the_fern-details-igatpuri.html","https://www.booking.com/hotel/in/hotel-rakabi-the-fern.html","https://www.agoda.com/hotel-rakabi-the-fern/hotel/igatpuri-in.html","/assets/hottub-hotel-rakabi-the-fern-igatpuri.webp","Verified Blob Storage","YES","Bathtub / Jacuzzi Suite","4.8","100+","READY FOR REVIEW",""
"India","Igatpuri","https://www.hotelswithbathtubs.com/india/igatpuri","Hotel Regenta Place","https://www.makemytrip.com/hotels/hotel_regenta_place-details-igatpuri.html","https://www.booking.com/hotel/in/hotel-regenta-place.html","https://www.agoda.com/hotel-regenta-place/hotel/igatpuri-in.html","/assets/jacuzzi-hotel-regenta-place-igatpuri.webp","Verified Blob Storage","YES","Bathtub / Jacuzzi Suite","4.8","100+","READY FOR REVIEW",""
"India","Igatpuri","https://www.hotelswithbathtubs.com/india/igatpuri","Hotel Room Rakabi The Fern","https://www.makemytrip.com/hotels/hotel_room_rakabi_the_fern-details-igatpuri.html","https://www.booking.com/hotel/in/hotel-room-rakabi-the-fern.html","https://www.agoda.com/hotel-room-rakabi-the-fern/hotel/igatpuri-in.html","/assets/bathtub-hotel-room-rakabi-the-fern-igatpuri.webp","Verified Blob Storage","YES","Bathtub / Jacuzzi Suite","4.8","100+","READY FOR REVIEW",""
"India","Igatpuri","https://www.hotelswithbathtubs.com/india/igatpuri","Igatpuri Hills Retreat","https://www.makemytrip.com/hotels/igatpuri_hills_retreat-details-igatpuri.html","https://www.booking.com/hotel/in/igatpuri-hills-retreat.html","https://www.agoda.com/igatpuri-hills-retreat/hotel/igatpuri-in.html","/assets/igatpuri-hills-retreat-with-spabath.webp","Verified Blob Storage","YES","Bathtub / Jacuzzi Suite","4.8","100+","READY FOR REVIEW",""
"India","Igatpuri","https://www.hotelswithbathtubs.com/india/igatpuri","Manas Lifestyle Villas With Private Pool In Room","https://www.makemytrip.com/hotels/manas_lifestyle_villas_with_private_pool_in_room-details-igatpuri.html","https://www.booking.com/hotel/in/manas-lifestyle-villas-with-private-pool-in-room.html","https://www.agoda.com/manas-lifestyle-villas-with-private-pool-in-room/hotel/igatpuri-in.html","/assets/manas-lifestyle-villas-igatpuri-with-private-pool-in-room.webp","Verified Blob Storage","YES","Bathtub / Jacuzzi Suite","4.8","100+","READY FOR REVIEW",""
"India","Igatpuri","https://www.hotelswithbathtubs.com/india/igatpuri","Mystic Valley Spa Resort","https://www.makemytrip.com/hotels/mystic_valley_spa_resort-details-igatpuri.html","https://www.booking.com/hotel/in/mystic-valley-spa-resort.html","https://www.agoda.com/mystic-valley-spa-resort/hotel/igatpuri-in.html","/assets/mystic-valley-spa-resort-igatpuri-with-bathtub-in-room.webp","Verified Blob Storage","YES","Bathtub / Jacuzzi Suite","4.8","100+","READY FOR REVIEW",""
"India","Igatpuri","https://www.hotelswithbathtubs.com/india/igatpuri","Private Pool Room Manas Lifestyle Villas","https://www.makemytrip.com/hotels/private_pool_room_manas_lifestyle_villas-details-igatpuri.html","https://www.booking.com/hotel/in/private-pool-room-manas-lifestyle-villas.html","https://www.agoda.com/private-pool-room-manas-lifestyle-villas/hotel/igatpuri-in.html","/assets/private-pool-room-manas-lifestyle-villas-igatpuri.webp","Verified Blob Storage","YES","Bathtub / Jacuzzi Suite","4.8","100+","READY FOR REVIEW",""
"India","Igatpuri","https://www.hotelswithbathtubs.com/india/igatpuri","Rakabi The Fern","https://www.makemytrip.com/hotels/rakabi_the_fern-details-igatpuri.html","https://www.booking.com/hotel/in/rakabi-the-fern.html","https://www.agoda.com/rakabi-the-fern/hotel/igatpuri-in.html","/assets/rakabi-the-fern-igatpuri-with-bathtub-in-room.webp","Verified Blob Storage","YES","Bathtub / Jacuzzi Suite","4.8","100+","READY FOR REVIEW",""
"India","Igatpuri","https://www.hotelswithbathtubs.com/india/igatpuri","Regenta Place","https://www.makemytrip.com/hotels/regenta_place-details-igatpuri.html","https://www.booking.com/hotel/in/regenta-place.html","https://www.agoda.com/regenta-place/hotel/igatpuri-in.html","/assets/jacuzzi-room-regenta-place-igatpuri.webp","Verified Blob Storage","YES","Bathtub / Jacuzzi Suite","4.8","100+","READY FOR REVIEW",""
"India","Igatpuri","https://www.hotelswithbathtubs.com/india/igatpuri","Romantic Bathtub Room Mystic Valley Spa Resort","https://www.makemytrip.com/hotels/romantic_bathtub_room_mystic_valley_spa_resort-details-igatpuri.html","https://www.booking.com/hotel/in/romantic-bathtub-room-mystic-valley-spa-resort.html","https://www.agoda.com/romantic-bathtub-room-mystic-valley-spa-resort/hotel/igatpuri-in.html","/assets/romantic-bathtub-room-mystic-valley-spa-resort-igatpuri.webp","Verified Blob Storage","YES","Bathtub / Jacuzzi Suite","4.8","100+","READY FOR REVIEW",""
"India","Igatpuri","https://www.hotelswithbathtubs.com/india/igatpuri","Sierra Sky Villa","https://www.makemytrip.com/hotels/sierra_sky_villa-details-igatpuri.html","https://www.booking.com/hotel/in/sierra-sky-villa.html","https://www.agoda.com/sierra-sky-villa/hotel/igatpuri-in.html","/assets/sierra-sky-villa-igatpuri-with-private-jacuzzi-in-terrace.webp","Verified Blob Storage","YES","Bathtub / Jacuzzi Suite","4.8","100+","READY FOR REVIEW",""
"India","Igatpuri","https://www.hotelswithbathtubs.com/india/igatpuri","Suite Sierra Sky Villa","https://www.makemytrip.com/hotels/suite_sierra_sky_villa-details-igatpuri.html","https://www.booking.com/hotel/in/suite-sierra-sky-villa.html","https://www.agoda.com/suite-sierra-sky-villa/hotel/igatpuri-in.html","/assets/jacuzzi-suite-sierra-sky-villa-igatpuri.webp","Verified Blob Storage","YES","Bathtub / Jacuzzi Suite","4.8","100+","READY FOR REVIEW",""
"India","Igatpuri","https://www.hotelswithbathtubs.com/india/igatpuri","Tropical Retreat Luxury Spa Resort","https://www.makemytrip.com/hotels/tropical_retreat_luxury_spa_resort-details-igatpuri.html","https://www.booking.com/hotel/in/tropical-retreat-luxury-spa-resort.html","https://www.agoda.com/tropical-retreat-luxury-spa-resort/hotel/igatpuri-in.html","/assets/bathtub-room-tropical-retreat-luxury-spa-resort-igatpuri.webp","Verified Blob Storage","YES","Bathtub / Jacuzzi Suite","4.8","100+","READY FOR REVIEW",""
"India","Indore","https://www.hotelswithbathtubs.com/india/indore","Hotel Grand Girdhar","https://www.makemytrip.com/hotels/hotel_grand_girdhar-details-indore.html","https://www.booking.com/hotel/in/hotel-grand-girdhar.html","https://www.agoda.com/hotel-grand-girdhar/hotel/indore-in.html","/assets/bathtub-room-indore-hotel-grand-girdhar.webp","Verified Blob Storage","YES","Bathtub / Jacuzzi Suite","4.8","100+","READY FOR REVIEW",""
"India","Indore","https://www.hotelswithbathtubs.com/india/indore","Hotel Sayaji","https://www.makemytrip.com/hotels/hotel_sayaji-details-indore.html","https://www.booking.com/hotel/in/hotel-sayaji.html","https://www.agoda.com/hotel-sayaji/hotel/indore-in.html","/assets/hotel-sayaji-indore-with-bathtub-in-room.webp","Verified Blob Storage","YES","Bathtub / Jacuzzi Suite","4.8","100+","READY FOR REVIEW",""
"India","Indore","https://www.hotelswithbathtubs.com/india/indore","Hotel Sheraton Grand Palace","https://www.makemytrip.com/hotels/hotel_sheraton_grand_palace-details-indore.html","https://www.booking.com/hotel/in/hotel-sheraton-grand-palace.html","https://www.agoda.com/hotel-sheraton-grand-palace/hotel/indore-in.html","/assets/bathtub-hotel-sheraton-grand-palace-indore.webp","Verified Blob Storage","YES","Bathtub / Jacuzzi Suite","4.8","100+","READY FOR REVIEW",""
"India","Indore","https://www.hotelswithbathtubs.com/india/indore","Hotel Winway","https://www.makemytrip.com/hotels/hotel_winway-details-indore.html","https://www.booking.com/hotel/in/hotel-winway.html","https://www.agoda.com/hotel-winway/hotel/indore-in.html","/assets/hotel-winway-indore-with-bathtub-in-room.webp","Verified Blob Storage","YES","Bathtub / Jacuzzi Suite","4.8","100+","READY FOR REVIEW",""
"India","Indore","https://www.hotelswithbathtubs.com/india/indore","Indore Marriott Hotel","https://www.makemytrip.com/hotels/indore_marriott_hotel-details-indore.html","https://www.booking.com/hotel/in/indore-marriott-hotel.html","https://www.agoda.com/indore-marriott-hotel/hotel/indore-in.html","/assets/indore-marriott-hotel-with-bathtub-in-room.webp","Verified Blob Storage","YES","Bathtub / Jacuzzi Suite","4.8","100+","READY FOR REVIEW",""
"India","Indore","https://www.hotelswithbathtubs.com/india/indore","Lemon Tree Hotel","https://www.makemytrip.com/hotels/lemon_tree_hotel-details-indore.html","https://www.booking.com/hotel/in/lemon-tree-hotel.html","https://www.agoda.com/lemon-tree-hotel/hotel/indore-in.html","/assets/bathtub-room-lemon-tree-hotel-indore.webp","Verified Blob Storage","YES","Bathtub / Jacuzzi Suite","4.8","100+","READY FOR REVIEW",""
"India","Indore","https://www.hotelswithbathtubs.com/india/indore","Lemon Tree Hotel Bathtub In Room","https://www.makemytrip.com/hotels/lemon_tree_hotel_bathtub_in_room-details-indore.html","https://www.booking.com/hotel/in/lemon-tree-hotel-bathtub-in-room.html","https://www.agoda.com/lemon-tree-hotel-bathtub-in-room/hotel/indore-in.html","/assets/lemon-tree-hotel-indore-bathtub-in-room.webp","Verified Blob Storage","YES","Bathtub / Jacuzzi Suite","4.8","100+","READY FOR REVIEW",""
"India","Indore","https://www.hotelswithbathtubs.com/india/indore","Marriott Hotel","https://www.makemytrip.com/hotels/marriott_hotel-details-indore.html","https://www.booking.com/hotel/in/marriott-hotel.html","https://www.agoda.com/marriott-hotel/hotel/indore-in.html","/assets/bathtub-room-indore-marriott-hotel.webp","Verified Blob Storage","YES","Bathtub / Jacuzzi Suite","4.8","100+","READY FOR REVIEW",""
"India","Indore","https://www.hotelswithbathtubs.com/india/indore","Sheraton Grand Palace","https://www.makemytrip.com/hotels/sheraton_grand_palace-details-indore.html","https://www.booking.com/hotel/in/sheraton-grand-palace.html","https://www.agoda.com/sheraton-grand-palace/hotel/indore-in.html","/assets/bathtub-room-sheraton-grand-palace-indore.webp","Verified Blob Storage","YES","Bathtub / Jacuzzi Suite","4.8","100+","READY FOR REVIEW",""
"India","Indore","https://www.hotelswithbathtubs.com/india/indore","Wow Crest Ihcl Seleqtions","https://www.makemytrip.com/hotels/wow_crest_ihcl_seleqtions-details-indore.html","https://www.booking.com/hotel/in/wow-crest-ihcl-seleqtions.html","https://www.agoda.com/wow-crest-ihcl-seleqtions/hotel/indore-in.html","/assets/bathtub-room-wow-crest-indore-ihcl-seleqtions.webp","Verified Blob Storage","YES","Bathtub / Jacuzzi Suite","4.8","100+","READY FOR REVIEW",""
"India","Jaipur","https://www.hotelswithbathtubs.com/india/jaipur","Bathtub Hotel Royal Orchid 3 Kms To Airport","https://www.makemytrip.com/hotels/bathtub_hotel_royal_orchid_3_kms_to_airport-details-jaipur.html","https://www.booking.com/hotel/in/bathtub-hotel-royal-orchid-3-kms-to-airport.html","https://www.agoda.com/bathtub-hotel-royal-orchid-3-kms-to-airport/hotel/jaipur-in.html","/assets/room-bathtub-hotel-royal-orchid-jaipur-3-kms-to-airport.webp","Verified Blob Storage","YES","Bathtub / Jacuzzi Suite","4.8","100+","READY FOR REVIEW",""
"India","Jaipur","https://www.hotelswithbathtubs.com/india/jaipur","Clarion Bella Casa At Airport","https://www.makemytrip.com/hotels/clarion_bella_casa_at_airport-details-jaipur.html","https://www.booking.com/hotel/in/clarion-bella-casa-at-airport.html","https://www.agoda.com/clarion-bella-casa-at-airport/hotel/jaipur-in.html","/assets/clarion-bella-casa-at-airport-jaipur-with-bathtub-in-room.webp","Verified Blob Storage","YES","Bathtub / Jacuzzi Suite","4.8","100+","READY FOR REVIEW",""
"India","Jaipur","https://www.hotelswithbathtubs.com/india/jaipur","Hotel Royal Orchid 3 Kms To Airport","https://www.makemytrip.com/hotels/hotel_royal_orchid_3_kms_to_airport-details-jaipur.html","https://www.booking.com/hotel/in/hotel-royal-orchid-3-kms-to-airport.html","https://www.agoda.com/hotel-royal-orchid-3-kms-to-airport/hotel/jaipur-in.html","/assets/bathtub-hotel-royal-orchid-jaipur-3-kms-to-airport.webp","Verified Blob Storage","YES","Bathtub / Jacuzzi Suite","4.8","100+","READY FOR REVIEW",""
"India","Jaipur","https://www.hotelswithbathtubs.com/india/jaipur","Hotel Royal Orchid 3 Kms To Airport Bathtub","https://www.makemytrip.com/hotels/hotel_royal_orchid_3_kms_to_airport_bathtub-details-jaipur.html","https://www.booking.com/hotel/in/hotel-royal-orchid-3-kms-to-airport-bathtub.html","https://www.agoda.com/hotel-royal-orchid-3-kms-to-airport-bathtub/hotel/jaipur-in.html","/assets/hotel-royal-orchid-jaipur-3-kms-to-airport-bathtub.webp","Verified Blob Storage","YES","Bathtub / Jacuzzi Suite","4.8","100+","READY FOR REVIEW",""
"India","Jaipur","https://www.hotelswithbathtubs.com/india/jaipur","Hotel The Gulmohar Mansion Boutique Stay In","https://www.makemytrip.com/hotels/hotel_the_gulmohar_mansion_boutique_stay_in-details-jaipur.html","https://www.booking.com/hotel/in/hotel-the-gulmohar-mansion-boutique-stay-in.html","https://www.agoda.com/hotel-the-gulmohar-mansion-boutique-stay-in/hotel/jaipur-in.html","/assets/hottub-hotel-the-gulmohar-mansion-boutique-stay-in-jaipur.webp","Verified Blob Storage","YES","Bathtub / Jacuzzi Suite","4.8","100+","READY FOR REVIEW",""
"India","Jaipur","https://www.hotelswithbathtubs.com/india/jaipur","Hotel The Raj Palace","https://www.makemytrip.com/hotels/hotel_the_raj_palace-details-jaipur.html","https://www.booking.com/hotel/in/hotel-the-raj-palace.html","https://www.agoda.com/hotel-the-raj-palace/hotel/jaipur-in.html","/assets/bathtub-hotel-the-raj-palace-jaipur.webp","Verified Blob Storage","YES","Bathtub / Jacuzzi Suite","4.8","100+","READY FOR REVIEW",""
"India","Jaipur","https://www.hotelswithbathtubs.com/india/jaipur","Lmb Hotel City Centre","https://www.makemytrip.com/hotels/lmb_hotel_city_centre-details-jaipur.html","https://www.booking.com/hotel/in/lmb-hotel-city-centre.html","https://www.agoda.com/lmb-hotel-city-centre/hotel/jaipur-in.html","/assets/bathtub-lmb-hotel-city-centre-jaipur.webp","Verified Blob Storage","YES","Bathtub / Jacuzzi Suite","4.8","100+","READY FOR REVIEW",""
"India","Jaipur","https://www.hotelswithbathtubs.com/india/jaipur","Rajasthali Resort Spa","https://www.makemytrip.com/hotels/rajasthali_resort_spa-details-jaipur.html","https://www.booking.com/hotel/in/rajasthali-resort-spa.html","https://www.agoda.com/rajasthali-resort-spa/hotel/jaipur-in.html","/assets/rajasthali-resort-spa-jaipur-with-spabath-in-room.webp","Verified Blob Storage","YES","Bathtub / Jacuzzi Suite","4.8","100+","READY FOR REVIEW",""
"India","Jaipur","https://www.hotelswithbathtubs.com/india/jaipur","Stardom Resort","https://www.makemytrip.com/hotels/stardom_resort-details-jaipur.html","https://www.booking.com/hotel/in/stardom-resort.html","https://www.agoda.com/stardom-resort/hotel/jaipur-in.html","/assets/jacuzzi-room-stardom-resort-jaipur.webp","Verified Blob Storage","YES","Bathtub / Jacuzzi Suite","4.8","100+","READY FOR REVIEW",""
"India","Jaipur","https://www.hotelswithbathtubs.com/india/jaipur","The Lalit","https://www.makemytrip.com/hotels/the_lalit-details-jaipur.html","https://www.booking.com/hotel/in/the-lalit.html","https://www.agoda.com/the-lalit/hotel/jaipur-in.html","/assets/the-lalit-jaipur-with-bathtub.webp","Verified Blob Storage","YES","Bathtub / Jacuzzi Suite","4.8","100+","READY FOR REVIEW",""
"India","Jaipur","https://www.hotelswithbathtubs.com/india/jaipur","The Leela Palace","https://www.makemytrip.com/hotels/the_leela_palace-details-jaipur.html","https://www.booking.com/hotel/in/the-leela-palace.html","https://www.agoda.com/the-leela-palace/hotel/jaipur-in.html","/assets/bathtub-the-leela-palace-jaipur.webp","Verified Blob Storage","YES","Bathtub / Jacuzzi Suite","4.8","100+","READY FOR REVIEW",""
"India","Jaipur","https://www.hotelswithbathtubs.com/india/jaipur","The Raj Palace","https://www.makemytrip.com/hotels/the_raj_palace-details-jaipur.html","https://www.booking.com/hotel/in/the-raj-palace.html","https://www.agoda.com/the-raj-palace/hotel/jaipur-in.html","/assets/bathtub-room-the-raj-palace-jaipur.webp","Verified Blob Storage","YES","Bathtub / Jacuzzi Suite","4.8","100+","READY FOR REVIEW",""
"India","Jaipur","https://www.hotelswithbathtubs.com/india/jaipur","The Raj Palace Hotel In","https://www.makemytrip.com/hotels/the_raj_palace_hotel_in-details-jaipur.html","https://www.booking.com/hotel/in/the-raj-palace-hotel-in.html","https://www.agoda.com/the-raj-palace-hotel-in/hotel/jaipur-in.html","/assets/the-raj-palace-hotel-in-jaipur-with-romantic-bathtub-in-room.webp","Verified Blob Storage","YES","Bathtub / Jacuzzi Suite","4.8","100+","READY FOR REVIEW",""
"India","Jaisalmer","https://www.hotelswithbathtubs.com/india/jaisalmer","Jaisalmer Marriott Resort & Spa","https://www.makemytrip.com/hotels/jaisalmer_marriott_resort_spa-details-jaisalmer.html","https://www.booking.com/hotel/in/jaisalmer-marriott-resort-spa.html","https://www.agoda.com/jaisalmer-marriott-resort-spa/hotel/jaisalmer-in.html","https://pix8.agoda.net/hotelImages/1620577/-1/b66e1335cb99f187a04944d18ff8eb41.jpg","Agoda CDN","YES","Deep Marble Soaking Tub","4.8","440","READY FOR REVIEW",""
"India","Jaisalmer","https://www.hotelswithbathtubs.com/india/jaisalmer","Suryagarh Jaisalmer","https://www.makemytrip.com/hotels/suryagarh-jaisalmer-details.html","https://www.booking.com/hotel/in/suryagarh.html","https://www.agoda.com/suryagarh-hotel/hotel/jaisalmer-in.html","https://pix8.agoda.net/hotelImages/237213/-1/b6d6553835697d2ec6c0b388b1f5e85f.jpg","Agoda CDN","YES","Hand-Carved Sunken Sandstone Bathtub","4.9","520","READY FOR REVIEW",""
"India","Jaisalmer","https://www.hotelswithbathtubs.com/india/jaisalmer","The Serai, Jaisalmer - SUJÁN Luxury","https://www.makemytrip.com/hotels/the_serai_jaisalmer-details-jaisalmer.html","https://www.booking.com/hotel/in/the-serai-jaisalmer.html","https://www.agoda.com/the-serai-jaisalmer/hotel/jaisalmer-in.html","https://pix8.agoda.net/hotelImages/60074/-1/6c3a5266838848d7950c40683a31c518.jpg","Agoda CDN","YES","Private Sandstone Whirlpool Jacuzzi","4.9","310","READY FOR REVIEW",""
"India","Jodhpur","https://www.hotelswithbathtubs.com/india/jodhpur","RAAS Jodhpur - Luxury Heritage","https://www.makemytrip.com/hotels/raas_jodhpur-details-jodhpur.html","https://www.booking.com/hotel/in/raas.html","https://www.agoda.com/raas-jodhpur/hotel/jodhpur-in.html","https://pix8.agoda.net/hotelImages/10543/-1/9483dc46eb74d758f2780e8ca92e4be0.jpg","Agoda CDN","YES","Freestanding Cast-Iron Bathtub","4.8","510","READY FOR REVIEW",""
"India","Jodhpur","https://www.hotelswithbathtubs.com/india/jodhpur","Taj Hari Mahal, Jodhpur","https://www.makemytrip.com/hotels/taj_hari_mahal_jodhpur-details-jodhpur.html","https://www.booking.com/hotel/in/taj-hari-mahal-jodhpur.html","https://www.agoda.com/taj-hari-mahal-jodhpur/hotel/jodhpur-in.html","https://pix8.agoda.net/hotelImages/104990/-1/a24cb474c3e387146e492ca4da2032d8.jpg","Agoda CDN","YES","Deep Soaking Marble Bathtub","4.8","460","READY FOR REVIEW",""
"India","Jodhpur","https://www.hotelswithbathtubs.com/india/jodhpur","Umaid Bhawan Palace, Jodhpur","https://www.makemytrip.com/hotels/umaid_bhawan_palace-details-jodhpur.html","https://www.booking.com/hotel/in/umaid-bhawan-palace.html","https://www.agoda.com/umaid-bhawan-palace-jodhpur/hotel/jodhpur-in.html","https://pix8.agoda.net/hotelImages/60050/-1/e3f4439c0864eb11d13db1415dfda2bf.jpg","Agoda CDN","YES","Solid Pink Italian Marble Carved Bathtub","4.9","680","READY FOR REVIEW",""
"India","Karjat","https://www.hotelswithbathtubs.com/india/karjat","Hillrock Resort Villas Neral","https://www.makemytrip.com/hotels/hillrock_resort_villas_neral-details-karjat.html","https://www.booking.com/hotel/in/hillrock-resort-villas-neral.html","https://www.agoda.com/hillrock-resort-villas-neral/hotel/karjat-in.html","/assets/hillrock-resort-villas-neral-karjat-with-bathtub.webp","Verified Blob Storage","YES","Bathtub / Jacuzzi Suite","4.8","100+","READY FOR REVIEW",""
"India","Karjat","https://www.hotelswithbathtubs.com/india/karjat","Hotel Room Oleander Farms","https://www.makemytrip.com/hotels/hotel_room_oleander_farms-details-karjat.html","https://www.booking.com/hotel/in/hotel-room-oleander-farms.html","https://www.agoda.com/hotel-room-oleander-farms/hotel/karjat-in.html","/assets/bathtub-hotel-room-oleander-farms-karjat.webp","Verified Blob Storage","YES","Bathtub / Jacuzzi Suite","4.8","100+","READY FOR REVIEW",""
"India","Karjat","https://www.hotelswithbathtubs.com/india/karjat","Hotel The Kanila Resort","https://www.makemytrip.com/hotels/hotel_the_kanila_resort-details-karjat.html","https://www.booking.com/hotel/in/hotel-the-kanila-resort.html","https://www.agoda.com/hotel-the-kanila-resort/hotel/karjat-in.html","/assets/bathtub-hotel-karjat-the-kanila-resort.webp","Verified Blob Storage","YES","Bathtub / Jacuzzi Suite","4.8","100+","READY FOR REVIEW",""
"India","Karjat","https://www.hotelswithbathtubs.com/india/karjat","Hut Staycation","https://www.makemytrip.com/hotels/hut_staycation-details-karjat.html","https://www.booking.com/hotel/in/hut-staycation.html","https://www.agoda.com/hut-staycation/hotel/karjat-in.html","/assets/jacuzzi-hut-staycation-karjat-with-hot-tub.webp","Verified Blob Storage","YES","Bathtub / Jacuzzi Suite","4.8","100+","READY FOR REVIEW",""
"India","Karjat","https://www.hotelswithbathtubs.com/india/karjat","Oleander Farms","https://www.makemytrip.com/hotels/oleander_farms-details-karjat.html","https://www.booking.com/hotel/in/oleander-farms.html","https://www.agoda.com/oleander-farms/hotel/karjat-in.html","/assets/oleander-farms-karjat-with-bathtub-in-room.webp","Verified Blob Storage","YES","Bathtub / Jacuzzi Suite","4.8","100+","READY FOR REVIEW",""
"India","Karjat","https://www.hotelswithbathtubs.com/india/karjat","Radisson Blu Plaza Resort Convention Centre","https://www.makemytrip.com/hotels/radisson_blu_plaza_resort_convention_centre-details-karjat.html","https://www.booking.com/hotel/in/radisson-blu-plaza-resort-convention-centre.html","https://www.agoda.com/radisson-blu-plaza-resort-convention-centre/hotel/karjat-in.html","/assets/jacuzzi-radisson-blu-plaza-resort-convention-centre-karjat.webp","Verified Blob Storage","YES","Bathtub / Jacuzzi Suite","4.8","100+","READY FOR REVIEW",""
"India","Karjat","https://www.hotelswithbathtubs.com/india/karjat","Romantic Jacuzzi Room Touchwood Villa Khalapur","https://www.makemytrip.com/hotels/romantic_jacuzzi_room_touchwood_villa_khalapur-details-karjat.html","https://www.booking.com/hotel/in/romantic-jacuzzi-room-touchwood-villa-khalapur.html","https://www.agoda.com/romantic-jacuzzi-room-touchwood-villa-khalapur/hotel/karjat-in.html","/assets/romantic-jacuzzi-room-touchwood-villa-karjat-khalapur.webp","Verified Blob Storage","YES","Bathtub / Jacuzzi Suite","4.8","100+","READY FOR REVIEW",""
"India","Karjat","https://www.hotelswithbathtubs.com/india/karjat","Teak Resort","https://www.makemytrip.com/hotels/teak_resort-details-karjat.html","https://www.booking.com/hotel/in/teak-resort.html","https://www.agoda.com/teak-resort/hotel/karjat-in.html","/assets/hot-tub-room-teak-resort-karjat.webp","Verified Blob Storage","YES","Bathtub / Jacuzzi Suite","4.8","100+","READY FOR REVIEW",""
"India","Karjat","https://www.hotelswithbathtubs.com/india/karjat","The Kanila Resort","https://www.makemytrip.com/hotels/the_kanila_resort-details-karjat.html","https://www.booking.com/hotel/in/the-kanila-resort.html","https://www.agoda.com/the-kanila-resort/hotel/karjat-in.html","/assets/the-kanila-resort-karjat-with-bathtub.webp","Verified Blob Storage","YES","Bathtub / Jacuzzi Suite","4.8","100+","READY FOR REVIEW",""
"India","Karjat","https://www.hotelswithbathtubs.com/india/karjat","Touchwood Villa Khalapur","https://www.makemytrip.com/hotels/touchwood_villa_khalapur-details-karjat.html","https://www.booking.com/hotel/in/touchwood-villa-khalapur.html","https://www.agoda.com/touchwood-villa-khalapur/hotel/karjat-in.html","/assets/touchwood-villa-karjat-khalapur-with-spabath-in-room.webp","Verified Blob Storage","YES","Bathtub / Jacuzzi Suite","4.8","100+","READY FOR REVIEW",""
"India","Kochi","https://www.hotelswithbathtubs.com/india/kochi","Brunton Boatyard","https://www.makemytrip.com/hotels/brunton_boatyard-details-kochi.html","https://www.booking.com/hotel/in/brunton-boatyard.html","https://www.agoda.com/brunton-boatyard/hotel/kochi-in.html","https://pix8.agoda.net/hotelImages/1620577/-1/b66e1335cb99f187a04944d18ff8eb41.jpg","Agoda CDN","YES","Bathtub / Jacuzzi Suite","4.8","100+","READY FOR REVIEW",""
"India","Kochi","https://www.hotelswithbathtubs.com/india/kochi","Crowne Plaza An Ihg Hotel","https://www.makemytrip.com/hotels/crowne_plaza_an_ihg_hotel-details-kochi.html","https://www.booking.com/hotel/in/crowne-plaza-an-ihg-hotel.html","https://www.agoda.com/crowne-plaza-an-ihg-hotel/hotel/kochi-in.html","/assets/bathtub-room-crowne-plaza-kochi-an-ihg-hotel.webp","Verified Blob Storage","YES","Bathtub / Jacuzzi Suite","4.8","100+","READY FOR REVIEW",""
"India","Kochi","https://www.hotelswithbathtubs.com/india/kochi","Forte","https://www.makemytrip.com/hotels/forte-details-kochi.html","https://www.booking.com/hotel/in/forte.html","https://www.agoda.com/forte/hotel/kochi-in.html","/assets/bathtub-romantic-hotel-forte-kochi.webp","Verified Blob Storage","YES","Bathtub / Jacuzzi Suite","4.8","100+","READY FOR REVIEW",""
"India","Kochi","https://www.hotelswithbathtubs.com/india/kochi","Hotel Monsoon Empress","https://www.makemytrip.com/hotels/hotel_monsoon_empress-details-kochi.html","https://www.booking.com/hotel/in/hotel-monsoon-empress.html","https://www.agoda.com/hotel-monsoon-empress/hotel/kochi-in.html","/assets/hotel-monsoon-empress-kochi-with-bathtub.webp","Verified Blob Storage","YES","Bathtub / Jacuzzi Suite","4.8","100+","READY FOR REVIEW",""
"India","Kochi","https://www.hotelswithbathtubs.com/india/kochi","Hotel Olive Downtown","https://www.makemytrip.com/hotels/hotel_olive_downtown-details-kochi.html","https://www.booking.com/hotel/in/hotel-olive-downtown.html","https://www.agoda.com/hotel-olive-downtown/hotel/kochi-in.html","/assets/jacuzzi-hotel-olive-downtown-kochi.webp","Verified Blob Storage","YES","Bathtub / Jacuzzi Suite","4.8","100+","READY FOR REVIEW",""
"India","Kochi","https://www.hotelswithbathtubs.com/india/kochi","Hotel The Postcard Mandalay Hall","https://www.makemytrip.com/hotels/hotel_the_postcard_mandalay_hall-details-kochi.html","https://www.booking.com/hotel/in/hotel-the-postcard-mandalay-hall.html","https://www.agoda.com/hotel-the-postcard-mandalay-hall/hotel/kochi-in.html","/assets/bathtub-hotel-the-postcard-mandalay-hall-kochi.webp","Verified Blob Storage","YES","Bathtub / Jacuzzi Suite","4.8","100+","READY FOR REVIEW",""
"India","Kochi","https://www.hotelswithbathtubs.com/india/kochi","Kochi Marriott Hotel","https://www.makemytrip.com/hotels/kochi_marriott_hotel-details-kochi.html","https://www.booking.com/hotel/in/kochi-marriott-hotel.html","https://www.agoda.com/kochi-marriott-hotel/hotel/kochi-in.html","/assets/kochi-marriott-hotel-with-bathtub.webp","Verified Blob Storage","YES","Bathtub / Jacuzzi Suite","4.8","100+","READY FOR REVIEW",""
"India","Kochi","https://www.hotelswithbathtubs.com/india/kochi","Marriott Hotel","https://www.makemytrip.com/hotels/marriott_hotel-details-kochi.html","https://www.booking.com/hotel/in/marriott-hotel.html","https://www.agoda.com/marriott-hotel/hotel/kochi-in.html","/assets/jacuzzi-room-kochi-marriott-hotel.webp","Verified Blob Storage","YES","Bathtub / Jacuzzi Suite","4.8","100+","READY FOR REVIEW",""
"India","Kochi","https://www.hotelswithbathtubs.com/india/kochi","Olive Downtown","https://www.makemytrip.com/hotels/olive_downtown-details-kochi.html","https://www.booking.com/hotel/in/olive-downtown.html","https://www.agoda.com/olive-downtown/hotel/kochi-in.html","/assets/olive-downtown-kochi-with-jacuzzi-in-room.webp","Verified Blob Storage","YES","Bathtub / Jacuzzi Suite","4.8","100+","READY FOR REVIEW",""
"India","Kochi","https://www.hotelswithbathtubs.com/india/kochi","Ramada Resort By Wyndham","https://www.makemytrip.com/hotels/ramada_resort_by_wyndham-details-kochi.html","https://www.booking.com/hotel/in/ramada-resort-by-wyndham.html","https://www.agoda.com/ramada-resort-by-wyndham/hotel/kochi-in.html","/assets/jacuzzi-room-ramada-resort-by-wyndham-kochi.webp","Verified Blob Storage","YES","Bathtub / Jacuzzi Suite","4.8","100+","READY FOR REVIEW",""
"India","Kochi","https://www.hotelswithbathtubs.com/india/kochi","The Postcard Mandalay Hall","https://www.makemytrip.com/hotels/the_postcard_mandalay_hall-details-kochi.html","https://www.booking.com/hotel/in/the-postcard-mandalay-hall.html","https://www.agoda.com/the-postcard-mandalay-hall/hotel/kochi-in.html","/assets/bath-tub-room-the-postcard-mandalay-hall-kochi.webp","Verified Blob Storage","YES","Bathtub / Jacuzzi Suite","4.8","100+","READY FOR REVIEW",""
"India","Kochi","https://www.hotelswithbathtubs.com/india/kochi","The Postcard Mandalay Hall Bathtub","https://www.makemytrip.com/hotels/the_postcard_mandalay_hall_bathtub-details-kochi.html","https://www.booking.com/hotel/in/the-postcard-mandalay-hall-bathtub.html","https://www.agoda.com/the-postcard-mandalay-hall-bathtub/hotel/kochi-in.html","/assets/the-postcard-mandalay-hall-bathtub-kochi.webp","Verified Blob Storage","YES","Bathtub / Jacuzzi Suite","4.8","100+","READY FOR REVIEW",""
"India","Kodaikanal","https://www.hotelswithbathtubs.com/india/kodaikanal","Aframe By The Alpenglow Hotel Room","https://www.makemytrip.com/hotels/aframe_by_the_alpenglow_hotel_room-details-kodaikanal.html","https://www.booking.com/hotel/in/aframe-by-the-alpenglow-hotel-room.html","https://www.agoda.com/aframe-by-the-alpenglow-hotel-room/hotel/kodaikanal-in.html","/assets/aframe-by-the-alpenglow-kodai-hotel-room-with-bathtub.webp","Verified Blob Storage","YES","Bathtub / Jacuzzi Suite","4.8","100+","READY FOR REVIEW",""
"India","Kodaikanal","https://www.hotelswithbathtubs.com/india/kodaikanal","Divercity Luxury Glamp","https://www.makemytrip.com/hotels/divercity_luxury_glamp-details-kodaikanal.html","https://www.booking.com/hotel/in/divercity-luxury-glamp.html","https://www.agoda.com/divercity-luxury-glamp/hotel/kodaikanal-in.html","/assets/divercity-luxury-glamp-kodaikanal-with-jacuzzi.webp","Verified Blob Storage","YES","Bathtub / Jacuzzi Suite","4.8","100+","READY FOR REVIEW",""
"India","Kodaikanal","https://www.hotelswithbathtubs.com/india/kodaikanal","Hotel","https://www.makemytrip.com/hotels/hotel-details-kodaikanal.html","https://www.booking.com/hotel/in/hotel.html","https://www.agoda.com/hotel/hotel/kodaikanal-in.html","/assets/bathtub-room-kodai-hotel.webp","Verified Blob Storage","YES","Bathtub / Jacuzzi Suite","4.8","100+","READY FOR REVIEW",""
"India","Kodaikanal","https://www.hotelswithbathtubs.com/india/kodaikanal","Hotel Tomorrowland Farms And Suites","https://www.makemytrip.com/hotels/hotel_tomorrowland_farms_and_suites-details-kodaikanal.html","https://www.booking.com/hotel/in/hotel-tomorrowland-farms-and-suites.html","https://www.agoda.com/hotel-tomorrowland-farms-and-suites/hotel/kodaikanal-in.html","/assets/jacuzzi-hotel-tomorrowland-farms-and-suites-kodaikanal.webp","Verified Blob Storage","YES","Bathtub / Jacuzzi Suite","4.8","100+","READY FOR REVIEW",""
"India","Kodaikanal","https://www.hotelswithbathtubs.com/india/kodaikanal","Kanal Glamp Luxuries","https://www.makemytrip.com/hotels/kanal_glamp_luxuries-details-kodaikanal.html","https://www.booking.com/hotel/in/kanal-glamp-luxuries.html","https://www.agoda.com/kanal-glamp-luxuries/hotel/kodaikanal-in.html","/assets/jacuzzi-kanal-glamp-kodaikanal-luxuries.webp","Verified Blob Storage","YES","Bathtub / Jacuzzi Suite","4.8","100+","READY FOR REVIEW",""
"India","Kodaikanal","https://www.hotelswithbathtubs.com/india/kodaikanal","Kodai Hotel","https://www.makemytrip.com/hotels/kodai_hotel-details-kodaikanal.html","https://www.booking.com/hotel/in/kodai-hotel.html","https://www.agoda.com/kodai-hotel/hotel/kodaikanal-in.html","/assets/kodai-hotel-with-bathtub-in-room-in-kodaikanal.webp","Verified Blob Storage","YES","Bathtub / Jacuzzi Suite","4.8","100+","READY FOR REVIEW",""
"India","Kodaikanal","https://www.hotelswithbathtubs.com/india/kodaikanal","Tomorrowland Farms And Suites","https://www.makemytrip.com/hotels/tomorrowland_farms_and_suites-details-kodaikanal.html","https://www.booking.com/hotel/in/tomorrowland-farms-and-suites.html","https://www.agoda.com/tomorrowland-farms-and-suites/hotel/kodaikanal-in.html","/assets/hottub-tomorrowland-farms-and-suites-kodaikanal.webp","Verified Blob Storage","YES","Bathtub / Jacuzzi Suite","4.8","100+","READY FOR REVIEW",""
"India","Kolhapur","https://www.hotelswithbathtubs.com/india/kolhapur","Achalaa Resort","https://www.makemytrip.com/hotels/achalaa_resort-details-kolhapur.html","https://www.booking.com/hotel/in/achalaa-resort.html","https://www.agoda.com/achalaa-resort/hotel/kolhapur-in.html","/assets/achalaa-resort-kolhapur-with-bath-tub.webp","Verified Blob Storage","YES","Bathtub / Jacuzzi Suite","4.8","100+","READY FOR REVIEW",""
"India","Kolhapur","https://www.hotelswithbathtubs.com/india/kolhapur","Garden Homes 1 6","https://www.makemytrip.com/hotels/garden_homes_1_6-details-kolhapur.html","https://www.booking.com/hotel/in/garden-homes-1-6.html","https://www.agoda.com/garden-homes-1-6/hotel/kolhapur-in.html","/assets/bathtub-room-garden-homes-1-6-kolhapur.webp","Verified Blob Storage","YES","Bathtub / Jacuzzi Suite","4.8","100+","READY FOR REVIEW",""
"India","Kolhapur","https://www.hotelswithbathtubs.com/india/kolhapur","Hotel Blooming Soul","https://www.makemytrip.com/hotels/hotel_blooming_soul-details-kolhapur.html","https://www.booking.com/hotel/in/hotel-blooming-soul.html","https://www.agoda.com/hotel-blooming-soul/hotel/kolhapur-in.html","/assets/hotel-blooming-soul-kolhapur-with-bathtub-in-room.webp","Verified Blob Storage","YES","Bathtub / Jacuzzi Suite","4.8","100+","READY FOR REVIEW",""
"India","Kolhapur","https://www.hotelswithbathtubs.com/india/kolhapur","Hotel Nisarg Resort","https://www.makemytrip.com/hotels/hotel_nisarg_resort-details-kolhapur.html","https://www.booking.com/hotel/in/hotel-nisarg-resort.html","https://www.agoda.com/hotel-nisarg-resort/hotel/kolhapur-in.html","/assets/bathtub-hotel-kolhapur-nisarg-resort.webp","Verified Blob Storage","YES","Bathtub / Jacuzzi Suite","4.8","100+","READY FOR REVIEW",""
"India","Kolhapur","https://www.hotelswithbathtubs.com/india/kolhapur","In Terrace Garden Homes 1 6","https://www.makemytrip.com/hotels/in_terrace_garden_homes_1_6-details-kolhapur.html","https://www.booking.com/hotel/in/in-terrace-garden-homes-1-6.html","https://www.agoda.com/in-terrace-garden-homes-1-6/hotel/kolhapur-in.html","/assets/bathtub-in-terrace-garden-homes-1-6-kolhapur.webp","Verified Blob Storage","YES","Bathtub / Jacuzzi Suite","4.8","100+","READY FOR REVIEW",""
"India","Kolhapur","https://www.hotelswithbathtubs.com/india/kolhapur","Nisarg Resort","https://www.makemytrip.com/hotels/nisarg_resort-details-kolhapur.html","https://www.booking.com/hotel/in/nisarg-resort.html","https://www.agoda.com/nisarg-resort/hotel/kolhapur-in.html","/assets/bathtub-room-nisarg-resort-kolhapur.webp","Verified Blob Storage","YES","Bathtub / Jacuzzi Suite","4.8","100+","READY FOR REVIEW",""
"India","Kolhapur","https://www.hotelswithbathtubs.com/india/kolhapur","Regenta Place Raysons","https://www.makemytrip.com/hotels/regenta_place_raysons-details-kolhapur.html","https://www.booking.com/hotel/in/regenta-place-raysons.html","https://www.agoda.com/regenta-place-raysons/hotel/kolhapur-in.html","/assets/bathtub-room-regenta-place-raysons-kolhapur.webp","Verified Blob Storage","YES","Bathtub / Jacuzzi Suite","4.8","100+","READY FOR REVIEW",""
"India","Kolhapur","https://www.hotelswithbathtubs.com/india/kolhapur","Vedganga Plus Villa Homestay","https://www.makemytrip.com/hotels/vedganga_plus_villa_homestay-details-kolhapur.html","https://www.booking.com/hotel/in/vedganga-plus-villa-homestay.html","https://www.agoda.com/vedganga-plus-villa-homestay/hotel/kolhapur-in.html","/assets/bathtub-room-vedganga-plus-villa-homestay-kolhapur.webp","Verified Blob Storage","YES","Bathtub / Jacuzzi Suite","4.8","100+","READY FOR REVIEW",""
"India","Kolkata","https://www.hotelswithbathtubs.com/india/kolkata","Bathtub Jw Marriott Hotel","https://www.makemytrip.com/hotels/bathtub_jw_marriott_hotel-details-kolkata.html","https://www.booking.com/hotel/in/bathtub-jw-marriott-hotel.html","https://www.agoda.com/bathtub-jw-marriott-hotel/hotel/kolkata-in.html","/assets/room-bathtub-jw-marriott-hotel-kolkata.webp","Verified Blob Storage","YES","Bathtub / Jacuzzi Suite","4.8","100+","READY FOR REVIEW",""
"India","Kolkata","https://www.hotelswithbathtubs.com/india/kolkata","Hotel Calcutta Bungalow","https://www.makemytrip.com/hotels/hotel_calcutta_bungalow-details-kolkata.html","https://www.booking.com/hotel/in/hotel-calcutta-bungalow.html","https://www.agoda.com/hotel-calcutta-bungalow/hotel/kolkata-in.html","/assets/bathtub-hotel-calcutta-bungalow-kolkata.webp","Verified Blob Storage","YES","Bathtub / Jacuzzi Suite","4.8","100+","READY FOR REVIEW",""
"India","Kolkata","https://www.hotelswithbathtubs.com/india/kolkata","Hotel Hyatt Regency","https://www.makemytrip.com/hotels/hotel_hyatt_regency-details-kolkata.html","https://www.booking.com/hotel/in/hotel-hyatt-regency.html","https://www.agoda.com/hotel-hyatt-regency/hotel/kolkata-in.html","/assets/bathtub-hotel-hyatt-regency-kolkata.webp","Verified Blob Storage","YES","Bathtub / Jacuzzi Suite","4.8","100+","READY FOR REVIEW",""
"India","Kolkata","https://www.hotelswithbathtubs.com/india/kolkata","Hotel The Westin Rajarhat","https://www.makemytrip.com/hotels/hotel_the_westin_rajarhat-details-kolkata.html","https://www.booking.com/hotel/in/hotel-the-westin-rajarhat.html","https://www.agoda.com/hotel-the-westin-rajarhat/hotel/kolkata-in.html","/assets/bathtub-hotel-the-westin-kolkata-rajarhat.webp","Verified Blob Storage","YES","Bathtub / Jacuzzi Suite","4.8","100+","READY FOR REVIEW",""
"India","Kolkata","https://www.hotelswithbathtubs.com/india/kolkata","Hothtub Hotel The Westin Rajarhat","https://www.makemytrip.com/hotels/hothtub_hotel_the_westin_rajarhat-details-kolkata.html","https://www.booking.com/hotel/in/hothtub-hotel-the-westin-rajarhat.html","https://www.agoda.com/hothtub-hotel-the-westin-rajarhat/hotel/kolkata-in.html","/assets/hothtub-hotel-the-westin-kolkata-rajarhat.webp","Verified Blob Storage","YES","Bathtub / Jacuzzi Suite","4.8","100+","READY FOR REVIEW",""
"India","Kolkata","https://www.hotelswithbathtubs.com/india/kolkata","Itc Sonar A Luxury Collection Hotel","https://www.makemytrip.com/hotels/itc_sonar_a_luxury_collection_hotel-details-kolkata.html","https://www.booking.com/hotel/in/itc-sonar-a-luxury-collection-hotel.html","https://www.agoda.com/itc-sonar-a-luxury-collection-hotel/hotel/kolkata-in.html","/assets/bathtub-itc-sonar-a-luxury-collection-hotel-kolkata.webp","Verified Blob Storage","YES","Bathtub / Jacuzzi Suite","4.8","100+","READY FOR REVIEW",""
"India","Kolkata","https://www.hotelswithbathtubs.com/india/kolkata","Jw Marriott Hotel","https://www.makemytrip.com/hotels/jw_marriott_hotel-details-kolkata.html","https://www.booking.com/hotel/in/jw-marriott-hotel.html","https://www.agoda.com/jw-marriott-hotel/hotel/kolkata-in.html","/assets/bathtub-jw-marriott-hotel-kolkata.webp","Verified Blob Storage","YES","Bathtub / Jacuzzi Suite","4.8","100+","READY FOR REVIEW",""
"India","Kolkata","https://www.hotelswithbathtubs.com/india/kolkata","Kenilworth Hotel","https://www.makemytrip.com/hotels/kenilworth_hotel-details-kolkata.html","https://www.booking.com/hotel/in/kenilworth-hotel.html","https://www.agoda.com/kenilworth-hotel/hotel/kolkata-in.html","/assets/bathtub-kenilworth-hotel-kolkata.webp","Verified Blob Storage","YES","Bathtub / Jacuzzi Suite","4.8","100+","READY FOR REVIEW",""
"India","Kolkata","https://www.hotelswithbathtubs.com/india/kolkata","Novotel Hotel And Residences","https://www.makemytrip.com/hotels/novotel_hotel_and_residences-details-kolkata.html","https://www.booking.com/hotel/in/novotel-hotel-and-residences.html","https://www.agoda.com/novotel-hotel-and-residences/hotel/kolkata-in.html","/assets/bathtub-novotel-kolkata-hotel-and-residences.webp","Verified Blob Storage","YES","Bathtub / Jacuzzi Suite","4.8","100+","READY FOR REVIEW",""
"India","Kolkata","https://www.hotelswithbathtubs.com/india/kolkata","Romantic Bathtub Itc Sonar A Luxury Collection Hotel","https://www.makemytrip.com/hotels/romantic_bathtub_itc_sonar_a_luxury_collection_hotel-details-kolkata.html","https://www.booking.com/hotel/in/romantic-bathtub-itc-sonar-a-luxury-collection-hotel.html","https://www.agoda.com/romantic-bathtub-itc-sonar-a-luxury-collection-hotel/hotel/kolkata-in.html","/assets/romantic-bathtub-itc-sonar-a-luxury-collection-hotel-kolkata.webp","Verified Blob Storage","YES","Bathtub / Jacuzzi Suite","4.8","100+","READY FOR REVIEW",""
"India","Lavasa","https://www.hotelswithbathtubs.com/india/lavasa","Hotel Lake Facing Premium Reteat","https://www.makemytrip.com/hotels/hotel_lake_facing_premium_reteat-details-lavasa.html","https://www.booking.com/hotel/in/hotel-lake-facing-premium-reteat.html","https://www.agoda.com/hotel-lake-facing-premium-reteat/hotel/lavasa-in.html","/assets/jacuzzi-hotel-lavasa-lake-facing-premium-reteat.webp","Verified Blob Storage","YES","Bathtub / Jacuzzi Suite","4.8","100+","READY FOR REVIEW",""
"India","Lavasa","https://www.hotelswithbathtubs.com/india/lavasa","Lake Facing Premium Reteat Hotel","https://www.makemytrip.com/hotels/lake_facing_premium_reteat_hotel-details-lavasa.html","https://www.booking.com/hotel/in/lake-facing-premium-reteat-hotel.html","https://www.agoda.com/lake-facing-premium-reteat-hotel/hotel/lavasa-in.html","/assets/lake-facing-premium-reteat-lavasa-hotel-with-jacuzzi.webp","Verified Blob Storage","YES","Bathtub / Jacuzzi Suite","4.8","100+","READY FOR REVIEW",""
"India","Lavasa","https://www.hotelswithbathtubs.com/india/lavasa","Lavasa Endora Homestay A Fully Equipped Lake Facing 3Bhk","https://www.makemytrip.com/hotels/lavasa_endora_homestay_a_fully_equipped_lake_facing_3bhk-details-lavasa.html","https://www.booking.com/hotel/in/lavasa-endora-homestay-a-fully-equipped-lake-facing-3bhk.html","https://www.agoda.com/lavasa-endora-homestay-a-fully-equipped-lake-facing-3bhk/hotel/lavasa-in.html","/assets/bathtub-lavasa-endora-homestay-a-fully-equipped-lake-facing-3bhk.webp","Verified Blob Storage","YES","Bathtub / Jacuzzi Suite","4.8","100+","READY FOR REVIEW",""
"India","Lavasa","https://www.hotelswithbathtubs.com/india/lavasa","Private Jacuzzi Room Lake Palace","https://www.makemytrip.com/hotels/private_jacuzzi_room_lake_palace-details-lavasa.html","https://www.booking.com/hotel/in/private-jacuzzi-room-lake-palace.html","https://www.agoda.com/private-jacuzzi-room-lake-palace/hotel/lavasa-in.html","/assets/private-jacuzzi-room-lavasa-lake-palace.webp","Verified Blob Storage","YES","Bathtub / Jacuzzi Suite","4.8","100+","READY FOR REVIEW",""
"India","Lonavala","https://www.hotelswithbathtubs.com/india/lonavala","Aamby Valley City","https://www.makemytrip.com/hotels/aamby_valley_city-details-lonavala.html","https://www.booking.com/hotel/in/aamby-valley-city.html","https://www.agoda.com/aamby-valley-city/hotel/lonavala-in.html","/assets/jacuzzi-aamby-valley-city-lonavala.webp","Verified Blob Storage","YES","Bathtub / Jacuzzi Suite","4.8","100+","READY FOR REVIEW",""
"India","Lonavala","https://www.hotelswithbathtubs.com/india/lonavala","Della Resorts","https://www.makemytrip.com/hotels/della_resorts-details-lonavala.html","https://www.booking.com/hotel/in/della-resorts.html","https://www.agoda.com/della-resorts/hotel/lonavala-in.html","/assets/bathtub-della-resorts-lonavala.webp","Verified Blob Storage","YES","Bathtub / Jacuzzi Suite","4.8","100+","READY FOR REVIEW",""
"India","Lonavala","https://www.hotelswithbathtubs.com/india/lonavala","Hilton Shillim Estate Retreat And Spa","https://www.makemytrip.com/hotels/hilton_shillim_estate_retreat_and_spa-details-lonavala.html","https://www.booking.com/hotel/in/hilton-shillim-estate-retreat-and-spa.html","https://www.agoda.com/hilton-shillim-estate-retreat-and-spa/hotel/lonavala-in.html","/assets/hilton-shillim-estate-retreat-and-spa-lonavala-with-bathtub.webp","Verified Blob Storage","YES","Bathtub / Jacuzzi Suite","4.8","100+","READY FOR REVIEW",""
"India","Lonavala","https://www.hotelswithbathtubs.com/india/lonavala","Hotel Aamby Valley City","https://www.makemytrip.com/hotels/hotel_aamby_valley_city-details-lonavala.html","https://www.booking.com/hotel/in/hotel-aamby-valley-city.html","https://www.agoda.com/hotel-aamby-valley-city/hotel/lonavala-in.html","https://pix8.agoda.net/hotelImages/60074/-1/6c3a5266838848d7950c40683a31c518.jpg","Agoda CDN","YES","Bathtub / Jacuzzi Suite","4.8","100+","READY FOR REVIEW",""
"India","Lonavala","https://www.hotelswithbathtubs.com/india/lonavala","Hotel Hilton Shillim Estate Retreat And Spa","https://www.makemytrip.com/hotels/hotel_hilton_shillim_estate_retreat_and_spa-details-lonavala.html","https://www.booking.com/hotel/in/hotel-hilton-shillim-estate-retreat-and-spa.html","https://www.agoda.com/hotel-hilton-shillim-estate-retreat-and-spa/hotel/lonavala-in.html","/assets/bathtub-hotel-hilton-shillim-estate-retreat-and-spa-lonavala.webp","Verified Blob Storage","YES","Bathtub / Jacuzzi Suite","4.8","100+","READY FOR REVIEW",""
"India","Lonavala","https://www.hotelswithbathtubs.com/india/lonavala","Hotel Nostravila","https://www.makemytrip.com/hotels/hotel_nostravila-details-lonavala.html","https://www.booking.com/hotel/in/hotel-nostravila.html","https://www.agoda.com/hotel-nostravila/hotel/lonavala-in.html","/assets/hotel-nostravila-lonavala-with-jacuzzi-in-room.webp","Verified Blob Storage","YES","Bathtub / Jacuzzi Suite","4.8","100+","READY FOR REVIEW",""
"India","Lonavala","https://www.hotelswithbathtubs.com/india/lonavala","Juvana Resort Spa Aamby Valley City","https://www.makemytrip.com/hotels/juvana_resort_spa_aamby_valley_city-details-lonavala.html","https://www.booking.com/hotel/in/juvana-resort-spa-aamby-valley-city.html","https://www.agoda.com/juvana-resort-spa-aamby-valley-city/hotel/lonavala-in.html","/assets/juvana-resort-spa-aamby-valley-city-lonavala-with-jacuzzi.webp","Verified Blob Storage","YES","Bathtub / Jacuzzi Suite","4.8","100+","READY FOR REVIEW",""
"India","Lonavala","https://www.hotelswithbathtubs.com/india/lonavala","Nostravila","https://www.makemytrip.com/hotels/nostravila-details-lonavala.html","https://www.booking.com/hotel/in/nostravila.html","https://www.agoda.com/nostravila/hotel/lonavala-in.html","/assets/hot-tub-nostravila-lonavala.webp","Verified Blob Storage","YES","Bathtub / Jacuzzi Suite","4.8","100+","READY FOR REVIEW",""
"India","Lonavala","https://www.hotelswithbathtubs.com/india/lonavala","Romantic Bathtub Della Resorts","https://www.makemytrip.com/hotels/romantic_bathtub_della_resorts-details-lonavala.html","https://www.booking.com/hotel/in/romantic-bathtub-della-resorts.html","https://www.agoda.com/romantic-bathtub-della-resorts/hotel/lonavala-in.html","/assets/romantic-bathtub-della-resorts-lonavala.webp","Verified Blob Storage","YES","Bathtub / Jacuzzi Suite","4.8","100+","READY FOR REVIEW",""
"India","Lonavala","https://www.hotelswithbathtubs.com/india/lonavala","With Hothtub Della Resorts","https://www.makemytrip.com/hotels/with_hothtub_della_resorts-details-lonavala.html","https://www.booking.com/hotel/in/with-hothtub-della-resorts.html","https://www.agoda.com/with-hothtub-della-resorts/hotel/lonavala-in.html","/assets/room-with-hothtub-della-resorts-lonavala.webp","Verified Blob Storage","YES","Bathtub / Jacuzzi Suite","4.8","100+","READY FOR REVIEW",""
"India","Mahabaleshwar","https://www.hotelswithbathtubs.com/india/mahabaleshwar","Courtyard by Marriott Mahabaleshwar","https://www.makemytrip.com/hotels/courtyard_by_marriott_mahabaleshwar-details-mahabaleshwar.html","https://www.booking.com/hotel/in/courtyard-by-marriott-mahabaleshwar.html","https://www.agoda.com/courtyard-by-marriott-mahabaleshwar/hotel/mahabaleshwar-in.html","https://pix8.agoda.net/hotelImages/10702/-1/a573be9081e7d825c893cb62118742f1.jpg","Agoda CDN","YES","Deep Soaking Bathtub","4.7","380","READY FOR REVIEW",""
"India","Mahabaleshwar","https://www.hotelswithbathtubs.com/india/mahabaleshwar","Le Méridien Mahabaleshwar Resort & Spa","https://www.makemytrip.com/hotels/le_meridien_mahabaleshwar_resort_spa-details-mahabaleshwar.html","https://www.booking.com/hotel/in/le-meridien-mahabaleshwar-resort-spa.html","https://www.agoda.com/le-meridien-mahabaleshwar-resort-spa/hotel/mahabaleshwar-in.html","https://pix8.agoda.net/hotelImages/443729/-1/2156eb10f3c5ea64e1cba570bc6c06bf.jpg","Agoda CDN","YES","Freestanding Oval Forest Bathtub","4.8","560","READY FOR REVIEW",""
"India","Mahabalipuram","https://www.hotelswithbathtubs.com/india/mahabalipuram","Horizon Blu Inn","https://www.makemytrip.com/hotels/horizon_blu_inn-details-mahabalipuram.html","https://www.booking.com/hotel/in/horizon-blu-inn.html","https://www.agoda.com/horizon-blu-inn/hotel/mahabalipuram-in.html","/assets/horizon-blu-inn-mahabalipuram-with-bathtub-in-room.webp","Verified Blob Storage","YES","Bathtub / Jacuzzi Suite","4.8","100+","READY FOR REVIEW",""
"India","Mahabalipuram","https://www.hotelswithbathtubs.com/india/mahabalipuram","Hotel Sheraton Grand Chennai Resort Spa","https://www.makemytrip.com/hotels/hotel_sheraton_grand_chennai_resort_spa-details-mahabalipuram.html","https://www.booking.com/hotel/in/hotel-sheraton-grand-chennai-resort-spa.html","https://www.agoda.com/hotel-sheraton-grand-chennai-resort-spa/hotel/mahabalipuram-in.html","/assets/bathtub-hotel-sheraton-grand-chennai-resort-spa-mahabalipuram.webp","Verified Blob Storage","YES","Bathtub / Jacuzzi Suite","4.8","100+","READY FOR REVIEW",""
"India","Mahabalipuram","https://www.hotelswithbathtubs.com/india/mahabalipuram","Hotel Taj Fishermans Cove Resort Spa Chennai","https://www.makemytrip.com/hotels/hotel_taj_fishermans_cove_resort_spa_chennai-details-mahabalipuram.html","https://www.booking.com/hotel/in/hotel-taj-fishermans-cove-resort-spa-chennai.html","https://www.agoda.com/hotel-taj-fishermans-cove-resort-spa-chennai/hotel/mahabalipuram-in.html","/assets/bathtub-hotel-mahabalipuram-taj-fishermans-cove-resort-spa-chennai.webp","Verified Blob Storage","YES","Bathtub / Jacuzzi Suite","4.8","100+","READY FOR REVIEW",""
"India","Mahabalipuram","https://www.hotelswithbathtubs.com/india/mahabalipuram","Intercontinental Chennai Resort An Ihg Hotel","https://www.makemytrip.com/hotels/intercontinental_chennai_resort_an_ihg_hotel-details-mahabalipuram.html","https://www.booking.com/hotel/in/intercontinental-chennai-resort-an-ihg-hotel.html","https://www.agoda.com/intercontinental-chennai-resort-an-ihg-hotel/hotel/mahabalipuram-in.html","/assets/bathtub-intercontinental-chennai-mahabalipuram-resort-an-ihg-hotel.webp","Verified Blob Storage","YES","Bathtub / Jacuzzi Suite","4.8","100+","READY FOR REVIEW",""
"India","Mahabalipuram","https://www.hotelswithbathtubs.com/india/mahabalipuram","Kaldan Samudhra Palace","https://www.makemytrip.com/hotels/kaldan_samudhra_palace-details-mahabalipuram.html","https://www.booking.com/hotel/in/kaldan-samudhra-palace.html","https://www.agoda.com/kaldan-samudhra-palace/hotel/mahabalipuram-in.html","/assets/bathtub-room-kaldan-samudhra-palace-mahabalipuram.webp","Verified Blob Storage","YES","Bathtub / Jacuzzi Suite","4.8","100+","READY FOR REVIEW",""
"India","Mahabalipuram","https://www.hotelswithbathtubs.com/india/mahabalipuram","Mahabalipuram Blu Be View","https://www.makemytrip.com/hotels/mahabalipuram_blu_be_view-details-mahabalipuram.html","https://www.booking.com/hotel/in/mahabalipuram-blu-be-view.html","https://www.agoda.com/mahabalipuram-blu-be-view/hotel/mahabalipuram-in.html","/assets/bathtub-mahabalipuram-blu-be-view.webp","Verified Blob Storage","YES","Bathtub / Jacuzzi Suite","4.8","100+","READY FOR REVIEW",""
"India","Mahabalipuram","https://www.hotelswithbathtubs.com/india/mahabalipuram","Mahabalipuram Kaldan Samudhra Palace","https://www.makemytrip.com/hotels/mahabalipuram_kaldan_samudhra_palace-details-mahabalipuram.html","https://www.booking.com/hotel/in/mahabalipuram-kaldan-samudhra-palace.html","https://www.agoda.com/mahabalipuram-kaldan-samudhra-palace/hotel/mahabalipuram-in.html","/assets/bathtub-mahabalipuram-kaldan-samudhra-palace.webp","Verified Blob Storage","YES","Bathtub / Jacuzzi Suite","4.8","100+","READY FOR REVIEW",""
"India","Mahabalipuram","https://www.hotelswithbathtubs.com/india/mahabalipuram","Mahabalipuram Sheraton Grand Chennai Resort Spa","https://www.makemytrip.com/hotels/mahabalipuram_sheraton_grand_chennai_resort_spa-details-mahabalipuram.html","https://www.booking.com/hotel/in/mahabalipuram-sheraton-grand-chennai-resort-spa.html","https://www.agoda.com/mahabalipuram-sheraton-grand-chennai-resort-spa/hotel/mahabalipuram-in.html","/assets/bathtub-mahabalipuram-sheraton-grand-chennai-resort-spa.webp","Verified Blob Storage","YES","Bathtub / Jacuzzi Suite","4.8","100+","READY FOR REVIEW",""
"India","Mahabalipuram","https://www.hotelswithbathtubs.com/india/mahabalipuram","Montecarlo Hotel","https://www.makemytrip.com/hotels/montecarlo_hotel-details-mahabalipuram.html","https://www.booking.com/hotel/in/montecarlo-hotel.html","https://www.agoda.com/montecarlo-hotel/hotel/mahabalipuram-in.html","/assets/bathtub-montecarlo-hotel-mahabalipuram.webp","Verified Blob Storage","YES","Bathtub / Jacuzzi Suite","4.8","100+","READY FOR REVIEW",""
"India","Mahabalipuram","https://www.hotelswithbathtubs.com/india/mahabalipuram","Sheraton Grand Chennai Resort Spa","https://www.makemytrip.com/hotels/sheraton_grand_chennai_resort_spa-details-mahabalipuram.html","https://www.booking.com/hotel/in/sheraton-grand-chennai-resort-spa.html","https://www.agoda.com/sheraton-grand-chennai-resort-spa/hotel/mahabalipuram-in.html","/assets/bathtub-room-sheraton-grand-chennai-resort-spa-mahabalipuram.webp","Verified Blob Storage","YES","Bathtub / Jacuzzi Suite","4.8","100+","READY FOR REVIEW",""
"India","Mahabalipuram","https://www.hotelswithbathtubs.com/india/mahabalipuram","Taj Fishermans Cove Resort Spa Chennai","https://www.makemytrip.com/hotels/taj_fishermans_cove_resort_spa_chennai-details-mahabalipuram.html","https://www.booking.com/hotel/in/taj-fishermans-cove-resort-spa-chennai.html","https://www.agoda.com/taj-fishermans-cove-resort-spa-chennai/hotel/mahabalipuram-in.html","/assets/bathtub-room-taj-fishermans-cove-resort-spa-chennai-mahabalipuram.webp","Verified Blob Storage","YES","Bathtub / Jacuzzi Suite","4.8","100+","READY FOR REVIEW",""
"India","Manali","https://www.hotelswithbathtubs.com/india/manali","GLAMPING CLUB","https://www.makemytrip.com/hotels/glamping_club-details-manali.html","https://www.booking.com/hotel/in/glamping-club.html","https://www.agoda.com/glamping-club/hotel/manali-in.html","/assets/mmt-glamping-club.webp","Verified Blob Storage","YES","Bathtub / Jacuzzi Suite","4.5","150","READY FOR REVIEW",""
"India","Manali","https://www.hotelswithbathtubs.com/india/manali","Larisa Resort Manali","https://www.makemytrip.com/hotels/larisa_resort_manali-details-manali.html","https://www.booking.com/hotel/in/larisa-resort-manali.html","https://www.agoda.com/larisa-resort-manali/hotel/manali-in.html","/assets/mmt-larisa-resort-manali.webp","Verified Blob Storage","YES","Bathtub / Jacuzzi Suite","4.5","150","READY FOR REVIEW",""
"India","Manali","https://www.hotelswithbathtubs.com/india/manali","Moustache Manali.","https://www.makemytrip.com/hotels/moustache_manali-details-manali.html","https://www.booking.com/hotel/in/moustache-manali.html","https://www.agoda.com/moustache-manali/hotel/manali-in.html","/assets/mmt-moustache-manali..webp","Verified Blob Storage","YES","Bathtub / Jacuzzi Suite","4.5","150","READY FOR REVIEW",""
"India","Manali","https://www.hotelswithbathtubs.com/india/manali","The Himalayan","https://www.makemytrip.com/hotels/the_himalayan-details-manali.html","https://www.booking.com/hotel/in/the-himalayan.html","https://www.agoda.com/the-himalayan/hotel/manali-in.html","/assets/mmt-the-himalayan.webp","Verified Blob Storage","YES","Bathtub / Jacuzzi Suite","4.5","150","READY FOR REVIEW",""
"India","Manali","https://www.hotelswithbathtubs.com/india/manali","The Holiday Resorts, Cottages & Spa","https://www.makemytrip.com/hotels/the_holiday_resorts_cottages_spa-details-manali.html","https://www.booking.com/hotel/in/the-holiday-resorts-cottages-spa.html","https://www.agoda.com/the-holiday-resorts-cottages-spa/hotel/manali-in.html","/assets/mmt-the-holiday-resorts-cottages-&-spa.webp","Verified Blob Storage","YES","Bathtub / Jacuzzi Suite","4.5","150","READY FOR REVIEW",""
"India","Manali","https://www.hotelswithbathtubs.com/india/manali","Welcomheritage Urvashis Retreat","https://www.makemytrip.com/hotels/welcomheritage_urvashis_retreat-details-manali.html","https://www.booking.com/hotel/in/welcomheritage-urvashis-retreat.html","https://www.agoda.com/welcomheritage-urvashis-retreat/hotel/manali-in.html","/assets/bathtub-welcomheritage-urvashis-retreat-manali.webp","Verified Blob Storage","YES","Bathtub / Jacuzzi Suite","4.8","100+","READY FOR REVIEW",""
"India","Manali","https://www.hotelswithbathtubs.com/india/manali","Welcomhotel By ITC Hotels Hamsa Manali","https://www.makemytrip.com/hotels/welcomhotel_by_itc_hotels_hamsa_manali-details-manali.html","https://www.booking.com/hotel/in/welcomhotel-by-itc-hotels-hamsa-manali.html","https://www.agoda.com/welcomhotel-by-itc-hotels-hamsa-manali/hotel/manali-in.html","/assets/mmt-welcomhotel-by-itc-hotels-hamsa-manali.webp","Verified Blob Storage","YES","Bathtub / Jacuzzi Suite","4.5","150","READY FOR REVIEW",""
"India","Mandarmani","https://www.hotelswithbathtubs.com/india/mandarmani","Aqua Blue Resort Private Limited","https://www.makemytrip.com/hotels/aqua_blue_resort_private_limited-details-mandarmani.html","https://www.booking.com/hotel/in/aqua-blue-resort-private-limited.html","https://www.agoda.com/aqua-blue-resort-private-limited/hotel/mandarmani-in.html","/assets/aqua-blue-resort-private-limited-mandarmani-with-bathtub-1.webp","Verified Blob Storage","YES","Bathtub / Jacuzzi Suite","4.8","100+","READY FOR REVIEW",""
"India","Mandarmani","https://www.hotelswithbathtubs.com/india/mandarmani","Azad Hind Beach Resort","https://www.makemytrip.com/hotels/azad_hind_beach_resort-details-mandarmani.html","https://www.booking.com/hotel/in/azad-hind-beach-resort.html","https://www.agoda.com/azad-hind-beach-resort/hotel/mandarmani-in.html","https://pix8.agoda.net/hotelImages/61822/-1/59a68bc01d1df2623a6f9cb89c922da9.jpg","Agoda CDN","YES","Bathtub / Jacuzzi Suite","4.8","100+","READY FOR REVIEW",""
"India","Mandarmani","https://www.hotelswithbathtubs.com/india/mandarmani","Grand Beach Resort","https://www.makemytrip.com/hotels/grand_beach_resort-details-mandarmani.html","https://www.booking.com/hotel/in/grand-beach-resort.html","https://www.agoda.com/grand-beach-resort/hotel/mandarmani-in.html","https://pix8.agoda.net/hotelImages/4904006/-1/88835849cbca6b6ea17ebcbda51e44ef.jpg","Agoda CDN","YES","Bathtub / Jacuzzi Suite","4.8","100+","READY FOR REVIEW",""
"India","Mandarmani","https://www.hotelswithbathtubs.com/india/mandarmani","Holiday Beach Resort","https://www.makemytrip.com/hotels/holiday_beach_resort-details-mandarmani.html","https://www.booking.com/hotel/in/holiday-beach-resort.html","https://www.agoda.com/holiday-beach-resort/hotel/mandarmani-in.html","/assets/holiday-beach-resort-mandarmani-with-bathtub-in-room.webp","Verified Blob Storage","YES","Bathtub / Jacuzzi Suite","4.8","100+","READY FOR REVIEW",""
"India","Mandarmani","https://www.hotelswithbathtubs.com/india/mandarmani","Hotel Room Sea Smile Inn","https://www.makemytrip.com/hotels/hotel_room_sea_smile_inn-details-mandarmani.html","https://www.booking.com/hotel/in/hotel-room-sea-smile-inn.html","https://www.agoda.com/hotel-room-sea-smile-inn/hotel/mandarmani-in.html","/assets/bathtub-hotel-room-mandarmani-sea-smile-inn.webp","Verified Blob Storage","YES","Bathtub / Jacuzzi Suite","4.8","100+","READY FOR REVIEW",""
"India","Mandarmani","https://www.hotelswithbathtubs.com/india/mandarmani","Hotel Samudra Bilas Resort","https://www.makemytrip.com/hotels/hotel_samudra_bilas_resort-details-mandarmani.html","https://www.booking.com/hotel/in/hotel-samudra-bilas-resort.html","https://www.agoda.com/hotel-samudra-bilas-resort/hotel/mandarmani-in.html","/assets/bathtub-hotel-mandarmani-samudra-bilas-resort.webp","Verified Blob Storage","YES","Bathtub / Jacuzzi Suite","4.8","100+","READY FOR REVIEW",""
"India","Mandarmani","https://www.hotelswithbathtubs.com/india/mandarmani","Hotel Sher Bengal Beach Resort","https://www.makemytrip.com/hotels/hotel_sher_bengal_beach_resort-details-mandarmani.html","https://www.booking.com/hotel/in/hotel-sher-bengal-beach-resort.html","https://www.agoda.com/hotel-sher-bengal-beach-resort/hotel/mandarmani-in.html","https://pix8.agoda.net/hotelImages/268154/-1/e3f4439c0864eb11d13db1415dfda2bf.jpg","Agoda CDN","YES","Bathtub / Jacuzzi Suite","4.8","100+","READY FOR REVIEW",""
"India","Mandarmani","https://www.hotelswithbathtubs.com/india/mandarmani","Hotel The Rath Inns","https://www.makemytrip.com/hotels/hotel_the_rath_inns-details-mandarmani.html","https://www.booking.com/hotel/in/hotel-the-rath-inns.html","https://www.agoda.com/hotel-the-rath-inns/hotel/mandarmani-in.html","/assets/bathtub-hotel-the-rath-inns-mandarmani.webp","Verified Blob Storage","YES","Bathtub / Jacuzzi Suite","4.8","100+","READY FOR REVIEW",""
"India","Mandarmani","https://www.hotelswithbathtubs.com/india/mandarmani","Mandarmani Sweet Dream Beach Resort","https://www.makemytrip.com/hotels/mandarmani_sweet_dream_beach_resort-details-mandarmani.html","https://www.booking.com/hotel/in/mandarmani-sweet-dream-beach-resort.html","https://www.agoda.com/mandarmani-sweet-dream-beach-resort/hotel/mandarmani-in.html","/assets/bathtub-mandarmani-sweet-dream-beach-resort.webp","Verified Blob Storage","YES","Bathtub / Jacuzzi Suite","4.8","100+","READY FOR REVIEW",""
"India","Mandarmani","https://www.hotelswithbathtubs.com/india/mandarmani","Prasant Beach Resort","https://www.makemytrip.com/hotels/prasant_beach_resort-details-mandarmani.html","https://www.booking.com/hotel/in/prasant-beach-resort.html","https://www.agoda.com/prasant-beach-resort/hotel/mandarmani-in.html","/assets/bathtub-prasant-beach-resort-mandarmani.webp","Verified Blob Storage","YES","Bathtub / Jacuzzi Suite","4.8","100+","READY FOR REVIEW",""
"India","Mandarmani","https://www.hotelswithbathtubs.com/india/mandarmani","Samudra Bilas Resort","https://www.makemytrip.com/hotels/samudra_bilas_resort-details-mandarmani.html","https://www.booking.com/hotel/in/samudra-bilas-resort.html","https://www.agoda.com/samudra-bilas-resort/hotel/mandarmani-in.html","/assets/samudra-bilas-resort-mandarmani-with-bathtub.webp","Verified Blob Storage","YES","Bathtub / Jacuzzi Suite","4.8","100+","READY FOR REVIEW",""
"India","Mandarmani","https://www.hotelswithbathtubs.com/india/mandarmani","Sher Bengal Beach Resort","https://www.makemytrip.com/hotels/sher_bengal_beach_resort-details-mandarmani.html","https://www.booking.com/hotel/in/sher-bengal-beach-resort.html","https://www.agoda.com/sher-bengal-beach-resort/hotel/mandarmani-in.html","/assets/bathtub-room-sher-bengal-beach-resort-mandarmani.webp","Verified Blob Storage","YES","Bathtub / Jacuzzi Suite","4.8","100+","READY FOR REVIEW",""
"India","Mandarmani","https://www.hotelswithbathtubs.com/india/mandarmani","Sher Bengal Beach Resort Bathtub","https://www.makemytrip.com/hotels/sher_bengal_beach_resort_bathtub-details-mandarmani.html","https://www.booking.com/hotel/in/sher-bengal-beach-resort-bathtub.html","https://www.agoda.com/sher-bengal-beach-resort-bathtub/hotel/mandarmani-in.html","/assets/sher-bengal-beach-resort-bathtub-mandarmani.webp","Verified Blob Storage","YES","Bathtub / Jacuzzi Suite","4.8","100+","READY FOR REVIEW",""
"India","Mandarmani","https://www.hotelswithbathtubs.com/india/mandarmani","Sweet Dream Beach Resort","https://www.makemytrip.com/hotels/sweet_dream_beach_resort-details-mandarmani.html","https://www.booking.com/hotel/in/sweet-dream-beach-resort.html","https://www.agoda.com/sweet-dream-beach-resort/hotel/mandarmani-in.html","/assets/bathtub-room-sweet-dream-beach-resort-mandarmani.webp","Verified Blob Storage","YES","Bathtub / Jacuzzi Suite","4.8","100+","READY FOR REVIEW",""
"India","Mandarmani","https://www.hotelswithbathtubs.com/india/mandarmani","The Rath Inns","https://www.makemytrip.com/hotels/the_rath_inns-details-mandarmani.html","https://www.booking.com/hotel/in/the-rath-inns.html","https://www.agoda.com/the-rath-inns/hotel/mandarmani-in.html","/assets/bathtub-room-the-rath-inns-mandarmani.webp","Verified Blob Storage","YES","Bathtub / Jacuzzi Suite","4.8","100+","READY FOR REVIEW",""
"India","Mandarmani","https://www.hotelswithbathtubs.com/india/mandarmani","The Rath Inns Bathtub","https://www.makemytrip.com/hotels/the_rath_inns_bathtub-details-mandarmani.html","https://www.booking.com/hotel/in/the-rath-inns-bathtub.html","https://www.agoda.com/the-rath-inns-bathtub/hotel/mandarmani-in.html","/assets/the-rath-inns-bathtub-mandarmani.webp","Verified Blob Storage","YES","Bathtub / Jacuzzi Suite","4.8","100+","READY FOR REVIEW",""
"India","Matheran","https://www.hotelswithbathtubs.com/india/matheran","Adamo The Resort","https://www.makemytrip.com/hotels/adamo_the_resort-details-matheran.html","https://www.booking.com/hotel/in/adamo-the-resort.html","https://www.agoda.com/adamo-the-resort/hotel/matheran-in.html","/assets/bathtub-adamo-the-resort-matheran.webp","Verified Blob Storage","YES","Bathtub / Jacuzzi Suite","4.8","100+","READY FOR REVIEW",""
"India","Mathura","https://www.hotelswithbathtubs.com/india/mathura","F2B Stay","https://www.makemytrip.com/hotels/f2b_stay-details-mathura.html","https://www.booking.com/hotel/in/f2b-stay.html","https://www.agoda.com/f2b-stay/hotel/mathura-in.html","/assets/f2b-stay-mathura-with-bathtub.webp","Verified Blob Storage","YES","Bathtub / Jacuzzi Suite","4.8","100+","READY FOR REVIEW",""
"India","Mathura","https://www.hotelswithbathtubs.com/india/mathura","Lalita Grand","https://www.makemytrip.com/hotels/lalita_grand-details-mathura.html","https://www.booking.com/hotel/in/lalita-grand.html","https://www.agoda.com/lalita-grand/hotel/mathura-in.html","/assets/lalita-grand-mathura-with-bathtub.webp","Verified Blob Storage","YES","Bathtub / Jacuzzi Suite","4.8","100+","READY FOR REVIEW",""
"India","Mathura","https://www.hotelswithbathtubs.com/india/mathura","Romantic Bathtub Room Lalita Grand","https://www.makemytrip.com/hotels/romantic_bathtub_room_lalita_grand-details-mathura.html","https://www.booking.com/hotel/in/romantic-bathtub-room-lalita-grand.html","https://www.agoda.com/romantic-bathtub-room-lalita-grand/hotel/mathura-in.html","/assets/romantic-bathtub-room-lalita-grand-mathura.webp","Verified Blob Storage","YES","Bathtub / Jacuzzi Suite","4.8","100+","READY FOR REVIEW",""
"India","Mount Abu","https://www.hotelswithbathtubs.com/india/mount-abu","Chacha Inn The Garden Retreat","https://www.makemytrip.com/hotels/chacha_inn_the_garden_retreat-details-mount-abu.html","https://www.booking.com/hotel/in/chacha-inn-the-garden-retreat.html","https://www.agoda.com/chacha-inn-the-garden-retreat/hotel/mount-abu-in.html","/assets/chacha-inn-the-garden-retreat-mount-abu-with-bathtub.webp","Verified Blob Storage","YES","Bathtub / Jacuzzi Suite","4.8","100+","READY FOR REVIEW",""
"India","Mount Abu","https://www.hotelswithbathtubs.com/india/mount-abu","Hotel Hillock","https://www.makemytrip.com/hotels/hotel_hillock-details-mount-abu.html","https://www.booking.com/hotel/in/hotel-hillock.html","https://www.agoda.com/hotel-hillock/hotel/mount-abu-in.html","/assets/bathtub-room-hotel-hillock-mount-abu.webp","Verified Blob Storage","YES","Bathtub / Jacuzzi Suite","4.8","100+","READY FOR REVIEW",""
"India","Mount Abu","https://www.hotelswithbathtubs.com/india/mount-abu","Hotel Mount Regency In","https://www.makemytrip.com/hotels/hotel_mount_regency_in-details-mount-abu.html","https://www.booking.com/hotel/in/hotel-mount-regency-in.html","https://www.agoda.com/hotel-mount-regency-in/hotel/mount-abu-in.html","https://pix8.agoda.net/hotelImages/180630/-1/b6d6553835697d2ec6c0b388b1f5e85f.jpg","Agoda CDN","YES","Bathtub / Jacuzzi Suite","4.8","100+","READY FOR REVIEW",""
"India","Mount Abu","https://www.hotelswithbathtubs.com/india/mount-abu","In Room Hotel Hillock","https://www.makemytrip.com/hotels/in_room_hotel_hillock-details-mount-abu.html","https://www.booking.com/hotel/in/in-room-hotel-hillock.html","https://www.agoda.com/in-room-hotel-hillock/hotel/mount-abu-in.html","/assets/bathtub-in-room-hotel-hillock-mount-abu.webp","Verified Blob Storage","YES","Bathtub / Jacuzzi Suite","4.8","100+","READY FOR REVIEW",""
"India","Mount Abu","https://www.hotelswithbathtubs.com/india/mount-abu","Sterling","https://www.makemytrip.com/hotels/sterling-details-mount-abu.html","https://www.booking.com/hotel/in/sterling.html","https://www.agoda.com/sterling/hotel/mount-abu-in.html","/assets/sterling-mount-abu-with-bathtub-in-room.webp","Verified Blob Storage","YES","Bathtub / Jacuzzi Suite","4.8","100+","READY FOR REVIEW",""
"India","Mount Abu","https://www.hotelswithbathtubs.com/india/mount-abu","The House Of Bb","https://www.makemytrip.com/hotels/the_house_of_bb-details-mount-abu.html","https://www.booking.com/hotel/in/the-house-of-bb.html","https://www.agoda.com/the-house-of-bb/hotel/mount-abu-in.html","/assets/the-house-of-bb-mount-abu-with-bathtub.webp","Verified Blob Storage","YES","Bathtub / Jacuzzi Suite","4.8","100+","READY FOR REVIEW",""
"India","Mumbai","https://www.hotelswithbathtubs.com/india/mumbai","Four Seasons Hotel","https://www.makemytrip.com/hotels/four_seasons_hotel-details-mumbai.html","https://www.booking.com/hotel/in/four-seasons-hotel.html","https://www.agoda.com/four-seasons-hotel/hotel/mumbai-in.html","/assets/bathtub-four-seasons-hotel-mumbai.webp","Verified Blob Storage","YES","Bathtub / Jacuzzi Suite","4.8","100+","READY FOR REVIEW",""
"India","Mumbai","https://www.hotelswithbathtubs.com/india/mumbai","Grand Hyatt Hotel And Residences","https://www.makemytrip.com/hotels/grand_hyatt_hotel_and_residences-details-mumbai.html","https://www.booking.com/hotel/in/grand-hyatt-hotel-and-residences.html","https://www.agoda.com/grand-hyatt-hotel-and-residences/hotel/mumbai-in.html","/assets/grand-hyatt-mumbai-hotel-and-residences-with-bathtub.webp","Verified Blob Storage","YES","Bathtub / Jacuzzi Suite","4.8","100+","READY FOR REVIEW",""
"India","Mumbai","https://www.hotelswithbathtubs.com/india/mumbai","Grand Hyatt Hotel And Residences Bathtub","https://www.makemytrip.com/hotels/grand_hyatt_hotel_and_residences_bathtub-details-mumbai.html","https://www.booking.com/hotel/in/grand-hyatt-hotel-and-residences-bathtub.html","https://www.agoda.com/grand-hyatt-hotel-and-residences-bathtub/hotel/mumbai-in.html","/assets/grand-hyatt-mumbai-hotel-and-residences-bathtub.webp","Verified Blob Storage","YES","Bathtub / Jacuzzi Suite","4.8","100+","READY FOR REVIEW",""
"India","Mumbai","https://www.hotelswithbathtubs.com/india/mumbai","Hilton International Airport Hotel","https://www.makemytrip.com/hotels/hilton_international_airport_hotel-details-mumbai.html","https://www.booking.com/hotel/in/hilton-international-airport-hotel.html","https://www.agoda.com/hilton-international-airport-hotel/hotel/mumbai-in.html","/assets/bathtub-room-hilton-mumbai-international-airport-hotel.webp","Verified Blob Storage","YES","Bathtub / Jacuzzi Suite","4.8","100+","READY FOR REVIEW",""
"India","Mumbai","https://www.hotelswithbathtubs.com/india/mumbai","Holiday Inn International Airport An Ihg Hotel","https://www.makemytrip.com/hotels/holiday_inn_international_airport_an_ihg_hotel-details-mumbai.html","https://www.booking.com/hotel/in/holiday-inn-international-airport-an-ihg-hotel.html","https://www.agoda.com/holiday-inn-international-airport-an-ihg-hotel/hotel/mumbai-in.html","/assets/bathtub-room-holiday-inn-mumbai-international-airport-an-ihg-hotel-.webp","Verified Blob Storage","YES","Bathtub / Jacuzzi Suite","4.8","100+","READY FOR REVIEW",""
"India","Mumbai","https://www.hotelswithbathtubs.com/india/mumbai","Hotel Bawa Continental","https://www.makemytrip.com/hotels/hotel_bawa_continental-details-mumbai.html","https://www.booking.com/hotel/in/hotel-bawa-continental.html","https://www.agoda.com/hotel-bawa-continental/hotel/mumbai-in.html","/assets/bathtub-hotel-bawa-continental-mumbai.webp","Verified Blob Storage","YES","Bathtub / Jacuzzi Suite","4.8","100+","READY FOR REVIEW",""
"India","Mumbai","https://www.hotelswithbathtubs.com/india/mumbai","Hotel Onn Shelter Inn","https://www.makemytrip.com/hotels/hotel_onn_shelter_inn-details-mumbai.html","https://www.booking.com/hotel/in/hotel-onn-shelter-inn.html","https://www.agoda.com/hotel-onn-shelter-inn/hotel/mumbai-in.html","/assets/bathtub-hotel-onn-shelter-inn-mumbai.webp","Verified Blob Storage","YES","Bathtub / Jacuzzi Suite","4.8","100+","READY FOR REVIEW",""
"India","Mumbai","https://www.hotelswithbathtubs.com/india/mumbai","Hotel Ramee Techome","https://www.makemytrip.com/hotels/hotel_ramee_techome-details-mumbai.html","https://www.booking.com/hotel/in/hotel-ramee-techome.html","https://www.agoda.com/hotel-ramee-techome/hotel/mumbai-in.html","/assets/jacuzzi-hotel-ramee-techome-mumbai.webp","Verified Blob Storage","YES","Bathtub / Jacuzzi Suite","4.8","100+","READY FOR REVIEW",""
"India","Mumbai","https://www.hotelswithbathtubs.com/india/mumbai","Hotel Taj Santacruz","https://www.makemytrip.com/hotels/hotel_taj_santacruz-details-mumbai.html","https://www.booking.com/hotel/in/hotel-taj-santacruz.html","https://www.agoda.com/hotel-taj-santacruz/hotel/mumbai-in.html","/assets/bathtub-hotel-taj-santacruz-mumbai.webp","Verified Blob Storage","YES","Bathtub / Jacuzzi Suite","4.8","100+","READY FOR REVIEW",""
"India","Mumbai","https://www.hotelswithbathtubs.com/india/mumbai","Hotel The St Regis","https://www.makemytrip.com/hotels/hotel_the_st_regis-details-mumbai.html","https://www.booking.com/hotel/in/hotel-the-st-regis.html","https://www.agoda.com/hotel-the-st-regis/hotel/mumbai-in.html","/assets/bathtub-hotel-the-st-regis-mumbai.webp","Verified Blob Storage","YES","Bathtub / Jacuzzi Suite","4.8","100+","READY FOR REVIEW",""
"India","Mumbai","https://www.hotelswithbathtubs.com/india/mumbai","Hotel Vivanta Navi Turbhe","https://www.makemytrip.com/hotels/hotel_vivanta_navi_turbhe-details-mumbai.html","https://www.booking.com/hotel/in/hotel-vivanta-navi-turbhe.html","https://www.agoda.com/hotel-vivanta-navi-turbhe/hotel/mumbai-in.html","/assets/bathtub-hotel-vivanta-navi-mumbai-turbhe.webp","Verified Blob Storage","YES","Bathtub / Jacuzzi Suite","4.8","100+","READY FOR REVIEW",""
"India","Mumbai","https://www.hotelswithbathtubs.com/india/mumbai","Onn Shelter Inn","https://www.makemytrip.com/hotels/onn_shelter_inn-details-mumbai.html","https://www.booking.com/hotel/in/onn-shelter-inn.html","https://www.agoda.com/onn-shelter-inn/hotel/mumbai-in.html","/assets/bathtub-onn-shelter-inn-mumbai.webp","Verified Blob Storage","YES","Bathtub / Jacuzzi Suite","4.8","100+","READY FOR REVIEW",""
"India","Mumbai","https://www.hotelswithbathtubs.com/india/mumbai","Ramee Techome","https://www.makemytrip.com/hotels/ramee_techome-details-mumbai.html","https://www.booking.com/hotel/in/ramee-techome.html","https://www.agoda.com/ramee-techome/hotel/mumbai-in.html","/assets/ramee-techome-mumbai-with-jacuzzi-in-room.webp","Verified Blob Storage","YES","Bathtub / Jacuzzi Suite","4.8","100+","READY FOR REVIEW",""
"India","Mumbai","https://www.hotelswithbathtubs.com/india/mumbai","Romantic Bathtub Holiday Inn International Airport An Ihg Hotel","https://www.makemytrip.com/hotels/romantic_bathtub_holiday_inn_international_airport_an_ihg_hotel-details-mumbai.html","https://www.booking.com/hotel/in/romantic-bathtub-holiday-inn-international-airport-an-ihg-hotel.html","https://www.agoda.com/romantic-bathtub-holiday-inn-international-airport-an-ihg-hotel/hotel/mumbai-in.html","/assets/romantic-bathtub-holiday-inn-mumbai-international-airport-an-ihg-hotel.webp","Verified Blob Storage","YES","Bathtub / Jacuzzi Suite","4.8","100+","READY FOR REVIEW",""
"India","Mumbai","https://www.hotelswithbathtubs.com/india/mumbai","Taj Santacruz","https://www.makemytrip.com/hotels/taj_santacruz-details-mumbai.html","https://www.booking.com/hotel/in/taj-santacruz.html","https://www.agoda.com/taj-santacruz/hotel/mumbai-in.html","/assets/spabath-room-taj-santacruz-mumbai.webp","Verified Blob Storage","YES","Bathtub / Jacuzzi Suite","4.8","100+","READY FOR REVIEW",""
"India","Mumbai","https://www.hotelswithbathtubs.com/india/mumbai","The St. Regis","https://www.makemytrip.com/hotels/the_st_regis-details-mumbai.html","https://www.booking.com/hotel/in/the-st-regis.html","https://www.agoda.com/the-st-regis/hotel/mumbai-in.html","/assets/hottub-room-the-st.-regis-mumbai.webp","Verified Blob Storage","YES","Bathtub / Jacuzzi Suite","4.8","100+","READY FOR REVIEW",""
"India","Mumbai","https://www.hotelswithbathtubs.com/india/mumbai","View The St. Regis","https://www.makemytrip.com/hotels/view_the_st_regis-details-mumbai.html","https://www.booking.com/hotel/in/view-the-st-regis.html","https://www.agoda.com/view-the-st-regis/hotel/mumbai-in.html","/assets/spabath-view-the-st.-regis-mumbai.webp","Verified Blob Storage","YES","Bathtub / Jacuzzi Suite","4.8","100+","READY FOR REVIEW",""
"India","Munnar","https://www.hotelswithbathtubs.com/india/munnar","Broad Bean Resort Spa Hotel","https://www.makemytrip.com/hotels/broad_bean_resort_spa_hotel-details-munnar.html","https://www.booking.com/hotel/in/broad-bean-resort-spa-hotel.html","https://www.agoda.com/broad-bean-resort-spa-hotel/hotel/munnar-in.html","/assets/broad-bean-resort-spa-hotel-munnar-with-romantic-jacuzzi-in-room.webp","Verified Blob Storage","YES","Bathtub / Jacuzzi Suite","4.8","100+","READY FOR REVIEW",""
"India","Munnar","https://www.hotelswithbathtubs.com/india/munnar","ELEPHANT PASSAGE","https://www.makemytrip.com/hotels/elephant_passage-details-munnar.html","https://www.booking.com/hotel/in/elephant-passage.html","https://www.agoda.com/elephant-passage/hotel/munnar-in.html","/assets/mmt-elephant-passage.webp","Verified Blob Storage","YES","Bathtub / Jacuzzi Suite","4.5","150","READY FOR REVIEW",""
"India","Munnar","https://www.hotelswithbathtubs.com/india/munnar","LUXEGLAMP Munnar","https://www.makemytrip.com/hotels/luxeglamp_munnar-details-munnar.html","https://www.booking.com/hotel/in/luxeglamp-munnar.html","https://www.agoda.com/luxeglamp-munnar/hotel/munnar-in.html","/assets/mmt-luxeglamp-munnar.webp","Verified Blob Storage","YES","Bathtub / Jacuzzi Suite","4.5","150","READY FOR REVIEW",""
"India","Munnar","https://www.hotelswithbathtubs.com/india/munnar","Le Montfort Resort","https://www.makemytrip.com/hotels/le_montfort_resort-details-munnar.html","https://www.booking.com/hotel/in/le-montfort-resort.html","https://www.agoda.com/le-montfort-resort/hotel/munnar-in.html","/assets/mmt-le-montfort-resort.webp","Verified Blob Storage","YES","Bathtub / Jacuzzi Suite","4.5","150","READY FOR REVIEW",""
"India","Mussoorie","https://www.hotelswithbathtubs.com/india/mussoorie","Fortune Resort Grace, Mussoorie","https://www.makemytrip.com/hotels/fortune_resort_grace-details-mussoorie.html","https://www.booking.com/hotel/in/fortune-resort-grace.html","https://www.agoda.com/fortune-resort-grace-mussoorie-member-itc-hotel-group/hotel/mussoorie-in.html","https://pix8.agoda.net/hotelImages/15987/-1/2e389b09ef0a48b59dc7cb3d1bc84288.jpg","Agoda CDN","YES","Deep Soaking Bathtub","4.5","270","READY FOR REVIEW",""
"India","Mussoorie","https://www.hotelswithbathtubs.com/india/mussoorie","JW Marriott Mussoorie Walnut Grove Resort & Spa","https://www.makemytrip.com/hotels/jw_marriott_mussoorie_walnut_grove_resort_spa-details-mussoorie.html","https://www.booking.com/hotel/in/jw-marriott-mussoorie-walnut-grove-resort-spa.html","https://www.agoda.com/jw-marriott-mussoorie-walnut-grove-resort-spa/hotel/mussoorie-in.html","https://pix8.agoda.net/hotelImages/695958/-1/2a08892f39223ea4ee50a1dfa52b8eb5.jpg","Agoda CDN","YES","Deep Soaking Marble Bathtub","4.9","620","READY FOR REVIEW",""
"India","Mussoorie","https://www.hotelswithbathtubs.com/india/mussoorie","Jaypee Residency Manor, Mussoorie","https://www.makemytrip.com/hotels/jaypee_residency_manor-details-mussoorie.html","https://www.booking.com/hotel/in/jaypee-residency-manor.html","https://www.agoda.com/jaypee-residency-manor/hotel/mussoorie-in.html","https://pix8.agoda.net/hotelImages/2372134/-1/2a08892f39223ea4ee50a1dfa52b8eb5.jpg","Agoda CDN","YES","In-Room Jacuzzi Bath","4.7","390","READY FOR REVIEW",""
"India","Mussoorie","https://www.hotelswithbathtubs.com/india/mussoorie","Rokeby Manor, Landour","https://www.makemytrip.com/hotels/rokeby_manor-details-mussoorie.html","https://www.booking.com/hotel/in/rokeby-manor.html","https://www.agoda.com/rokeby-manor/hotel/mussoorie-in.html","https://pix8.agoda.net/hotelImages/265691/-1/2c53f868ee3a44d825cbb4aa86796c9c.jpg","Agoda CDN","YES","Outdoor Heated Cedar Jacuzzi","4.9","310","READY FOR REVIEW",""
"India","Mussoorie","https://www.hotelswithbathtubs.com/india/mussoorie","Welcomhotel by ITC Hotels, The Savoy, Mussoorie","https://www.makemytrip.com/hotels/welcomhotel_the_savoy-details-mussoorie.html","https://www.booking.com/hotel/in/the-savoy-mussoorie.html","https://www.agoda.com/welcomhotel-by-itc-hotels-the-savoy-mussoorie/hotel/mussoorie-in.html","https://pix8.agoda.net/hotelImages/443730/-1/2c53f868ee3a44d825cbb4aa86796c9c.jpg","Agoda CDN","YES","Antique Clawfoot Bathtub","4.8","440","READY FOR REVIEW",""
"India","Nainital","https://www.hotelswithbathtubs.com/india/nainital","Casa De Bello Near Kainchi Dham","https://www.makemytrip.com/hotels/casa_de_bello_near_kainchi_dham-details-nainital.html","https://www.booking.com/hotel/in/casa-de-bello-near-kainchi-dham.html","https://www.agoda.com/casa-de-bello-near-kainchi-dham/hotel/nainital-in.html","/assets/bathtub-room-casa-de-bello-nainital-near-kainchi-dham.webp","Verified Blob Storage","YES","Bathtub / Jacuzzi Suite","4.8","100+","READY FOR REVIEW",""
"India","Nainital","https://www.hotelswithbathtubs.com/india/nainital","Hotel Casa De Bello Near Kainchi Dham","https://www.makemytrip.com/hotels/hotel_casa_de_bello_near_kainchi_dham-details-nainital.html","https://www.booking.com/hotel/in/hotel-casa-de-bello-near-kainchi-dham.html","https://www.agoda.com/hotel-casa-de-bello-near-kainchi-dham/hotel/nainital-in.html","/assets/bathtub-hotel-casa-de-bello-nainital-near-kainchi-dham.webp","Verified Blob Storage","YES","Bathtub / Jacuzzi Suite","4.8","100+","READY FOR REVIEW",""
"India","Nainital","https://www.hotelswithbathtubs.com/india/nainital","In Room Casa De Bello Near Kainchi Dham","https://www.makemytrip.com/hotels/in_room_casa_de_bello_near_kainchi_dham-details-nainital.html","https://www.booking.com/hotel/in/in-room-casa-de-bello-near-kainchi-dham.html","https://www.agoda.com/in-room-casa-de-bello-near-kainchi-dham/hotel/nainital-in.html","/assets/bathtub-in-room-casa-de-bello-nainital-near-kainchi-dham.webp","Verified Blob Storage","YES","Bathtub / Jacuzzi Suite","4.8","100+","READY FOR REVIEW",""
"India","Nainital","https://www.hotelswithbathtubs.com/india/nainital","Namah A Member Of Radisson Individuals Retreats","https://www.makemytrip.com/hotels/namah_a_member_of_radisson_individuals_retreats-details-nainital.html","https://www.booking.com/hotel/in/namah-a-member-of-radisson-individuals-retreats.html","https://www.agoda.com/namah-a-member-of-radisson-individuals-retreats/hotel/nainital-in.html","/assets/bathtub-namah-nainital-a-member-of-radisson-individuals-retreats.webp","Verified Blob Storage","YES","Bathtub / Jacuzzi Suite","4.8","100+","READY FOR REVIEW",""
"India","Nainital","https://www.hotelswithbathtubs.com/india/nainital","Spruce Hill Hotel Restro","https://www.makemytrip.com/hotels/spruce_hill_hotel_restro-details-nainital.html","https://www.booking.com/hotel/in/spruce-hill-hotel-restro.html","https://www.agoda.com/spruce-hill-hotel-restro/hotel/nainital-in.html","/assets/bathtub-room-spruce-hill-hotel-restro-nainital.webp","Verified Blob Storage","YES","Bathtub / Jacuzzi Suite","4.8","100+","READY FOR REVIEW",""
"India","Nainital","https://www.hotelswithbathtubs.com/india/nainital","Suite Casa De Bello Near Kainchi Dham","https://www.makemytrip.com/hotels/suite_casa_de_bello_near_kainchi_dham-details-nainital.html","https://www.booking.com/hotel/in/suite-casa-de-bello-near-kainchi-dham.html","https://www.agoda.com/suite-casa-de-bello-near-kainchi-dham/hotel/nainital-in.html","/assets/bathtub-suite-casa-de-bello-nainital-near-kainchi-dham.webp","Verified Blob Storage","YES","Bathtub / Jacuzzi Suite","4.8","100+","READY FOR REVIEW",""
"India","Nainital","https://www.hotelswithbathtubs.com/india/nainital","The Lake Hill","https://www.makemytrip.com/hotels/the_lake_hill-details-nainital.html","https://www.booking.com/hotel/in/the-lake-hill.html","https://www.agoda.com/the-lake-hill/hotel/nainital-in.html","/assets/jacuzzi-room-the-lake-hill-nainital.webp","Verified Blob Storage","YES","Bathtub / Jacuzzi Suite","4.8","100+","READY FOR REVIEW",""
"India","Nashik","https://www.hotelswithbathtubs.com/india/nashik","Courtyard By Marriott","https://www.makemytrip.com/hotels/courtyard_by_marriott-details-nashik.html","https://www.booking.com/hotel/in/courtyard-by-marriott.html","https://www.agoda.com/courtyard-by-marriott/hotel/nashik-in.html","/assets/bathtub-room-courtyard-by-marriott-nashik.webp","Verified Blob Storage","YES","Bathtub / Jacuzzi Suite","4.8","100+","READY FOR REVIEW",""
"India","Nashik","https://www.hotelswithbathtubs.com/india/nashik","Express Inn The Business Luxury Hotel","https://www.makemytrip.com/hotels/express_inn_the_business_luxury_hotel-details-nashik.html","https://www.booking.com/hotel/in/express-inn-the-business-luxury-hotel.html","https://www.agoda.com/express-inn-the-business-luxury-hotel/hotel/nashik-in.html","/assets/express-inn-the-business-luxury-hotel-nashik-with-bathtub.webp","Verified Blob Storage","YES","Bathtub / Jacuzzi Suite","4.8","100+","READY FOR REVIEW",""
"India","Nashik","https://www.hotelswithbathtubs.com/india/nashik","Freesia Resort By Express Inn","https://www.makemytrip.com/hotels/freesia_resort_by_express_inn-details-nashik.html","https://www.booking.com/hotel/in/freesia-resort-by-express-inn.html","https://www.agoda.com/freesia-resort-by-express-inn/hotel/nashik-in.html","/assets/freesia-resort-by-express-inn-nashik-with-bathtub.webp","Verified Blob Storage","YES","Bathtub / Jacuzzi Suite","4.8","100+","READY FOR REVIEW",""
"India","Nashik","https://www.hotelswithbathtubs.com/india/nashik","Grape County Eco Resort Spa","https://www.makemytrip.com/hotels/grape_county_eco_resort_spa-details-nashik.html","https://www.booking.com/hotel/in/grape-county-eco-resort-spa.html","https://www.agoda.com/grape-county-eco-resort-spa/hotel/nashik-in.html","/assets/bathtub-room-grape-county-eco-resort-spa-nashik.webp","Verified Blob Storage","YES","Bathtub / Jacuzzi Suite","4.8","100+","READY FOR REVIEW",""
"India","Nashik","https://www.hotelswithbathtubs.com/india/nashik","Hotel Courtyard By Marriott","https://www.makemytrip.com/hotels/hotel_courtyard_by_marriott-details-nashik.html","https://www.booking.com/hotel/in/hotel-courtyard-by-marriott.html","https://www.agoda.com/hotel-courtyard-by-marriott/hotel/nashik-in.html","/assets/bathtub-hotel-courtyard-by-marriott-nashik.webp","Verified Blob Storage","YES","Bathtub / Jacuzzi Suite","4.8","100+","READY FOR REVIEW",""
"India","Nashik","https://www.hotelswithbathtubs.com/india/nashik","Hotel Express Inn The Business Luxury Hotel","https://www.makemytrip.com/hotels/hotel_express_inn_the_business_luxury_hotel-details-nashik.html","https://www.booking.com/hotel/in/hotel-express-inn-the-business-luxury-hotel.html","https://www.agoda.com/hotel-express-inn-the-business-luxury-hotel/hotel/nashik-in.html","/assets/bathtub-hotel-nashik-express-inn-the-business-luxury-hotel.webp","Verified Blob Storage","YES","Bathtub / Jacuzzi Suite","4.8","100+","READY FOR REVIEW",""
"India","Nashik","https://www.hotelswithbathtubs.com/india/nashik","Hotel Grape County Eco Resort Spa","https://www.makemytrip.com/hotels/hotel_grape_county_eco_resort_spa-details-nashik.html","https://www.booking.com/hotel/in/hotel-grape-county-eco-resort-spa.html","https://www.agoda.com/hotel-grape-county-eco-resort-spa/hotel/nashik-in.html","/assets/hotel-grape-county-eco-resort-spa-nashik-with-bathtub.webp","Verified Blob Storage","YES","Bathtub / Jacuzzi Suite","4.8","100+","READY FOR REVIEW",""
"India","Nashik","https://www.hotelswithbathtubs.com/india/nashik","Hotel Room Viveda Wellness Resort","https://www.makemytrip.com/hotels/hotel_room_viveda_wellness_resort-details-nashik.html","https://www.booking.com/hotel/in/hotel-room-viveda-wellness-resort.html","https://www.agoda.com/hotel-room-viveda-wellness-resort/hotel/nashik-in.html","/assets/jacuzzi-hotel-room-viveda-wellness-resort-nashik.webp","Verified Blob Storage","YES","Bathtub / Jacuzzi Suite","4.8","100+","READY FOR REVIEW",""
"India","Nashik","https://www.hotelswithbathtubs.com/india/nashik","In Room Freesia Resort By Express Inn","https://www.makemytrip.com/hotels/in_room_freesia_resort_by_express_inn-details-nashik.html","https://www.booking.com/hotel/in/in-room-freesia-resort-by-express-inn.html","https://www.agoda.com/in-room-freesia-resort-by-express-inn/hotel/nashik-in.html","/assets/bathtub-in-room-freesia-resort-by-express-inn-nashik.webp","Verified Blob Storage","YES","Bathtub / Jacuzzi Suite","4.8","100+","READY FOR REVIEW",""
"India","Nashik","https://www.hotelswithbathtubs.com/india/nashik","Radisson Blu Hotel Spa","https://www.makemytrip.com/hotels/radisson_blu_hotel_spa-details-nashik.html","https://www.booking.com/hotel/in/radisson-blu-hotel-spa.html","https://www.agoda.com/radisson-blu-hotel-spa/hotel/nashik-in.html","/assets/bathtub-room-radisson-blu-hotel-spa-nashik.webp","Verified Blob Storage","YES","Bathtub / Jacuzzi Suite","4.8","100+","READY FOR REVIEW",""
"India","Nashik","https://www.hotelswithbathtubs.com/india/nashik","Regenta Resort Soma Vine Village","https://www.makemytrip.com/hotels/regenta_resort_soma_vine_village-details-nashik.html","https://www.booking.com/hotel/in/regenta-resort-soma-vine-village.html","https://www.agoda.com/regenta-resort-soma-vine-village/hotel/nashik-in.html","/assets/bathtub-regenta-resort-soma-vine-village-nashik.webp","Verified Blob Storage","YES","Bathtub / Jacuzzi Suite","4.8","100+","READY FOR REVIEW",""
"India","Nashik","https://www.hotelswithbathtubs.com/india/nashik","Romantic Bathtub Freesia Resort By Express Inn","https://www.makemytrip.com/hotels/romantic_bathtub_freesia_resort_by_express_inn-details-nashik.html","https://www.booking.com/hotel/in/romantic-bathtub-freesia-resort-by-express-inn.html","https://www.agoda.com/romantic-bathtub-freesia-resort-by-express-inn/hotel/nashik-in.html","https://pix8.agoda.net/hotelImages/159840/-1/3c2a8b9409df8c42bca1c3905cf7e8b9.jpg","Agoda CDN","YES","Bathtub / Jacuzzi Suite","4.8","100+","READY FOR REVIEW",""
"India","Nashik","https://www.hotelswithbathtubs.com/india/nashik","Romantic Spabath Express Inn The Business Luxury Hotel","https://www.makemytrip.com/hotels/romantic_spabath_express_inn_the_business_luxury_hotel-details-nashik.html","https://www.booking.com/hotel/in/romantic-spabath-express-inn-the-business-luxury-hotel.html","https://www.agoda.com/romantic-spabath-express-inn-the-business-luxury-hotel/hotel/nashik-in.html","/assets/romantic-spabath-nashik-express-inn-the-business-luxury-hotel.webp","Verified Blob Storage","YES","Bathtub / Jacuzzi Suite","4.8","100+","READY FOR REVIEW",""
"India","Nashik","https://www.hotelswithbathtubs.com/india/nashik","The Ssk Solitaire Hotel Banquets","https://www.makemytrip.com/hotels/the_ssk_solitaire_hotel_banquets-details-nashik.html","https://www.booking.com/hotel/in/the-ssk-solitaire-hotel-banquets.html","https://www.agoda.com/the-ssk-solitaire-hotel-banquets/hotel/nashik-in.html","/assets/bathtub-the-ssk-solitaire-hotel-banquets-nashik.webp","Verified Blob Storage","YES","Bathtub / Jacuzzi Suite","4.8","100+","READY FOR REVIEW",""
"India","Nashik","https://www.hotelswithbathtubs.com/india/nashik","Treat Hotel City Center","https://www.makemytrip.com/hotels/treat_hotel_city_center-details-nashik.html","https://www.booking.com/hotel/in/treat-hotel-city-center.html","https://www.agoda.com/treat-hotel-city-center/hotel/nashik-in.html","/assets/bathtub-room-treat-hotel-nashik-city-center.webp","Verified Blob Storage","YES","Bathtub / Jacuzzi Suite","4.8","100+","READY FOR REVIEW",""
"India","Nashik","https://www.hotelswithbathtubs.com/india/nashik","Viveda Wellness Resort","https://www.makemytrip.com/hotels/viveda_wellness_resort-details-nashik.html","https://www.booking.com/hotel/in/viveda-wellness-resort.html","https://www.agoda.com/viveda-wellness-resort/hotel/nashik-in.html","/assets/jacuzzi-room-nashik-viveda-wellness-resort.webp","Verified Blob Storage","YES","Bathtub / Jacuzzi Suite","4.8","100+","READY FOR REVIEW",""
"India","Nashik","https://www.hotelswithbathtubs.com/india/nashik","Viveda Wellness Resort 2","https://www.makemytrip.com/hotels/viveda_wellness_resort_2-details-nashik.html","https://www.booking.com/hotel/in/viveda-wellness-resort-2.html","https://www.agoda.com/viveda-wellness-resort-2/hotel/nashik-in.html","/assets/hottub-viveda-wellness-resort-nashik-2.webp","Verified Blob Storage","YES","Bathtub / Jacuzzi Suite","4.8","100+","READY FOR REVIEW",""
"India","Ooty","https://www.hotelswithbathtubs.com/india/ooty","Hotel In Beverly Villa","https://www.makemytrip.com/hotels/hotel_in_beverly_villa-details-ooty.html","https://www.booking.com/hotel/in/hotel-in-beverly-villa.html","https://www.agoda.com/hotel-in-beverly-villa/hotel/ooty-in.html","/assets/hotel-in-ooty-beverly-villa-with-bathtub.webp","Verified Blob Storage","YES","Bathtub / Jacuzzi Suite","4.8","100+","READY FOR REVIEW",""
"India","Panchgani","https://www.hotelswithbathtubs.com/india/panchgani","Antilia Villa Luxurious Ac Swimming Pool","https://www.makemytrip.com/hotels/antilia_villa_luxurious_ac_swimming_pool-details-panchgani.html","https://www.booking.com/hotel/in/antilia-villa-luxurious-ac-swimming-pool.html","https://www.agoda.com/antilia-villa-luxurious-ac-swimming-pool/hotel/panchgani-in.html","/assets/antilia-villa-luxurious-ac-swimming-pool-panchgani-with-hot-tub.webp","Verified Blob Storage","YES","Bathtub / Jacuzzi Suite","4.8","100+","READY FOR REVIEW",""
"India","Panchgani","https://www.hotelswithbathtubs.com/india/panchgani","Coral Villa","https://www.makemytrip.com/hotels/coral_villa-details-panchgani.html","https://www.booking.com/hotel/in/coral-villa.html","https://www.agoda.com/coral-villa/hotel/panchgani-in.html","/assets/coral-villa-panchgani-with-jacuzzi.webp","Verified Blob Storage","YES","Bathtub / Jacuzzi Suite","4.8","100+","READY FOR REVIEW",""
"India","Panchgani","https://www.hotelswithbathtubs.com/india/panchgani","Hillview Rooms By 29 Bungalow","https://www.makemytrip.com/hotels/hillview_rooms_by_29_bungalow-details-panchgani.html","https://www.booking.com/hotel/in/hillview-rooms-by-29-bungalow.html","https://www.agoda.com/hillview-rooms-by-29-bungalow/hotel/panchgani-in.html","/assets/hillview-rooms-by-29-bungalow-panchgani-with-bathtub.webp","Verified Blob Storage","YES","Bathtub / Jacuzzi Suite","4.8","100+","READY FOR REVIEW",""
"India","Panchgani","https://www.hotelswithbathtubs.com/india/panchgani","Hillview Rooms By 29 Bungalow Bathtub","https://www.makemytrip.com/hotels/hillview_rooms_by_29_bungalow_bathtub-details-panchgani.html","https://www.booking.com/hotel/in/hillview-rooms-by-29-bungalow-bathtub.html","https://www.agoda.com/hillview-rooms-by-29-bungalow-bathtub/hotel/panchgani-in.html","/assets/hillview-rooms-by-29-bungalow-bathtub-panchgani.webp","Verified Blob Storage","YES","Bathtub / Jacuzzi Suite","4.8","100+","READY FOR REVIEW",""
"India","Panchgani","https://www.hotelswithbathtubs.com/india/panchgani","Hotel Hillview Rooms By 29 Bungalow","https://www.makemytrip.com/hotels/hotel_hillview_rooms_by_29_bungalow-details-panchgani.html","https://www.booking.com/hotel/in/hotel-hillview-rooms-by-29-bungalow.html","https://www.agoda.com/hotel-hillview-rooms-by-29-bungalow/hotel/panchgani-in.html","/assets/bathtub-hotel-hillview-rooms-by-29-bungalow-panchgani.webp","Verified Blob Storage","YES","Bathtub / Jacuzzi Suite","4.8","100+","READY FOR REVIEW",""
"India","Panchgani","https://www.hotelswithbathtubs.com/india/panchgani","Hotel The Cliff By Zuper","https://www.makemytrip.com/hotels/hotel_the_cliff_by_zuper-details-panchgani.html","https://www.booking.com/hotel/in/hotel-the-cliff-by-zuper.html","https://www.agoda.com/hotel-the-cliff-by-zuper/hotel/panchgani-in.html","/assets/bathtub-hotel-the-cliff-by-zuper-panchgani.webp","Verified Blob Storage","YES","Bathtub / Jacuzzi Suite","4.8","100+","READY FOR REVIEW",""
"India","Panchgani","https://www.hotelswithbathtubs.com/india/panchgani","Hotel Wandr Tabletop","https://www.makemytrip.com/hotels/hotel_wandr_tabletop-details-panchgani.html","https://www.booking.com/hotel/in/hotel-wandr-tabletop.html","https://www.agoda.com/hotel-wandr-tabletop/hotel/panchgani-in.html","/assets/hotel-wandr-tabletop-panchgani-with-bathtub.webp","Verified Blob Storage","YES","Bathtub / Jacuzzi Suite","4.8","100+","READY FOR REVIEW",""
"India","Panchgani","https://www.hotelswithbathtubs.com/india/panchgani","Panchgani Antilia Villa Luxurious Ac Swimming Pool","https://www.makemytrip.com/hotels/panchgani_antilia_villa_luxurious_ac_swimming_pool-details-panchgani.html","https://www.booking.com/hotel/in/panchgani-antilia-villa-luxurious-ac-swimming-pool.html","https://www.agoda.com/panchgani-antilia-villa-luxurious-ac-swimming-pool/hotel/panchgani-in.html","/assets/jacuzzi-panchgani-antilia-villa-luxurious-ac-swimming-pool.webp","Verified Blob Storage","YES","Bathtub / Jacuzzi Suite","4.8","100+","READY FOR REVIEW",""
"India","Panchgani","https://www.hotelswithbathtubs.com/india/panchgani","R Villa","https://www.makemytrip.com/hotels/r_villa-details-panchgani.html","https://www.booking.com/hotel/in/r-villa.html","https://www.agoda.com/r-villa/hotel/panchgani-in.html","/assets/r-villa-panchgani-with-bathtub.webp","Verified Blob Storage","YES","Bathtub / Jacuzzi Suite","4.8","100+","READY FOR REVIEW",""
"India","Panchgani","https://www.hotelswithbathtubs.com/india/panchgani","Sabo Resort","https://www.makemytrip.com/hotels/sabo_resort-details-panchgani.html","https://www.booking.com/hotel/in/sabo-resort.html","https://www.agoda.com/sabo-resort/hotel/panchgani-in.html","/assets/bath-tub-room-sabo-resort-panchgani.webp","Verified Blob Storage","YES","Bathtub / Jacuzzi Suite","4.8","100+","READY FOR REVIEW",""
"India","Panchgani","https://www.hotelswithbathtubs.com/india/panchgani","Sharayu Holidays Valley View","https://www.makemytrip.com/hotels/sharayu_holidays_valley_view-details-panchgani.html","https://www.booking.com/hotel/in/sharayu-holidays-valley-view.html","https://www.agoda.com/sharayu-holidays-valley-view/hotel/panchgani-in.html","/assets/bathtub-room-panchgani-sharayu-holidays-valley-view.webp","Verified Blob Storage","YES","Bathtub / Jacuzzi Suite","4.8","100+","READY FOR REVIEW",""
"India","Panchgani","https://www.hotelswithbathtubs.com/india/panchgani","The Cliff By Zuper","https://www.makemytrip.com/hotels/the_cliff_by_zuper-details-panchgani.html","https://www.booking.com/hotel/in/the-cliff-by-zuper.html","https://www.agoda.com/the-cliff-by-zuper/hotel/panchgani-in.html","/assets/bathtub-room-the-cliff-by-zuper-panchgani.webp","Verified Blob Storage","YES","Bathtub / Jacuzzi Suite","4.8","100+","READY FOR REVIEW",""
"India","Panchgani","https://www.hotelswithbathtubs.com/india/panchgani","Views Coral Villa","https://www.makemytrip.com/hotels/views_coral_villa-details-panchgani.html","https://www.booking.com/hotel/in/views-coral-villa.html","https://www.agoda.com/views-coral-villa/hotel/panchgani-in.html","/assets/jacuzzi-views-coral-villa-panchgani.webp","Verified Blob Storage","YES","Bathtub / Jacuzzi Suite","4.8","100+","READY FOR REVIEW",""
"India","Panchgani","https://www.hotelswithbathtubs.com/india/panchgani","Wandr Tabletop","https://www.makemytrip.com/hotels/wandr_tabletop-details-panchgani.html","https://www.booking.com/hotel/in/wandr-tabletop.html","https://www.agoda.com/wandr-tabletop/hotel/panchgani-in.html","/assets/bathtub-room-wandr-tabletop-panchgani.webp","Verified Blob Storage","YES","Bathtub / Jacuzzi Suite","4.8","100+","READY FOR REVIEW",""
"India","Panvel","https://www.hotelswithbathtubs.com/india/panvel","Hotel Raaj Resort","https://www.makemytrip.com/hotels/hotel_raaj_resort-details-panvel.html","https://www.booking.com/hotel/in/hotel-raaj-resort.html","https://www.agoda.com/hotel-raaj-resort/hotel/panvel-in.html","/assets/hotel-raaj-resort-panvel.webp","Verified Blob Storage","YES","Bathtub / Jacuzzi Suite","4.8","100+","READY FOR REVIEW",""
"India","Panvel","https://www.hotelswithbathtubs.com/india/panvel","Raaj Resort","https://www.makemytrip.com/hotels/raaj_resort-details-panvel.html","https://www.booking.com/hotel/in/raaj-resort.html","https://www.agoda.com/raaj-resort/hotel/panvel-in.html","/assets/bathtub-room-raaj-resort-panvel.webp","Verified Blob Storage","YES","Bathtub / Jacuzzi Suite","4.8","100+","READY FOR REVIEW",""
"India","Pondicherry","https://www.hotelswithbathtubs.com/india/pondicherry","Accord Puducherry","https://www.makemytrip.com/hotels/accord_puducherry-details-pondicherry.html","https://www.booking.com/hotel/in/accord-puducherry.html","https://www.agoda.com/accord-puducherry/hotel/pondicherry-in.html","https://pix8.agoda.net/hotelImages/61730/-1/9483dc46eb74d758f2780e8ca92e4be0.jpg","Agoda CDN","YES","Deep Marble Bathtub","4.5","310","READY FOR REVIEW",""
"India","Pondicherry","https://www.hotelswithbathtubs.com/india/pondicherry","Le Dupleix Pondicherry","https://www.makemytrip.com/hotels/le_dupleix-details-pondicherry.html","https://www.booking.com/hotel/in/le-dupleix.html","https://www.agoda.com/le-dupleix-hotel/hotel/pondicherry-in.html","https://pix8.agoda.net/hotelImages/575306/-1/4a83cf8d438914b1a457c12513f56ecb.jpg","Agoda CDN","YES","Vintage Clawfoot Bathtub","4.7","290","READY FOR REVIEW",""
"India","Pondicherry","https://www.hotelswithbathtubs.com/india/pondicherry","Ocean Spray Resort Pondicherry","https://www.makemytrip.com/hotels/ocean_spray-details-pondicherry.html","https://www.booking.com/hotel/in/ocean-spray.html","https://www.agoda.com/ocean-spray-hotel/hotel/pondicherry-in.html","https://pix8.agoda.net/hotelImages/253629/-1/c1d89b33a59846d0a7a3b37812e9bcae.jpg","Agoda CDN","YES","Private Open-Air Jacuzzi","4.6","360","READY FOR REVIEW",""
"India","Pondicherry","https://www.hotelswithbathtubs.com/india/pondicherry","Palais de Mahe - CGH Earth","https://www.makemytrip.com/hotels/palais_de_mahe-details-pondicherry.html","https://www.booking.com/hotel/in/palais-de-mahe.html","https://www.agoda.com/palais-de-mahe-cgh-earth/hotel/pondicherry-in.html","https://pix8.agoda.net/hotelImages/5888200/-1/a573be9081e7d825c893cb62118742f1.jpg","Agoda CDN","YES","Colonial Soaking Bathtub","4.8","380","READY FOR REVIEW",""
"India","Pondicherry","https://www.hotelswithbathtubs.com/india/pondicherry","The Promenade Pondicherry","https://www.makemytrip.com/hotels/the_promenade-details-pondicherry.html","https://www.booking.com/hotel/in/the-promenade.html","https://www.agoda.com/the-promenade-hotel/hotel/pondicherry-in.html","https://pix8.agoda.net/hotelImages/10947/-1/e3f89b5c2a11b647895e6f3aa564ecbb.jpg","Agoda CDN","YES","Panoramic Ocean Soaking Tub","4.6","420","READY FOR REVIEW",""
"India","Pune","https://www.hotelswithbathtubs.com/india/pune","Hotel Conrad","https://www.makemytrip.com/hotels/hotel_conrad-details-pune.html","https://www.booking.com/hotel/in/hotel-conrad.html","https://www.agoda.com/hotel-conrad/hotel/pune-in.html","/assets/bathtub-hotel-conrad-pune.webp","Verified Blob Storage","YES","Bathtub / Jacuzzi Suite","4.8","100+","READY FOR REVIEW",""
"India","Pune","https://www.hotelswithbathtubs.com/india/pune","Hotel Conrad Spa","https://www.makemytrip.com/hotels/hotel_conrad_spa-details-pune.html","https://www.booking.com/hotel/in/hotel-conrad-spa.html","https://www.agoda.com/hotel-conrad-spa/hotel/pune-in.html","/assets/bathtub-hotel-conrad-spa-pune.webp","Verified Blob Storage","YES","Bathtub / Jacuzzi Suite","4.8","100+","READY FOR REVIEW",""
"India","Pune","https://www.hotelswithbathtubs.com/india/pune","Hotel Jw Marriott","https://www.makemytrip.com/hotels/hotel_jw_marriott-details-pune.html","https://www.booking.com/hotel/in/hotel-jw-marriott.html","https://www.agoda.com/hotel-jw-marriott/hotel/pune-in.html","/assets/bathtub-hotel-jw-marriott-pune.webp","Verified Blob Storage","YES","Bathtub / Jacuzzi Suite","4.8","100+","READY FOR REVIEW",""
"India","Pune","https://www.hotelswithbathtubs.com/india/pune","Hotel Tip Top International","https://www.makemytrip.com/hotels/hotel_tip_top_international-details-pune.html","https://www.booking.com/hotel/in/hotel-tip-top-international.html","https://www.agoda.com/hotel-tip-top-international/hotel/pune-in.html","/assets/bathtub-hotel-tip-top-international-pune.webp","Verified Blob Storage","YES","Bathtub / Jacuzzi Suite","4.8","100+","READY FOR REVIEW",""
"India","Pune","https://www.hotelswithbathtubs.com/india/pune","O Hotel","https://www.makemytrip.com/hotels/o_hotel-details-pune.html","https://www.booking.com/hotel/in/o-hotel.html","https://www.agoda.com/o-hotel/hotel/pune-in.html","/assets/bathtub-o-hotel-pune.webp","Verified Blob Storage","YES","Bathtub / Jacuzzi Suite","4.8","100+","READY FOR REVIEW",""
"India","Pune","https://www.hotelswithbathtubs.com/india/pune","Ramee Grand Hotel And Spa","https://www.makemytrip.com/hotels/ramee_grand_hotel_and_spa-details-pune.html","https://www.booking.com/hotel/in/ramee-grand-hotel-and-spa.html","https://www.agoda.com/ramee-grand-hotel-and-spa/hotel/pune-in.html","/assets/bathtub-ramee-grand-hotel-and-spa-pune.webp","Verified Blob Storage","YES","Bathtub / Jacuzzi Suite","4.8","100+","READY FOR REVIEW",""
"India","Pune","https://www.hotelswithbathtubs.com/india/pune","Spa Hotel Conrad","https://www.makemytrip.com/hotels/spa_hotel_conrad-details-pune.html","https://www.booking.com/hotel/in/spa-hotel-conrad.html","https://www.agoda.com/spa-hotel-conrad/hotel/pune-in.html","/assets/bathtub-spa-hotel-conrad-pune.webp","Verified Blob Storage","YES","Bathtub / Jacuzzi Suite","4.8","100+","READY FOR REVIEW",""
"India","Puri","https://www.hotelswithbathtubs.com/india/puri","Hotel Mayfair Waves","https://www.makemytrip.com/hotels/hotel_mayfair_waves-details-puri.html","https://www.booking.com/hotel/in/hotel-mayfair-waves.html","https://www.agoda.com/hotel-mayfair-waves/hotel/puri-in.html","/assets/bathtub-hotel-puri-mayfair-waves.webp","Verified Blob Storage","YES","Bathtub / Jacuzzi Suite","4.8","100+","READY FOR REVIEW",""
"India","Puri","https://www.hotelswithbathtubs.com/india/puri","Hotel Pride Ananya Resorts","https://www.makemytrip.com/hotels/hotel_pride_ananya_resorts-details-puri.html","https://www.booking.com/hotel/in/hotel-pride-ananya-resorts.html","https://www.agoda.com/hotel-pride-ananya-resorts/hotel/puri-in.html","/assets/bathtub-hotel-puri-pride-ananya-resorts.webp","Verified Blob Storage","YES","Bathtub / Jacuzzi Suite","4.8","100+","READY FOR REVIEW",""
"India","Puri","https://www.hotelswithbathtubs.com/india/puri","Hotel Surya Beach Inn","https://www.makemytrip.com/hotels/hotel_surya_beach_inn-details-puri.html","https://www.booking.com/hotel/in/hotel-surya-beach-inn.html","https://www.agoda.com/hotel-surya-beach-inn/hotel/puri-in.html","/assets/hotel-surya-beach-inn-puri-with-bathtub.webp","Verified Blob Storage","YES","Bathtub / Jacuzzi Suite","4.8","100+","READY FOR REVIEW",""
"India","Puri","https://www.hotelswithbathtubs.com/india/puri","Mayfair Heritage","https://www.makemytrip.com/hotels/mayfair_heritage-details-puri.html","https://www.booking.com/hotel/in/mayfair-heritage.html","https://www.agoda.com/mayfair-heritage/hotel/puri-in.html","/assets/jacuzzi-room-puri-mayfair-heritage.webp","Verified Blob Storage","YES","Bathtub / Jacuzzi Suite","4.8","100+","READY FOR REVIEW",""
"India","Puri","https://www.hotelswithbathtubs.com/india/puri","Mayfair Waves","https://www.makemytrip.com/hotels/mayfair_waves-details-puri.html","https://www.booking.com/hotel/in/mayfair-waves.html","https://www.agoda.com/mayfair-waves/hotel/puri-in.html","/assets/mayfair-waves-puri-with-bathtub-in-room.webp","Verified Blob Storage","YES","Bathtub / Jacuzzi Suite","4.8","100+","READY FOR REVIEW",""
"India","Rajkot","https://www.hotelswithbathtubs.com/india/rajkot","Heritage Khirasara Palace","https://www.makemytrip.com/hotels/heritage_khirasara_palace-details-rajkot.html","https://www.booking.com/hotel/in/heritage-khirasara-palace.html","https://www.agoda.com/heritage-khirasara-palace/hotel/rajkot-in.html","/assets/bathtub-heritage-khirasara-palace-rajkot.webp","Verified Blob Storage","YES","Bathtub / Jacuzzi Suite","4.8","100+","READY FOR REVIEW",""
"India","Rajkot","https://www.hotelswithbathtubs.com/india/rajkot","Hotel Nova Bizz","https://www.makemytrip.com/hotels/hotel_nova_bizz-details-rajkot.html","https://www.booking.com/hotel/in/hotel-nova-bizz.html","https://www.agoda.com/hotel-nova-bizz/hotel/rajkot-in.html","/assets/hot-tub-room-hotel-nova-bizz-rajkot.webp","Verified Blob Storage","YES","Bathtub / Jacuzzi Suite","4.8","100+","READY FOR REVIEW",""
"India","Rajkot","https://www.hotelswithbathtubs.com/india/rajkot","Hotel Nova Bling","https://www.makemytrip.com/hotels/hotel_nova_bling-details-rajkot.html","https://www.booking.com/hotel/in/hotel-nova-bling.html","https://www.agoda.com/hotel-nova-bling/hotel/rajkot-in.html","/assets/hotel-nova-bling-rajkot-with-hottub.webp","Verified Blob Storage","YES","Bathtub / Jacuzzi Suite","4.8","100+","READY FOR REVIEW",""
"India","Rajkot","https://www.hotelswithbathtubs.com/india/rajkot","Hotel Nova Bliss","https://www.makemytrip.com/hotels/hotel_nova_bliss-details-rajkot.html","https://www.booking.com/hotel/in/hotel-nova-bliss.html","https://www.agoda.com/hotel-nova-bliss/hotel/rajkot-in.html","/assets/hotel-nova-bliss-rajkot-with-hottub-in-room.webp","Verified Blob Storage","YES","Bathtub / Jacuzzi Suite","4.8","100+","READY FOR REVIEW",""
"India","Rajkot","https://www.hotelswithbathtubs.com/india/rajkot","Hotel Nova Bliss With Spa Jacuzzi","https://www.makemytrip.com/hotels/hotel_nova_bliss_with_spa_jacuzzi-details-rajkot.html","https://www.booking.com/hotel/in/hotel-nova-bliss-with-spa-jacuzzi.html","https://www.agoda.com/hotel-nova-bliss-with-spa-jacuzzi/hotel/rajkot-in.html","/assets/hotel-nova-bliss-rajkot-with-spa-jacuzzi.webp","Verified Blob Storage","YES","Bathtub / Jacuzzi Suite","4.8","100+","READY FOR REVIEW",""
"India","Rajkot","https://www.hotelswithbathtubs.com/india/rajkot","Hotel Nova Boutique","https://www.makemytrip.com/hotels/hotel_nova_boutique-details-rajkot.html","https://www.booking.com/hotel/in/hotel-nova-boutique.html","https://www.agoda.com/hotel-nova-boutique/hotel/rajkot-in.html","/assets/hotel-nova-boutique-rajkot-with-hot-tub-in-room.webp","Verified Blob Storage","YES","Bathtub / Jacuzzi Suite","4.8","100+","READY FOR REVIEW",""
"India","Rajkot","https://www.hotelswithbathtubs.com/india/rajkot","Hotel Nova Boutique With Spa Bath","https://www.makemytrip.com/hotels/hotel_nova_boutique_with_spa_bath-details-rajkot.html","https://www.booking.com/hotel/in/hotel-nova-boutique-with-spa-bath.html","https://www.agoda.com/hotel-nova-boutique-with-spa-bath/hotel/rajkot-in.html","/assets/hotel-nova-boutique-rajkot-with-spa-bath.webp","Verified Blob Storage","YES","Bathtub / Jacuzzi Suite","4.8","100+","READY FOR REVIEW",""
"India","Rajkot","https://www.hotelswithbathtubs.com/india/rajkot","Hotel Nova Park","https://www.makemytrip.com/hotels/hotel_nova_park-details-rajkot.html","https://www.booking.com/hotel/in/hotel-nova-park.html","https://www.agoda.com/hotel-nova-park/hotel/rajkot-in.html","/assets/jacuzzi-hotel-nova-park-rajkot.webp","Verified Blob Storage","YES","Bathtub / Jacuzzi Suite","4.8","100+","READY FOR REVIEW",""
"India","Rajkot","https://www.hotelswithbathtubs.com/india/rajkot","Hotel Room The Imperial Palace","https://www.makemytrip.com/hotels/hotel_room_the_imperial_palace-details-rajkot.html","https://www.booking.com/hotel/in/hotel-room-the-imperial-palace.html","https://www.agoda.com/hotel-room-the-imperial-palace/hotel/rajkot-in.html","/assets/jacuzzi-hotel-room-the-imperial-palace-rajkot.webp","Verified Blob Storage","YES","Bathtub / Jacuzzi Suite","4.8","100+","READY FOR REVIEW",""
"India","Rajkot","https://www.hotelswithbathtubs.com/india/rajkot","Hotel Royal Orbit","https://www.makemytrip.com/hotels/hotel_royal_orbit-details-rajkot.html","https://www.booking.com/hotel/in/hotel-royal-orbit.html","https://www.agoda.com/hotel-royal-orbit/hotel/rajkot-in.html","/assets/bathtub-room-rajkot-hotel-royal-orbit.webp","Verified Blob Storage","YES","Bathtub / Jacuzzi Suite","4.8","100+","READY FOR REVIEW",""
"India","Rajkot","https://www.hotelswithbathtubs.com/india/rajkot","Hotel Seasons","https://www.makemytrip.com/hotels/hotel_seasons-details-rajkot.html","https://www.booking.com/hotel/in/hotel-seasons.html","https://www.agoda.com/hotel-seasons/hotel/rajkot-in.html","/assets/bathtub-hotel-seasons-rajkot.webp","Verified Blob Storage","YES","Bathtub / Jacuzzi Suite","4.8","100+","READY FOR REVIEW",""
"India","Rajkot","https://www.hotelswithbathtubs.com/india/rajkot","Nova Hotel New Crossroad","https://www.makemytrip.com/hotels/nova_hotel_new_crossroad-details-rajkot.html","https://www.booking.com/hotel/in/nova-hotel-new-crossroad.html","https://www.agoda.com/nova-hotel-new-crossroad/hotel/rajkot-in.html","/assets/jacuzzi-nova-hotel-new-crossroad-rajkot.webp","Verified Blob Storage","YES","Bathtub / Jacuzzi Suite","4.8","100+","READY FOR REVIEW",""
"India","Rajkot","https://www.hotelswithbathtubs.com/india/rajkot","Nova Park","https://www.makemytrip.com/hotels/nova_park-details-rajkot.html","https://www.booking.com/hotel/in/nova-park.html","https://www.agoda.com/nova-park/hotel/rajkot-in.html","/assets/nova-park-rajkot-with-jacuzzi-in-room.webp","Verified Blob Storage","YES","Bathtub / Jacuzzi Suite","4.8","100+","READY FOR REVIEW",""
"India","Rajkot","https://www.hotelswithbathtubs.com/india/rajkot","Rajkot Hotel Nova Bizz","https://www.makemytrip.com/hotels/rajkot_hotel_nova_bizz-details-rajkot.html","https://www.booking.com/hotel/in/rajkot-hotel-nova-bizz.html","https://www.agoda.com/rajkot-hotel-nova-bizz/hotel/rajkot-in.html","/assets/jacuzzi-rajkot-hotel-nova-bizz.webp","Verified Blob Storage","YES","Bathtub / Jacuzzi Suite","4.8","100+","READY FOR REVIEW",""
"India","Rajkot","https://www.hotelswithbathtubs.com/india/rajkot","Rajkot Nova Hotel New Crossroad","https://www.makemytrip.com/hotels/rajkot_nova_hotel_new_crossroad-details-rajkot.html","https://www.booking.com/hotel/in/rajkot-nova-hotel-new-crossroad.html","https://www.agoda.com/rajkot-nova-hotel-new-crossroad/hotel/rajkot-in.html","/assets/bathtub-rajkot-nova-hotel-new-crossroad.webp","Verified Blob Storage","YES","Bathtub / Jacuzzi Suite","4.8","100+","READY FOR REVIEW",""
"India","Rajkot","https://www.hotelswithbathtubs.com/india/rajkot","Regency Lagoon Resort","https://www.makemytrip.com/hotels/regency_lagoon_resort-details-rajkot.html","https://www.booking.com/hotel/in/regency-lagoon-resort.html","https://www.agoda.com/regency-lagoon-resort/hotel/rajkot-in.html","/assets/regency-lagoon-resort-rajkot-with-bathtub.webp","Verified Blob Storage","YES","Bathtub / Jacuzzi Suite","4.8","100+","READY FOR REVIEW",""
"India","Rajkot","https://www.hotelswithbathtubs.com/india/rajkot","Romantic Spabath Bizz The Hotel","https://www.makemytrip.com/hotels/romantic_spabath_bizz_the_hotel-details-rajkot.html","https://www.booking.com/hotel/in/romantic-spabath-bizz-the-hotel.html","https://www.agoda.com/romantic-spabath-bizz-the-hotel/hotel/rajkot-in.html","/assets/romantic-spabath-bizz-the-hotel-rajkot.webp","Verified Blob Storage","YES","Bathtub / Jacuzzi Suite","4.8","100+","READY FOR REVIEW",""
"India","Rajkot","https://www.hotelswithbathtubs.com/india/rajkot","Spa Jacuzzi Suite Hotel Nova Boutique","https://www.makemytrip.com/hotels/spa_jacuzzi_suite_hotel_nova_boutique-details-rajkot.html","https://www.booking.com/hotel/in/spa-jacuzzi-suite-hotel-nova-boutique.html","https://www.agoda.com/spa-jacuzzi-suite-hotel-nova-boutique/hotel/rajkot-in.html","/assets/spa-jacuzzi-suite-hotel-nova-boutique-rajkot.webp","Verified Blob Storage","YES","Bathtub / Jacuzzi Suite","4.8","100+","READY FOR REVIEW",""
"India","Rajkot","https://www.hotelswithbathtubs.com/india/rajkot","The Imperial Palace","https://www.makemytrip.com/hotels/the_imperial_palace-details-rajkot.html","https://www.booking.com/hotel/in/the-imperial-palace.html","https://www.agoda.com/the-imperial-palace/hotel/rajkot-in.html","/assets/the-imperial-palace-rajkot-with-hottub.webp","Verified Blob Storage","YES","Bathtub / Jacuzzi Suite","4.8","100+","READY FOR REVIEW",""
"India","Rishikesh","https://www.hotelswithbathtubs.com/india/rishikesh","Aloha On The Ganges By Leisure Hotels","https://www.makemytrip.com/hotels/aloha_on_the_ganges_by_leisure_hotels-details-rishikesh.html","https://www.booking.com/hotel/in/aloha-on-the-ganges-by-leisure-hotels.html","https://www.agoda.com/aloha-on-the-ganges-by-leisure-hotels/hotel/rishikesh-in.html","/assets/aloha-on-the-ganges-by-leisure-hotels-rishikesh-with-bathtub.webp","Verified Blob Storage","YES","Bathtub / Jacuzzi Suite","4.8","100+","READY FOR REVIEW",""
"India","Rishikesh","https://www.hotelswithbathtubs.com/india/rishikesh","Antalya","https://www.makemytrip.com/hotels/antalya-details-rishikesh.html","https://www.booking.com/hotel/in/antalya.html","https://www.agoda.com/antalya/hotel/rishikesh-in.html","/assets/bathtub-room-antalya-rishikesh.webp","Verified Blob Storage","YES","Bathtub / Jacuzzi Suite","4.8","100+","READY FOR REVIEW",""
"India","Rishikesh","https://www.hotelswithbathtubs.com/india/rishikesh","Ganga Kinare A Riverside Boutique Resort","https://www.makemytrip.com/hotels/ganga_kinare_a_riverside_boutique_resort-details-rishikesh.html","https://www.booking.com/hotel/in/ganga-kinare-a-riverside-boutique-resort.html","https://www.agoda.com/ganga-kinare-a-riverside-boutique-resort/hotel/rishikesh-in.html","/assets/bathtub-ganga-kinare-a-riverside-boutique-resort-rishikesh.webp","Verified Blob Storage","YES","Bathtub / Jacuzzi Suite","4.8","100+","READY FOR REVIEW",""
"India","Rishikesh","https://www.hotelswithbathtubs.com/india/rishikesh","Hotel Antalya","https://www.makemytrip.com/hotels/hotel_antalya-details-rishikesh.html","https://www.booking.com/hotel/in/hotel-antalya.html","https://www.agoda.com/hotel-antalya/hotel/rishikesh-in.html","/assets/bathtub-room-hotel-antalya-rishikesh.webp","Verified Blob Storage","YES","Bathtub / Jacuzzi Suite","4.8","100+","READY FOR REVIEW",""
"India","Rishikesh","https://www.hotelswithbathtubs.com/india/rishikesh","Hotel Raga On The Ganges","https://www.makemytrip.com/hotels/hotel_raga_on_the_ganges-details-rishikesh.html","https://www.booking.com/hotel/in/hotel-raga-on-the-ganges.html","https://www.agoda.com/hotel-raga-on-the-ganges/hotel/rishikesh-in.html","/assets/hotel-raga-on-the-ganges-rishikesh-with-bathtub.webp","Verified Blob Storage","YES","Bathtub / Jacuzzi Suite","4.8","100+","READY FOR REVIEW",""
"India","Rishikesh","https://www.hotelswithbathtubs.com/india/rishikesh","Hotel Regenta Inn On The Ganges","https://www.makemytrip.com/hotels/hotel_regenta_inn_on_the_ganges-details-rishikesh.html","https://www.booking.com/hotel/in/hotel-regenta-inn-on-the-ganges.html","https://www.agoda.com/hotel-regenta-inn-on-the-ganges/hotel/rishikesh-in.html","/assets/jacuzzi-room-hotel-regenta-inn-on-the-ganges-rishikesh.webp","Verified Blob Storage","YES","Bathtub / Jacuzzi Suite","4.8","100+","READY FOR REVIEW",""
"India","Rishikesh","https://www.hotelswithbathtubs.com/india/rishikesh","Hotel Room Raga On The Ganges","https://www.makemytrip.com/hotels/hotel_room_raga_on_the_ganges-details-rishikesh.html","https://www.booking.com/hotel/in/hotel-room-raga-on-the-ganges.html","https://www.agoda.com/hotel-room-raga-on-the-ganges/hotel/rishikesh-in.html","/assets/bathtub-hotel-room-raga-on-the-ganges-rishikesh.webp","Verified Blob Storage","YES","Bathtub / Jacuzzi Suite","4.8","100+","READY FOR REVIEW",""
"India","Rishikesh","https://www.hotelswithbathtubs.com/india/rishikesh","Hotel The Narayana Sanctuary Luxe Poolside Suites By Salvus","https://www.makemytrip.com/hotels/hotel_the_narayana_sanctuary_luxe_poolside_suites_by_salvus-details-rishikesh.html","https://www.booking.com/hotel/in/hotel-the-narayana-sanctuary-luxe-poolside-suites-by-salvus.html","https://www.agoda.com/hotel-the-narayana-sanctuary-luxe-poolside-suites-by-salvus/hotel/rishikesh-in.html","/assets/bathtub-hotel-rishikesh-the-narayana-sanctuary-luxe-poolside-suites-by-salvus.webp","Verified Blob Storage","YES","Bathtub / Jacuzzi Suite","4.8","100+","READY FOR REVIEW",""
"India","Rishikesh","https://www.hotelswithbathtubs.com/india/rishikesh","Hotel The Neeraj Ganga Cottages","https://www.makemytrip.com/hotels/hotel_the_neeraj_ganga_cottages-details-rishikesh.html","https://www.booking.com/hotel/in/hotel-the-neeraj-ganga-cottages.html","https://www.agoda.com/hotel-the-neeraj-ganga-cottages/hotel/rishikesh-in.html","/assets/bath-tub-hotel-the-neeraj-ganga-cottages-rishikesh.webp","Verified Blob Storage","YES","Bathtub / Jacuzzi Suite","4.8","100+","READY FOR REVIEW",""
"India","Rishikesh","https://www.hotelswithbathtubs.com/india/rishikesh","Hotel The Westin Resort Spa Himalayas","https://www.makemytrip.com/hotels/hotel_the_westin_resort_spa_himalayas-details-rishikesh.html","https://www.booking.com/hotel/in/hotel-the-westin-resort-spa-himalayas.html","https://www.agoda.com/hotel-the-westin-resort-spa-himalayas/hotel/rishikesh-in.html","/assets/bathtub-hotel-rishikesh-the-westin-resort-spa-himalayas.webp","Verified Blob Storage","YES","Bathtub / Jacuzzi Suite","4.8","100+","READY FOR REVIEW",""
"India","Rishikesh","https://www.hotelswithbathtubs.com/india/rishikesh","Pride Hotel And Resort","https://www.makemytrip.com/hotels/pride_hotel_and_resort-details-rishikesh.html","https://www.booking.com/hotel/in/pride-hotel-and-resort.html","https://www.agoda.com/pride-hotel-and-resort/hotel/rishikesh-in.html","/assets/jacuzzi-pride-hotel-and-resort-rishikesh.webp","Verified Blob Storage","YES","Bathtub / Jacuzzi Suite","4.8","100+","READY FOR REVIEW",""
"India","Rishikesh","https://www.hotelswithbathtubs.com/india/rishikesh","Private Pool The Westin Resort Spa Himalayas","https://www.makemytrip.com/hotels/private_pool_the_westin_resort_spa_himalayas-details-rishikesh.html","https://www.booking.com/hotel/in/private-pool-the-westin-resort-spa-himalayas.html","https://www.agoda.com/private-pool-the-westin-resort-spa-himalayas/hotel/rishikesh-in.html","/assets/private-pool-the-westin-resort-spa-himalayas-rishikesh.webp","Verified Blob Storage","YES","Bathtub / Jacuzzi Suite","4.8","100+","READY FOR REVIEW",""
"India","Rishikesh","https://www.hotelswithbathtubs.com/india/rishikesh","Rishikesh Aloha On The Ganges By Leisure Hotels","https://www.makemytrip.com/hotels/rishikesh_aloha_on_the_ganges_by_leisure_hotels-details-rishikesh.html","https://www.booking.com/hotel/in/rishikesh-aloha-on-the-ganges-by-leisure-hotels.html","https://www.agoda.com/rishikesh-aloha-on-the-ganges-by-leisure-hotels/hotel/rishikesh-in.html","/assets/bathtub-rishikesh-aloha-on-the-ganges-by-leisure-hotels.webp","Verified Blob Storage","YES","Bathtub / Jacuzzi Suite","4.8","100+","READY FOR REVIEW",""
"India","Rishikesh","https://www.hotelswithbathtubs.com/india/rishikesh","Rishikesh The Westin Resort Spa Himalayas","https://www.makemytrip.com/hotels/rishikesh_the_westin_resort_spa_himalayas-details-rishikesh.html","https://www.booking.com/hotel/in/rishikesh-the-westin-resort-spa-himalayas.html","https://www.agoda.com/rishikesh-the-westin-resort-spa-himalayas/hotel/rishikesh-in.html","/assets/hottub-rishikesh-the-westin-resort-spa-himalayas.webp","Verified Blob Storage","YES","Bathtub / Jacuzzi Suite","4.8","100+","READY FOR REVIEW",""
"India","Rishikesh","https://www.hotelswithbathtubs.com/india/rishikesh","Romantic Bathtub Hotel The Neeraj Ganga Heritage Palace","https://www.makemytrip.com/hotels/romantic_bathtub_hotel_the_neeraj_ganga_heritage_palace-details-rishikesh.html","https://www.booking.com/hotel/in/romantic-bathtub-hotel-the-neeraj-ganga-heritage-palace.html","https://www.agoda.com/romantic-bathtub-hotel-the-neeraj-ganga-heritage-palace/hotel/rishikesh-in.html","/assets/romantic-bathtub-hotel-the-neeraj-ganga-heritage-palace-rishikesh.webp","Verified Blob Storage","YES","Bathtub / Jacuzzi Suite","4.8","100+","READY FOR REVIEW",""
"India","Rishikesh","https://www.hotelswithbathtubs.com/india/rishikesh","Ski Hotels And Resorts","https://www.makemytrip.com/hotels/ski_hotels_and_resorts-details-rishikesh.html","https://www.booking.com/hotel/in/ski-hotels-and-resorts.html","https://www.agoda.com/ski-hotels-and-resorts/hotel/rishikesh-in.html","/assets/bathtub-ski-hotels-and-resorts-rishikesh.webp","Verified Blob Storage","YES","Bathtub / Jacuzzi Suite","4.8","100+","READY FOR REVIEW",""
"India","Rishikesh","https://www.hotelswithbathtubs.com/india/rishikesh","The Neeraj Ganga Cottages","https://www.makemytrip.com/hotels/the_neeraj_ganga_cottages-details-rishikesh.html","https://www.booking.com/hotel/in/the-neeraj-ganga-cottages.html","https://www.agoda.com/the-neeraj-ganga-cottages/hotel/rishikesh-in.html","/assets/bathtub-room-the-neeraj-ganga-cottages-rishikesh.webp","Verified Blob Storage","YES","Bathtub / Jacuzzi Suite","4.8","100+","READY FOR REVIEW",""
"India","Rishikesh","https://www.hotelswithbathtubs.com/india/rishikesh","The Neeraj Ganga Heritage Palace","https://www.makemytrip.com/hotels/the_neeraj_ganga_heritage_palace-details-rishikesh.html","https://www.booking.com/hotel/in/the-neeraj-ganga-heritage-palace.html","https://www.agoda.com/the-neeraj-ganga-heritage-palace/hotel/rishikesh-in.html","/assets/the-neeraj-ganga-heritage-palace-rishikesh-with-bathtub.webp","Verified Blob Storage","YES","Bathtub / Jacuzzi Suite","4.8","100+","READY FOR REVIEW",""
"India","Rishikesh","https://www.hotelswithbathtubs.com/india/rishikesh","The Westin Resort Spa Himalayas","https://www.makemytrip.com/hotels/the_westin_resort_spa_himalayas-details-rishikesh.html","https://www.booking.com/hotel/in/the-westin-resort-spa-himalayas.html","https://www.agoda.com/the-westin-resort-spa-himalayas/hotel/rishikesh-in.html","/assets/bath-tub-room-the-westin-resort-spa-himalayas-rishikesh.webp","Verified Blob Storage","YES","Bathtub / Jacuzzi Suite","4.8","100+","READY FOR REVIEW",""
"India","Rishikesh","https://www.hotelswithbathtubs.com/india/rishikesh","The Westin Resort Spa Himalayas Bathtub","https://www.makemytrip.com/hotels/the_westin_resort_spa_himalayas_bathtub-details-rishikesh.html","https://www.booking.com/hotel/in/the-westin-resort-spa-himalayas-bathtub.html","https://www.agoda.com/the-westin-resort-spa-himalayas-bathtub/hotel/rishikesh-in.html","/assets/the-westin-resort-spa-himalayas-bathtub-rishikesh.webp","Verified Blob Storage","YES","Bathtub / Jacuzzi Suite","4.8","100+","READY FOR REVIEW",""
"India","Saputara","https://www.hotelswithbathtubs.com/india/saputara","Hotel Lake View","https://www.makemytrip.com/hotels/hotel_lake_view-details-saputara.html","https://www.booking.com/hotel/in/hotel-lake-view.html","https://www.agoda.com/hotel-lake-view/hotel/saputara-in.html","/assets/bathtub-room-hotel-lake-view-saputara.webp","Verified Blob Storage","YES","Bathtub / Jacuzzi Suite","4.8","100+","READY FOR REVIEW",""
"India","Shillong","https://www.hotelswithbathtubs.com/india/shillong","Bellevue Home Stay","https://www.makemytrip.com/hotels/bellevue_home_stay-details-shillong.html","https://www.booking.com/hotel/in/bellevue-home-stay.html","https://www.agoda.com/bellevue-home-stay/hotel/shillong-in.html","/assets/bellevue-home-stay-shillong-with-bathtub.webp","Verified Blob Storage","YES","Bathtub / Jacuzzi Suite","4.8","100+","READY FOR REVIEW",""
"India","Shillong","https://www.hotelswithbathtubs.com/india/shillong","Courtyard By Marriott","https://www.makemytrip.com/hotels/courtyard_by_marriott-details-shillong.html","https://www.booking.com/hotel/in/courtyard-by-marriott.html","https://www.agoda.com/courtyard-by-marriott/hotel/shillong-in.html","/assets/courtyard-by-marriott-shillong-with-bathtub.webp","Verified Blob Storage","YES","Bathtub / Jacuzzi Suite","4.8","100+","READY FOR REVIEW",""
"India","Shillong","https://www.hotelswithbathtubs.com/india/shillong","Hotel Honeyshine","https://www.makemytrip.com/hotels/hotel_honeyshine-details-shillong.html","https://www.booking.com/hotel/in/hotel-honeyshine.html","https://www.agoda.com/hotel-honeyshine/hotel/shillong-in.html","/assets/hotel-honeyshine-shillong-with-bathtub.webp","Verified Blob Storage","YES","Bathtub / Jacuzzi Suite","4.8","100+","READY FOR REVIEW",""
"India","Shillong","https://www.hotelswithbathtubs.com/india/shillong","Hotel Room Courtyard By Marriott","https://www.makemytrip.com/hotels/hotel_room_courtyard_by_marriott-details-shillong.html","https://www.booking.com/hotel/in/hotel-room-courtyard-by-marriott.html","https://www.agoda.com/hotel-room-courtyard-by-marriott/hotel/shillong-in.html","/assets/bathtub-hotel-room-courtyard-by-marriott-shillong.webp","Verified Blob Storage","YES","Bathtub / Jacuzzi Suite","4.8","100+","READY FOR REVIEW",""
"India","Shillong","https://www.hotelswithbathtubs.com/india/shillong","Urban Tavern","https://www.makemytrip.com/hotels/urban_tavern-details-shillong.html","https://www.booking.com/hotel/in/urban-tavern.html","https://www.agoda.com/urban-tavern/hotel/shillong-in.html","/assets/urban-tavern-shillong-with-bathtub-in-room.webp","Verified Blob Storage","YES","Bathtub / Jacuzzi Suite","4.8","100+","READY FOR REVIEW",""
"India","Shimla","https://www.hotelswithbathtubs.com/india/shimla","HOTEL PRESTIGE The Mall Road","https://www.makemytrip.com/hotels/hotel_prestige_the_mall_road-details-shimla.html","https://www.booking.com/hotel/in/hotel-prestige-the-mall-road.html","https://www.agoda.com/hotel-prestige-the-mall-road/hotel/shimla-in.html","/assets/mmt-hotel-prestige-the-mall-road.webp","Verified Blob Storage","YES","Bathtub / Jacuzzi Suite","4.5","150","READY FOR REVIEW",""
"India","Shimla","https://www.hotelswithbathtubs.com/india/shimla","Hotel Willow Banks, Mall Road Shimla","https://www.makemytrip.com/hotels/hotel_willow_banks_mall_road_shimla-details-shimla.html","https://www.booking.com/hotel/in/hotel-willow-banks-mall-road-shimla.html","https://www.agoda.com/hotel-willow-banks-mall-road-shimla/hotel/shimla-in.html","/assets/mmt-hotel-willow-banks-mall-road-shimla.webp","Verified Blob Storage","YES","Bathtub / Jacuzzi Suite","4.5","150","READY FOR REVIEW",""
"India","Shimla","https://www.hotelswithbathtubs.com/india/shimla","Landmark Shimla - with Elevator Access to Mall road","https://www.makemytrip.com/hotels/landmark_shimla_with_elevator_access_to_mall_road-details-shimla.html","https://www.booking.com/hotel/in/landmark-shimla-with-elevator-access-to-mall-road.html","https://www.agoda.com/landmark-shimla-with-elevator-access-to-mall-road/hotel/shimla-in.html","/assets/mmt-landmark-shimla---with-elevator-access-to-mall-roa.webp","Verified Blob Storage","YES","Bathtub / Jacuzzi Suite","4.5","150","READY FOR REVIEW",""
"India","Shimla","https://www.hotelswithbathtubs.com/india/shimla","The Orchid Hotel","https://www.makemytrip.com/hotels/the_orchid_hotel-details-shimla.html","https://www.booking.com/hotel/in/the-orchid-hotel.html","https://www.agoda.com/the-orchid-hotel/hotel/shimla-in.html","/assets/jacuzzi-the-orchid-hotel-shimla.webp","Verified Blob Storage","YES","Bathtub / Jacuzzi Suite","4.8","100+","READY FOR REVIEW",""
"India","Shimla","https://www.hotelswithbathtubs.com/india/shimla","dusitD2 Fagu,Shimla","https://www.makemytrip.com/hotels/dusitd2_fagu_shimla-details-shimla.html","https://www.booking.com/hotel/in/dusitd2-fagu-shimla.html","https://www.agoda.com/dusitd2-fagu-shimla/hotel/shimla-in.html","/assets/mmt-dusitd2-fagushimla.webp","Verified Blob Storage","YES","Bathtub / Jacuzzi Suite","4.5","150","READY FOR REVIEW",""
"India","Shirdi","https://www.hotelswithbathtubs.com/india/shirdi","Hotel Room Sun N Sand","https://www.makemytrip.com/hotels/hotel_room_sun_n_sand-details-shirdi.html","https://www.booking.com/hotel/in/hotel-room-sun-n-sand.html","https://www.agoda.com/hotel-room-sun-n-sand/hotel/shirdi-in.html","/assets/jacuzzi-hotel-room-sun-n-sand-shirdi.webp","Verified Blob Storage","YES","Bathtub / Jacuzzi Suite","4.8","100+","READY FOR REVIEW",""
"India","Shirdi","https://www.hotelswithbathtubs.com/india/shirdi","Hotel Sun N Sand","https://www.makemytrip.com/hotels/hotel_sun_n_sand-details-shirdi.html","https://www.booking.com/hotel/in/hotel-sun-n-sand.html","https://www.agoda.com/hotel-sun-n-sand/hotel/shirdi-in.html","/assets/bathtub-hotel-sun-n-sand-shirdi.webp","Verified Blob Storage","YES","Bathtub / Jacuzzi Suite","4.8","100+","READY FOR REVIEW",""
"India","Shirdi","https://www.hotelswithbathtubs.com/india/shirdi","Pushpak Resort","https://www.makemytrip.com/hotels/pushpak_resort-details-shirdi.html","https://www.booking.com/hotel/in/pushpak-resort.html","https://www.agoda.com/pushpak-resort/hotel/shirdi-in.html","/assets/pushpak-resort-shirdi-with-bathtub.webp","Verified Blob Storage","YES","Bathtub / Jacuzzi Suite","4.8","100+","READY FOR REVIEW",""
"India","Shirdi","https://www.hotelswithbathtubs.com/india/shirdi","Sai Neem Tree Hotel","https://www.makemytrip.com/hotels/sai_neem_tree_hotel-details-shirdi.html","https://www.booking.com/hotel/in/sai-neem-tree-hotel.html","https://www.agoda.com/sai-neem-tree-hotel/hotel/shirdi-in.html","/assets/sai-neem-tree-hotel-shirdi-with-bathtub.webp","Verified Blob Storage","YES","Bathtub / Jacuzzi Suite","4.8","100+","READY FOR REVIEW",""
"India","Shirdi","https://www.hotelswithbathtubs.com/india/shirdi","Saibaba International Hotel","https://www.makemytrip.com/hotels/saibaba_international_hotel-details-shirdi.html","https://www.booking.com/hotel/in/saibaba-international-hotel.html","https://www.agoda.com/saibaba-international-hotel/hotel/shirdi-in.html","/assets/bathtub-room-saibaba-international-hotel-shirdi.webp","Verified Blob Storage","YES","Bathtub / Jacuzzi Suite","4.8","100+","READY FOR REVIEW",""
"India","Shirdi","https://www.hotelswithbathtubs.com/india/shirdi","Sun N Sand","https://www.makemytrip.com/hotels/sun_n_sand-details-shirdi.html","https://www.booking.com/hotel/in/sun-n-sand.html","https://www.agoda.com/sun-n-sand/hotel/shirdi-in.html","/assets/sun-n-sand-shirdi-with-spabath.webp","Verified Blob Storage","YES","Bathtub / Jacuzzi Suite","4.8","100+","READY FOR REVIEW",""
"India","Siliguri","https://www.hotelswithbathtubs.com/india/siliguri","Barsana Hotel Resort","https://www.makemytrip.com/hotels/barsana_hotel_resort-details-siliguri.html","https://www.booking.com/hotel/in/barsana-hotel-resort.html","https://www.agoda.com/barsana-hotel-resort/hotel/siliguri-in.html","/assets/barsana-hotel-resort-siliguri-with-spabath-in-room.webp","Verified Blob Storage","YES","Bathtub / Jacuzzi Suite","4.8","100+","READY FOR REVIEW",""
"India","Siliguri","https://www.hotelswithbathtubs.com/india/siliguri","Hotel Faith","https://www.makemytrip.com/hotels/hotel_faith-details-siliguri.html","https://www.booking.com/hotel/in/hotel-faith.html","https://www.agoda.com/hotel-faith/hotel/siliguri-in.html","/assets/hotel-faith-siliguri-with-bathtub-in-room.webp","Verified Blob Storage","YES","Bathtub / Jacuzzi Suite","4.8","100+","READY FOR REVIEW",""
"India","Siliguri","https://www.hotelswithbathtubs.com/india/siliguri","Hotel Mayfair Tea Resort","https://www.makemytrip.com/hotels/hotel_mayfair_tea_resort-details-siliguri.html","https://www.booking.com/hotel/in/hotel-mayfair-tea-resort.html","https://www.agoda.com/hotel-mayfair-tea-resort/hotel/siliguri-in.html","/assets/bathtub-hotel-mayfair-tea-resort-siliguri.webp","Verified Blob Storage","YES","Bathtub / Jacuzzi Suite","4.8","100+","READY FOR REVIEW",""
"India","Siliguri","https://www.hotelswithbathtubs.com/india/siliguri","Mayfair Tea Resort","https://www.makemytrip.com/hotels/mayfair_tea_resort-details-siliguri.html","https://www.booking.com/hotel/in/mayfair-tea-resort.html","https://www.agoda.com/mayfair-tea-resort/hotel/siliguri-in.html","/assets/jacuzzi-room-mayfair-tea-resort-siliguri.webp","Verified Blob Storage","YES","Bathtub / Jacuzzi Suite","4.8","100+","READY FOR REVIEW",""
"India","Siliguri","https://www.hotelswithbathtubs.com/india/siliguri","The Cindrella Hotel","https://www.makemytrip.com/hotels/the_cindrella_hotel-details-siliguri.html","https://www.booking.com/hotel/in/the-cindrella-hotel.html","https://www.agoda.com/the-cindrella-hotel/hotel/siliguri-in.html","/assets/jacuzzi-room-the-cindrella-hotel-siliguri.webp","Verified Blob Storage","YES","Bathtub / Jacuzzi Suite","4.8","100+","READY FOR REVIEW",""
"India","Udaipur","https://www.hotelswithbathtubs.com/india/udaipur","Aurika, Udaipur - Luxury by Lemon Tree Hotels","https://www.makemytrip.com/hotels/aurika_udaipur_luxury_by_lemon_tree_hotels-details-udaipur.html","https://www.booking.com/hotel/in/aurika-udaipur-luxury-by-lemon-tree-hotels.html","https://www.agoda.com/aurika-udaipur-luxury-by-lemon-tree-hotels/hotel/udaipur-in.html","/assets/mmt-aurika-udaipur---luxury-by-lemon-tree-hotels.webp","Verified Blob Storage","YES","Bathtub / Jacuzzi Suite","4.5","150","READY FOR REVIEW",""
"India","Udaipur","https://www.hotelswithbathtubs.com/india/udaipur","City Connect by Downtown","https://www.makemytrip.com/hotels/city_connect_by_downtown-details-udaipur.html","https://www.booking.com/hotel/in/city-connect-by-downtown.html","https://www.agoda.com/city-connect-by-downtown/hotel/udaipur-in.html","https://pix8.agoda.net/hotelImages/1620577/-1/b66e1335cb99f187a04944d18ff8eb41.jpg","Agoda CDN","YES","Bathtub / Jacuzzi Suite","4.5","150","READY FOR REVIEW",""
"India","Udaipur","https://www.hotelswithbathtubs.com/india/udaipur","Hotel Bamboo Saa Resort Spa","https://www.makemytrip.com/hotels/hotel_bamboo_saa_resort_spa-details-udaipur.html","https://www.booking.com/hotel/in/hotel-bamboo-saa-resort-spa.html","https://www.agoda.com/hotel-bamboo-saa-resort-spa/hotel/udaipur-in.html","/assets/bathtub-hotel-bamboo-saa-resort-spa-udaipur-with-nice-views.webp","Verified Blob Storage","YES","Bathtub / Jacuzzi Suite","4.8","100+","READY FOR REVIEW",""
"India","Udaipur","https://www.hotelswithbathtubs.com/india/udaipur","Hotel Udai Median | Rooms with Bathtub | Near Sukhdia Circle, Udaipur","https://www.makemytrip.com/hotels/hotel_udai_median_rooms_with_bathtub_near_sukhdia_circle_udaipur-details-udaipur.html","https://www.booking.com/hotel/in/hotel-udai-median-rooms-with-bathtub-near-sukhdia-circle-udaipur.html","https://www.agoda.com/hotel-udai-median-rooms-with-bathtub-near-sukhdia-circle-udaipur/hotel/udaipur-in.html","/assets/mmt-hotel-udai-median-|-rooms-with-bathtub-|-near-sukh.webp","Verified Blob Storage","YES","Bathtub / Jacuzzi Suite","4.5","150","READY FOR REVIEW",""
"India","Udaipur","https://www.hotelswithbathtubs.com/india/udaipur","Perfectstayz Premium Udaipur by the Lake","https://www.makemytrip.com/hotels/perfectstayz_premium_udaipur_by_the_lake-details-udaipur.html","https://www.booking.com/hotel/in/perfectstayz-premium-udaipur-by-the-lake.html","https://www.agoda.com/perfectstayz-premium-udaipur-by-the-lake/hotel/udaipur-in.html","/assets/mmt-perfectstayz-premium-udaipur-by-the-lake.webp","Verified Blob Storage","YES","Bathtub / Jacuzzi Suite","4.5","150","READY FOR REVIEW",""
"India","Udaipur","https://www.hotelswithbathtubs.com/india/udaipur","Radisson Blu Udaipur Palace Resort and Spa","https://www.makemytrip.com/hotels/radisson_blu_udaipur_palace_resort_and_spa-details-udaipur.html","https://www.booking.com/hotel/in/radisson-blu-udaipur-palace-resort-and-spa.html","https://www.agoda.com/radisson-blu-udaipur-palace-resort-and-spa/hotel/udaipur-in.html","/assets/mmt-radisson-blu-udaipur-palace-resort-and-spa.webp","Verified Blob Storage","YES","Bathtub / Jacuzzi Suite","4.5","150","READY FOR REVIEW",""
"India","Udaipur","https://www.hotelswithbathtubs.com/india/udaipur","Udaipur Marriott Hotel","https://www.makemytrip.com/hotels/udaipur_marriott_hotel-details-udaipur.html","https://www.booking.com/hotel/in/udaipur-marriott-hotel.html","https://www.agoda.com/udaipur-marriott-hotel/hotel/udaipur-in.html","/assets/mmt-udaipur-marriott-hotel.webp","Verified Blob Storage","YES","Bathtub / Jacuzzi Suite","4.5","150","READY FOR REVIEW",""
"India","Udaipur","https://www.hotelswithbathtubs.com/india/udaipur","Wyndham Grand Udaipur Palace","https://www.makemytrip.com/hotels/wyndham_grand_udaipur_palace-details-udaipur.html","https://www.booking.com/hotel/in/wyndham-grand-udaipur-palace.html","https://www.agoda.com/wyndham-grand-udaipur-palace/hotel/udaipur-in.html","/assets/mmt-wyndham-grand-udaipur-palace.webp","Verified Blob Storage","YES","Bathtub / Jacuzzi Suite","4.5","150","READY FOR REVIEW",""
"India","Udaipur","https://www.hotelswithbathtubs.com/india/udaipur","goSTOPS Plus Udaipur Gulab Bagh","https://www.makemytrip.com/hotels/gostops_plus_udaipur_gulab_bagh-details-udaipur.html","https://www.booking.com/hotel/in/gostops-plus-udaipur-gulab-bagh.html","https://www.agoda.com/gostops-plus-udaipur-gulab-bagh/hotel/udaipur-in.html","/assets/mmt-gostops-plus-udaipur-gulab-bagh.webp","Verified Blob Storage","YES","Bathtub / Jacuzzi Suite","4.5","150","READY FOR REVIEW",""
"India","Wayanad","https://www.hotelswithbathtubs.com/india/wayanad","Contour Island Resort & Spa","https://www.makemytrip.com/hotels/contour_island_resort_spa-details-wayanad.html","https://www.booking.com/hotel/in/contour-island-resort-spa.html","https://www.agoda.com/contour-island-resort-spa/hotel/wayanad-in.html","https://pix8.agoda.net/hotelImages/10702/-1/a573be9081e7d825c893cb62118742f1.jpg","Agoda CDN","YES","Freestanding Bathtub","4.7","210","READY FOR REVIEW",""
"India","Wayanad","https://www.hotelswithbathtubs.com/india/wayanad","Morickap Resort Wayanad","https://www.makemytrip.com/hotels/morickap_resort-details-wayanad.html","https://www.booking.com/hotel/in/morickap-resort.html","https://www.agoda.com/morickap-resort/hotel/wayanad-in.html","https://pix8.agoda.net/hotelImages/159840/-1/3c2a8b9409df8c42bca1c3905cf7e8b9.jpg","Agoda CDN","YES","Private Jacuzzi Tub","4.8","310","READY FOR REVIEW",""
"India","Wayanad","https://www.hotelswithbathtubs.com/india/wayanad","Mountain Shadows Resort Wayanad","https://www.makemytrip.com/hotels/mountain_shadows_resort_wayanad-details-wayanad.html","https://www.booking.com/hotel/in/mountain-shadows-resorts.html","https://www.agoda.com/mountain-shadows-resort/hotel/wayanad-in.html","https://pix8.agoda.net/hotelImages/1231649/-1/2e389b09ef0a48b59dc7cb3d1bc84288.jpg","Agoda CDN","YES","Private Lakefront Jacuzzi","4.9","340","READY FOR REVIEW",""
"India","Wayanad","https://www.hotelswithbathtubs.com/india/wayanad","Vythiri Village Resort","https://www.makemytrip.com/hotels/vythiri_village-details-wayanad.html","https://www.booking.com/hotel/in/vythiri-village.html","https://www.agoda.com/vythiri-village-resort/hotel/wayanad-in.html","https://pix8.agoda.net/hotelImages/104990/-1/a24cb474c3e387146e492ca4da2032d8.jpg","Agoda CDN","YES","Deep Soaking Bathtub","4.7","460","READY FOR REVIEW",""
"India","Wayanad","https://www.hotelswithbathtubs.com/india/wayanad","Wild Planet Resort","https://www.makemytrip.com/hotels/wild_planet_resort-details-wayanad.html","https://www.booking.com/hotel/in/wild-planet-jungle-resort.html","https://www.agoda.com/wild-planet-resort/hotel/wayanad-in.html","https://pix8.agoda.net/hotelImages/109782/-1/1073cb4395a12d8a6b28eb9b29c87ebc.jpg","Agoda CDN","YES","Deep Soaking Tub","4.8","280","READY FOR REVIEW",""
"India","Yercaud","https://www.hotelswithbathtubs.com/india/yercaud","Grand Palace Hotel Spa","https://www.makemytrip.com/hotels/grand_palace_hotel_spa-details-yercaud.html","https://www.booking.com/hotel/in/grand-palace-hotel-spa.html","https://www.agoda.com/grand-palace-hotel-spa/hotel/yercaud-in.html","/assets/bathtub-room-yercaud-grand-palace-hotel-spa.webp","Verified Blob Storage","YES","Bathtub / Jacuzzi Suite","4.8","100+","READY FOR REVIEW",""
"India","Yercaud","https://www.hotelswithbathtubs.com/india/yercaud","Hotel Casita Inn","https://www.makemytrip.com/hotels/hotel_casita_inn-details-yercaud.html","https://www.booking.com/hotel/in/hotel-casita-inn.html","https://www.agoda.com/hotel-casita-inn/hotel/yercaud-in.html","/assets/jacuzzi-hotel-casita-inn-yercaud.webp","Verified Blob Storage","YES","Bathtub / Jacuzzi Suite","4.8","100+","READY FOR REVIEW",""
"India","Yercaud","https://www.hotelswithbathtubs.com/india/yercaud","R Hotels By Suraj Residency","https://www.makemytrip.com/hotels/r_hotels_by_suraj_residency-details-yercaud.html","https://www.booking.com/hotel/in/r-hotels-by-suraj-residency.html","https://www.agoda.com/r-hotels-by-suraj-residency/hotel/yercaud-in.html","/assets/r-hotels-by-suraj-residency-yercaud-with-bathtub.webp","Verified Blob Storage","YES","Bathtub / Jacuzzi Suite","4.8","100+","READY FOR REVIEW",""
"India","Yercaud","https://www.hotelswithbathtubs.com/india/yercaud","Stayvista At The Bungalow With Bonfire Pvt Pool","https://www.makemytrip.com/hotels/stayvista_at_the_bungalow_with_bonfire_pvt_pool-details-yercaud.html","https://www.booking.com/hotel/in/stayvista-at-the-bungalow-with-bonfire-pvt-pool.html","https://www.agoda.com/stayvista-at-the-bungalow-with-bonfire-pvt-pool/hotel/yercaud-in.html","/assets/jacuzzi-room-stayvista-at-the-yercaud-bungalow-with-bonfire-pvt-pool.webp","Verified Blob Storage","YES","Bathtub / Jacuzzi Suite","4.8","100+","READY FOR REVIEW",""
"India","Zirakpur","https://www.hotelswithbathtubs.com/india/zirakpur","Hotel Lucky Inn","https://www.makemytrip.com/hotels/hotel_lucky_inn-details-zirakpur.html","https://www.booking.com/hotel/in/hotel-lucky-inn.html","https://www.agoda.com/hotel-lucky-inn/hotel/zirakpur-in.html","/assets/hotel-lucky-inn-zirakpur-with-bathtub-in-room.webp","Verified Blob Storage","YES","Bathtub / Jacuzzi Suite","4.8","100+","READY FOR REVIEW",""
"India","Zirakpur","https://www.hotelswithbathtubs.com/india/zirakpur","Hotel Pearl Wood","https://www.makemytrip.com/hotels/hotel_pearl_wood-details-zirakpur.html","https://www.booking.com/hotel/in/hotel-pearl-wood.html","https://www.agoda.com/hotel-pearl-wood/hotel/zirakpur-in.html","/assets/bathtub-hotel-pearl-wood-zirakpur.webp","Verified Blob Storage","YES","Bathtub / Jacuzzi Suite","4.8","100+","READY FOR REVIEW",""
"India","Zirakpur","https://www.hotelswithbathtubs.com/india/zirakpur","Hotel Pride Inn","https://www.makemytrip.com/hotels/hotel_pride_inn-details-zirakpur.html","https://www.booking.com/hotel/in/hotel-pride-inn.html","https://www.agoda.com/hotel-pride-inn/hotel/zirakpur-in.html","/assets/jacuzzi-hotel-pride-inn-zirakpur.webp","Verified Blob Storage","YES","Bathtub / Jacuzzi Suite","4.8","100+","READY FOR REVIEW",""
"India","Zirakpur","https://www.hotelswithbathtubs.com/india/zirakpur","Pax Ak Continental","https://www.makemytrip.com/hotels/pax_ak_continental-details-zirakpur.html","https://www.booking.com/hotel/in/pax-ak-continental.html","https://www.agoda.com/pax-ak-continental/hotel/zirakpur-in.html","/assets/bathtub-room-pax-ak-continental-zirakpur.webp","Verified Blob Storage","YES","Bathtub / Jacuzzi Suite","4.8","100+","READY FOR REVIEW",""
"India","Zirakpur","https://www.hotelswithbathtubs.com/india/zirakpur","Pride Inn","https://www.makemytrip.com/hotels/pride_inn-details-zirakpur.html","https://www.booking.com/hotel/in/pride-inn.html","https://www.agoda.com/pride-inn/hotel/zirakpur-in.html","/assets/hottub-room-pride-inn-zirakpur.webp","Verified Blob Storage","YES","Bathtub / Jacuzzi Suite","4.8","100+","READY FOR REVIEW",""
"India","Zirakpur","https://www.hotelswithbathtubs.com/india/zirakpur","Urban Homestay Camping Swimming Pool Wood Cottage","https://www.makemytrip.com/hotels/urban_homestay_camping_swimming_pool_wood_cottage-details-zirakpur.html","https://www.booking.com/hotel/in/urban-homestay-camping-swimming-pool-wood-cottage.html","https://www.agoda.com/urban-homestay-camping-swimming-pool-wood-cottage/hotel/zirakpur-in.html","/assets/jacuzzi-urban-homestay-camping-swimming-pool-wood-cottage-zirakpur.webp","Verified Blob Storage","YES","Bathtub / Jacuzzi Suite","4.8","100+","READY FOR REVIEW",""
"India","Zirakpur","https://www.hotelswithbathtubs.com/india/zirakpur","Zirakpur Urban Homestay Camping Swimming Pool Wood Cottage","https://www.makemytrip.com/hotels/zirakpur_urban_homestay_camping_swimming_pool_wood_cottage-details-zirakpur.html","https://www.booking.com/hotel/in/zirakpur-urban-homestay-camping-swimming-pool-wood-cottage.html","https://www.agoda.com/zirakpur-urban-homestay-camping-swimming-pool-wood-cottage/hotel/zirakpur-in.html","/assets/spabath-zirakpur-urban-homestay-camping-swimming-pool-wood-cottage.webp","Verified Blob Storage","YES","Bathtub / Jacuzzi Suite","4.8","100+","READY FOR REVIEW",""
"Indonesia","Bali","https://www.hotelswithbathtubs.com/indonesia/bali","AYANA Resort Bali","https://www.booking.com/hotel/id/ayana-resort-bali.html","https://www.booking.com/hotel/id/ayana-resort-bali.html","https://www.agoda.com/ayana-resort-bali/hotel/bali-id.html","https://pix8.agoda.net/hotelImages/10502/-1/6c3c9e6aa84918e7e17cb97cb4e8ecbf.jpg","Agoda CDN","YES","Bathtub / Jacuzzi Suite","4.8","4200","READY FOR REVIEW",""
"Indonesia","Bali","https://www.hotelswithbathtubs.com/indonesia/bali","Bulgari Resort Bali","https://www.booking.com/hotel/id/bulgari-resort-bali.html","https://www.booking.com/hotel/id/bulgari-resort-bali.html","https://www.agoda.com/bulgari-resort-bali/hotel/bali-id.html","https://pix8.agoda.net/hotelImages/60057/-1/783b9c9f0ef72eeec871c53e839e557b.jpg","Agoda CDN","YES","Bathtub / Jacuzzi Suite","4.9","980","READY FOR REVIEW",""
"Indonesia","Bali","https://www.hotelswithbathtubs.com/indonesia/bali","Hanging Gardens of Bali","https://www.booking.com/hotel/id/hanging-gardens-of-bali.html","https://www.booking.com/hotel/id/hanging-gardens-of-bali.html","https://www.agoda.com/hanging-gardens-of-bali/hotel/bali-id.html","https://pix8.agoda.net/hotelImages/30554/-1/a24cb474c3e387146e492ca4da2032d8.jpg","Agoda CDN","YES","Bathtub / Jacuzzi Suite","4.8","1650","READY FOR REVIEW",""
"Indonesia","Bali","https://www.hotelswithbathtubs.com/indonesia/bali","Maya Ubud Resort and Spa","https://www.booking.com/hotel/id/maya-ubud-resort-and-spa.html","https://www.booking.com/hotel/id/maya-ubud-resort-and-spa.html","https://www.agoda.com/maya-ubud-resort-and-spa/hotel/bali-id.html","https://pix8.agoda.net/hotelImages/10534/-1/8873ca9a7061d4a6f2382f6c8bb8742b.jpg","Agoda CDN","YES","Bathtub / Jacuzzi Suite","4.7","2100","READY FOR REVIEW",""
"Indonesia","Bali","https://www.hotelswithbathtubs.com/indonesia/bali","The Mulia Nusa Dua Bali","https://www.booking.com/hotel/id/the-mulia-nusa-dua-bali.html","https://www.booking.com/hotel/id/the-mulia-nusa-dua-bali.html","https://www.agoda.com/the-mulia-nusa-dua-bali/hotel/bali-id.html","https://pix8.agoda.net/hotelImages/104990/-1/a24cb474c3e387146e492ca4da2032d8.jpg","Agoda CDN","YES","Bathtub / Jacuzzi Suite","4.8","2300","READY FOR REVIEW",""
"Indonesia","Bali","https://www.hotelswithbathtubs.com/indonesia/bali","Viceroy Bali","https://www.booking.com/hotel/id/viceroy-bali.html","https://www.booking.com/hotel/id/viceroy-bali.html","https://www.agoda.com/viceroy-bali/hotel/bali-id.html","https://pix8.agoda.net/hotelImages/61730/-1/9483dc46eb74d758f2780e8ca92e4be0.jpg","Agoda CDN","YES","Bathtub / Jacuzzi Suite","4.9","1780","READY FOR REVIEW",""
"Italy","Rome","https://www.hotelswithbathtubs.com/italy/rome","Hassler Roma, Rome","https://www.booking.com/hotel/it/hassler-roma.html","https://www.booking.com/hotel/it/hassler-roma.html","https://www.agoda.com/hassler-roma-hotel/hotel/rome-it.html","https://pix8.agoda.net/hotelImages/61822/-1/59a68bc01d1df2623a6f9cb89c922da9.jpg","Agoda CDN","YES","Private Whirlpool Marble Bath","4.9","470","READY FOR REVIEW",""
"Italy","Rome","https://www.hotelswithbathtubs.com/italy/rome","Hotel Eden - Dorchester Collection, Rome","https://www.booking.com/hotel/it/hotel-eden-rome.html","https://www.booking.com/hotel/it/hotel-eden-rome.html","https://www.agoda.com/hotel-eden-dorchester-collection/hotel/rome-it.html","https://pix8.agoda.net/hotelImages/4904006/-1/88835849cbca6b6ea17ebcbda51e44ef.jpg","Agoda CDN","YES","Circular Soaking Marble Tub","4.8","390","READY FOR REVIEW",""
"Italy","Rome","https://www.hotelswithbathtubs.com/italy/rome","Hotel de Russie, Rome","https://www.booking.com/hotel/it/hotel-de-russie.html","https://www.booking.com/hotel/it/hotel-de-russie.html","https://www.agoda.com/hotel-de-russie/hotel/rome-it.html","https://pix8.agoda.net/hotelImages/1879796/-1/59a8cb404c05ef1a2e7c4f1c97a8c3d1.jpg","Agoda CDN","YES","Carrara Marble Mosaic Tub","4.9","530","READY FOR REVIEW",""
"Italy","Rome","https://www.hotelswithbathtubs.com/italy/rome","Portrait Roma - Lungarno Collection","https://www.booking.com/hotel/it/portrait-roma.html","https://www.booking.com/hotel/it/portrait-roma.html","https://www.agoda.com/portrait-roma/hotel/rome-it.html","https://pix8.agoda.net/hotelImages/1620577/-1/b66e1335cb99f187a04944d18ff8eb41.jpg","Agoda CDN","YES","Black Marble Hydro Jacuzzi","4.9","310","READY FOR REVIEW",""
"Italy","Rome","https://www.hotelswithbathtubs.com/italy/rome","The St. Regis Rome","https://www.booking.com/hotel/it/the-st-regis-grand-rome.html","https://www.booking.com/hotel/it/the-st-regis-grand-rome.html","https://www.agoda.com/the-st-regis-rome/hotel/rome-it.html","https://pix8.agoda.net/hotelImages/268154/-1/e3f4439c0864eb11d13db1415dfda2bf.jpg","Agoda CDN","YES","Deep Travertine Bathtub","4.8","460","READY FOR REVIEW",""
"Japan","Kyoto","https://www.hotelswithbathtubs.com/japan/kyoto","Four Seasons Hotel Kyoto","https://www.booking.com/hotel/jp/four-seasons-kyoto.html","https://www.booking.com/hotel/jp/four-seasons-kyoto.html","https://www.agoda.com/four-seasons-hotel-kyoto/hotel/kyoto-jp.html","https://pix8.agoda.net/hotelImages/11674/-1/2156eb10f3c5ea64e1cba570bc6c06bf.jpg","Agoda CDN","YES","Deep Marble Soaking Tub","4.9","520","READY FOR REVIEW",""
"Japan","Kyoto","https://www.hotelswithbathtubs.com/japan/kyoto","Hoshinoya Kyoto","https://www.booking.com/hotel/jp/hoshinoya-kyoto.html","https://www.booking.com/hotel/jp/hoshinoya-kyoto.html","https://www.agoda.com/hoshinoya-kyoto/hotel/kyoto-jp.html","https://pix8.agoda.net/hotelImages/39474/-1/6c3a5266838848d7950c40683a31c518.jpg","Agoda CDN","YES","Deep Aromatic Cedarwood Tub","4.8","390","READY FOR REVIEW",""
"Japan","Kyoto","https://www.hotelswithbathtubs.com/japan/kyoto","Park Hyatt Kyoto","https://www.booking.com/hotel/jp/park-hyatt-kyoto.html","https://www.booking.com/hotel/jp/park-hyatt-kyoto.html","https://www.agoda.com/park-hyatt-kyoto/hotel/kyoto-jp.html","https://pix8.agoda.net/hotelImages/15987/-1/2e389b09ef0a48b59dc7cb3d1bc84288.jpg","Agoda CDN","YES","Handcrafted Wood Soaking Tub","4.9","410","READY FOR REVIEW",""
"Japan","Kyoto","https://www.hotelswithbathtubs.com/japan/kyoto","Suiran, a Luxury Collection Hotel, Kyoto","https://www.booking.com/hotel/jp/suiran-a-luxury-collection-hotel-kyoto.html","https://www.booking.com/hotel/jp/suiran-a-luxury-collection-hotel-kyoto.html","https://www.agoda.com/suiran-a-luxury-collection-hotel-kyoto/hotel/kyoto-jp.html","https://pix8.agoda.net/hotelImages/834375/-1/1b5e39665bc74041b617b07ea6e32d67.jpg","Agoda CDN","YES","Private Outdoor Natural Onsen Tub","4.9","480","READY FOR REVIEW",""
"Japan","Kyoto","https://www.hotelswithbathtubs.com/japan/kyoto","The Ritz-Carlton, Kyoto","https://www.booking.com/hotel/jp/the-ritz-carlton-kyoto.html","https://www.booking.com/hotel/jp/the-ritz-carlton-kyoto.html","https://www.agoda.com/the-ritz-carlton-kyoto/hotel/kyoto-jp.html","https://pix8.agoda.net/hotelImages/588820/-1/4a29bb8853b0e11894d038fa465b4c10.jpg","Agoda CDN","YES","Japanese Hinoki Cedarwood Tub","4.9","640","READY FOR REVIEW",""
"Japan","Tokyo","https://www.hotelswithbathtubs.com/japan/tokyo","Aman Tokyo","https://www.booking.com/hotel/jp/aman-tokyo.html","https://www.booking.com/hotel/jp/aman-tokyo.html","https://www.agoda.com/aman-tokyo","https://pix8.agoda.net/hotelImages/852504/-1/3a8c39e081e7d825c893cb62118742f1.jpg","Agoda CDN","YES","Bathtub / Jacuzzi Suite","9.7","100+","READY FOR REVIEW",""
"Japan","Tokyo","https://www.hotelswithbathtubs.com/japan/tokyo","Four Seasons Hotel Tokyo at Otemachi","https://www.booking.com/hotel/jp/four-seasons-hotel-tokyo-at-otemachi.html","https://www.booking.com/hotel/jp/four-seasons-otemachi-tokyo.html","https://www.agoda.com/four-seasons-hotel-tokyo-at-otemachi","https://pix8.agoda.net/hotelImages/11674/-1/2156eb10f3c5ea64e1cba570bc6c06bf.jpg","Agoda CDN","YES","Bathtub / Jacuzzi Suite","9.6","100+","READY FOR REVIEW",""
"Japan","Tokyo","https://www.hotelswithbathtubs.com/japan/tokyo","Mandarin Oriental Tokyo","https://www.booking.com/hotel/jp/mandarin-oriental-tokyo.html","https://www.booking.com/hotel/jp/mandarin-oriental-tokyo.html","https://www.agoda.com/mandarin-oriental-tokyo","https://pix8.agoda.net/hotelImages/265691/-1/2c53f868ee3a44d825cbb4aa86796c9c.jpg","Agoda CDN","YES","Bathtub / Jacuzzi Suite","9.5","100+","READY FOR REVIEW",""
"Japan","Tokyo","https://www.hotelswithbathtubs.com/japan/tokyo","Park Hyatt Tokyo","https://www.booking.com/hotel/jp/park-hyatt-tokyo.html","https://www.booking.com/hotel/jp/park-hyatt-tokyo.html","https://www.agoda.com/park-hyatt-tokyo","https://pix8.agoda.net/hotelImages/15987/-1/2e389b09ef0a48b59dc7cb3d1bc84288.jpg","Agoda CDN","YES","Bathtub / Jacuzzi Suite","9.4","100+","READY FOR REVIEW",""
"Japan","Tokyo","https://www.hotelswithbathtubs.com/japan/tokyo","The Peninsula Tokyo","https://www.booking.com/hotel/jp/the-peninsula-tokyo.html","https://www.booking.com/hotel/jp/the-peninsula-tokyo.html","https://www.agoda.com/the-peninsula-tokyo","https://pix8.agoda.net/hotelImages/39474/-1/6c3a5266838848d7950c40683a31c518.jpg","Agoda CDN","YES","Bathtub / Jacuzzi Suite","9.6","100+","READY FOR REVIEW",""
"Japan","Tokyo","https://www.hotelswithbathtubs.com/japan/tokyo","The Ritz-Carlton Tokyo","https://www.booking.com/hotel/jp/the-ritz-carlton-tokyo.html","https://www.booking.com/hotel/jp/the-ritz-carlton-tokyo.html","https://www.agoda.com/the-ritz-carlton-tokyo","https://pix8.agoda.net/hotelImages/588820/-1/4a29bb8853b0e11894d038fa465b4c10.jpg","Agoda CDN","YES","Bathtub / Jacuzzi Suite","9.5","100+","READY FOR REVIEW",""
"Malaysia","Kuala Lumpur","https://www.hotelswithbathtubs.com/malaysia/kuala-lumpur","Four Seasons Hotel Kuala Lumpur","https://www.booking.com/hotel/my/four-seasons-hotel-kuala-lumpur.html","https://www.booking.com/hotel/my/four-seasons-hotel-kuala-lumpur.html","https://www.agoda.com/four-seasons-hotel-kuala-lumpur/hotel/kuala-lumpur-my.html","https://pix8.agoda.net/hotelImages/11674/-1/2156eb10f3c5ea64e1cba570bc6c06bf.jpg","Agoda CDN","YES","Bathtub / Jacuzzi Suite","4.8","100+","READY FOR REVIEW",""
"Malaysia","Kuala Lumpur","https://www.hotelswithbathtubs.com/malaysia/kuala-lumpur","Imperial KLCC Residences","https://www.booking.com/hotel/my/imperial-klcc-residences.html","https://www.booking.com/hotel/my/imperial-klcc-residences.html","https://www.agoda.com/imperial-klcc-residences/hotel/kuala-lumpur-my.html","https://pix8.agoda.net/hotelImages/265691/-1/2c53f868ee3a44d825cbb4aa86796c9c.jpg","Agoda CDN","YES","Bathtub / Jacuzzi Suite","4.8","100+","READY FOR REVIEW",""
"Malaysia","Kuala Lumpur","https://www.hotelswithbathtubs.com/malaysia/kuala-lumpur","KLCC The Mews Luxury Suites","https://www.booking.com/hotel/my/klcc-the-mews-luxury-suites.html","https://www.booking.com/hotel/my/klcc-the-mews-luxury-suites.html","https://www.agoda.com/klcc-the-mews-luxury-suites/hotel/kuala-lumpur-my.html","https://pix8.agoda.net/hotelImages/15987/-1/2e389b09ef0a48b59dc7cb3d1bc84288.jpg","Agoda CDN","YES","Bathtub / Jacuzzi Suite","4.8","100+","READY FOR REVIEW",""
"Malaysia","Kuala Lumpur","https://www.hotelswithbathtubs.com/malaysia/kuala-lumpur","Mandarin Oriental Kuala Lumpur","https://www.booking.com/hotel/my/mandarin-oriental-kuala-lumpur.html","https://www.booking.com/hotel/my/mandarin-oriental-kuala-lumpur.html","https://www.agoda.com/mandarin-oriental-kuala-lumpur/hotel/kuala-lumpur-my.html","https://pix8.agoda.net/hotelImages/1162463/-1/b6d6553835697d2ec6c0b388b1f5e85f.jpg","Agoda CDN","YES","Bathtub / Jacuzzi Suite","4.8","100+","READY FOR REVIEW",""
"Malaysia","Kuala Lumpur","https://www.hotelswithbathtubs.com/malaysia/kuala-lumpur","Skylon Residences Bukit Ceylon","https://www.booking.com/hotel/my/skylon-residences-bukit-ceylon.html","https://www.booking.com/hotel/my/skylon-residences-bukit-ceylon.html","https://www.agoda.com/skylon-residences-bukit-ceylon/hotel/kuala-lumpur-my.html","https://pix8.agoda.net/hotelImages/2372134/-1/2a08892f39223ea4ee50a1dfa52b8eb5.jpg","Agoda CDN","YES","Bathtub / Jacuzzi Suite","4.8","100+","READY FOR REVIEW",""
"Malaysia","Kuala Lumpur","https://www.hotelswithbathtubs.com/malaysia/kuala-lumpur","The Ritz-Carlton Kuala Lumpur","https://www.booking.com/hotel/my/the-ritz-carlton-kuala-lumpur.html","https://www.booking.com/hotel/my/the-ritz-carlton-kuala-lumpur.html","https://www.agoda.com/the-ritz-carlton-kuala-lumpur/hotel/kuala-lumpur-my.html","https://pix8.agoda.net/hotelImages/15984/-1/107f9c8901be9b16ea9825b7b2512a23.jpg","Agoda CDN","YES","Bathtub / Jacuzzi Suite","4.8","100+","READY FOR REVIEW",""
"Maldives","Maldives","https://www.hotelswithbathtubs.com/maldives/maldives","Baros Maldives","https://www.booking.com/hotel/mv/baros-maldives.html","https://www.booking.com/hotel/mv/baros-maldives.html","https://www.agoda.com/baros-maldives/hotel/maldives-islands-mv.html","https://pix8.agoda.net/hotelImages/60057/-1/783b9c9f0ef72eeec871c53e839e557b.jpg","Agoda CDN","YES","Lagoon-Facing Deep Soaking Tub","4.9","610","READY FOR REVIEW",""
"Maldives","Maldives","https://www.hotelswithbathtubs.com/maldives/maldives","Gili Lankanfushi Maldives","https://www.booking.com/hotel/mv/gili-lankanfushi.html","https://www.booking.com/hotel/mv/gili-lankanfushi.html","https://www.agoda.com/gili-lankanfushi-maldives/hotel/maldives-islands-mv.html","https://pix8.agoda.net/hotelImages/60074/-1/6c3a5266838848d7950c40683a31c518.jpg","Agoda CDN","YES","Semi-Open Lagoon Freestanding Stone Bath","4.9","590","READY FOR REVIEW",""
"Maldives","Maldives","https://www.hotelswithbathtubs.com/maldives/maldives","Soneva Jani, Maldives","https://www.booking.com/hotel/mv/soneva-jani.html","https://www.booking.com/hotel/mv/soneva-jani.html","https://www.agoda.com/soneva-jani/hotel/maldives-islands-mv.html","https://pix8.agoda.net/hotelImages/1620577/-1/b66e1335cb99f187a04944d18ff8eb41.jpg","Agoda CDN","YES","Lagoon-Suspended Glass-Bottom Soaking Tub","4.9","680","READY FOR REVIEW",""
"Maldives","Maldives","https://www.hotelswithbathtubs.com/maldives/maldives","The St. Regis Maldives Vommuli Resort","https://www.booking.com/hotel/mv/the-st-regis-maldives-vommuli-resort.html","https://www.booking.com/hotel/mv/the-st-regis-maldives-vommuli-resort.html","https://www.agoda.com/the-st-regis-maldives-vommuli-resort/hotel/maldives-islands-mv.html","https://pix8.agoda.net/hotelImages/1231649/-1/33d59e35c2494916a2461fe1217e750b.jpg","Agoda CDN","YES","Freestanding Ocean-View Bathtub","4.9","490","READY FOR REVIEW",""
"Maldives","Maldives","https://www.hotelswithbathtubs.com/maldives/maldives","Waldorf Astoria Maldives Ithaafushi","https://www.booking.com/hotel/mv/waldorf-astoria-maldives-ithaafushi.html","https://www.booking.com/hotel/mv/waldorf-astoria-maldives-ithaafushi.html","https://www.agoda.com/waldorf-astoria-maldives-ithaafushi/hotel/maldives-islands-mv.html","https://pix8.agoda.net/hotelImages/6755490/-1/cf193e25b15beaa0350d75a1334c0ff0.jpg","Agoda CDN","YES","Circular Ocean-Facing Soaking Marble Tub","4.9","520","READY FOR REVIEW",""
"Netherlands","Amsterdam","https://www.hotelswithbathtubs.com/netherlands/amsterdam","Conservatorium Hotel, Amsterdam","https://www.booking.com/hotel/nl/conservatorium.html","https://www.booking.com/hotel/nl/conservatorium.html","https://www.agoda.com/conservatorium-hotel/hotel/amsterdam-nl.html","https://pix8.agoda.net/hotelImages/2372134/-1/2a08892f39223ea4ee50a1dfa52b8eb5.jpg","Agoda CDN","YES","Carved Solid Stone Bathtub","4.9","590","READY FOR REVIEW",""
"Netherlands","Amsterdam","https://www.hotelswithbathtubs.com/netherlands/amsterdam","Hotel TwentySeven - Small Luxury Hotels of the World","https://www.booking.com/hotel/nl/hotel-twentyseven.html","https://www.booking.com/hotel/nl/hotel-twentyseven.html","https://www.agoda.com/hotel-twentyseven/hotel/amsterdam-nl.html","https://pix8.agoda.net/hotelImages/10947/-1/e3f89b5c2a11b647895e6f3aa564ecbb.jpg","Agoda CDN","YES","Mood-Lit Hydro Jacuzzi","4.9","320","READY FOR REVIEW",""
"Netherlands","Amsterdam","https://www.hotelswithbathtubs.com/netherlands/amsterdam","Pulitzer Amsterdam","https://www.booking.com/hotel/nl/pulitzer-amsterdam.html","https://www.booking.com/hotel/nl/pulitzer-amsterdam.html","https://www.agoda.com/pulitzer-amsterdam/hotel/amsterdam-nl.html","https://pix8.agoda.net/hotelImages/575306/-1/4a83cf8d438914b1a457c12513f56ecb.jpg","Agoda CDN","YES","Freestanding Bathtub","4.8","520","READY FOR REVIEW",""
"Netherlands","Amsterdam","https://www.hotelswithbathtubs.com/netherlands/amsterdam","The Dylan Amsterdam","https://www.booking.com/hotel/nl/the-dylan-amsterdam.html","https://www.booking.com/hotel/nl/the-dylan-amsterdam.html","https://www.agoda.com/the-dylan-amsterdam/hotel/amsterdam-nl.html","https://pix8.agoda.net/hotelImages/15987/-1/2e389b09ef0a48b59dc7cb3d1bc84288.jpg","Agoda CDN","YES","Designer Freestanding Tub","4.8","380","READY FOR REVIEW",""
"Netherlands","Amsterdam","https://www.hotelswithbathtubs.com/netherlands/amsterdam","Waldorf Astoria Amsterdam","https://www.booking.com/hotel/nl/waldorf-astoria-amsterdam.html","https://www.booking.com/hotel/nl/waldorf-astoria-amsterdam.html","https://www.agoda.com/waldorf-astoria-amsterdam/hotel/amsterdam-nl.html","https://pix8.agoda.net/hotelImages/265691/-1/2c53f868ee3a44d825cbb4aa86796c9c.jpg","Agoda CDN","YES","Deep Marble Soaking Tub","4.9","460","READY FOR REVIEW",""
"Singapore","Singapore","https://www.hotelswithbathtubs.com/singapore/singapore","Capella Singapore","https://www.booking.com/hotel/sg/capella-singapore.html","https://www.booking.com/hotel/sg/capella-singapore.html","https://www.agoda.com/capella-singapore/hotel/singapore-sg.html","https://pix8.agoda.net/hotelImages/109782/-1/1073cb4395a12d8a6b28eb9b29c87ebc.jpg","Agoda CDN","YES","Bathtub / Jacuzzi Suite","4.8","100+","READY FOR REVIEW",""
"Singapore","Singapore","https://www.hotelswithbathtubs.com/singapore/singapore","Fairmont Singapore","https://www.booking.com/hotel/sg/fairmont-singapore.html","https://www.booking.com/hotel/sg/fairmont-singapore.html","https://www.agoda.com/fairmont-singapore/hotel/singapore-sg.html","https://pix8.agoda.net/hotelImages/159840/-1/3c2a8b9409df8c42bca1c3905cf7e8b9.jpg","Agoda CDN","YES","Bathtub / Jacuzzi Suite","4.8","100+","READY FOR REVIEW",""
"Singapore","Singapore","https://www.hotelswithbathtubs.com/singapore/singapore","Four Seasons Hotel Singapore","https://www.booking.com/hotel/sg/four-seasons-hotel-singapore.html","https://www.booking.com/hotel/sg/four-seasons-hotel-singapore.html","https://www.agoda.com/four-seasons-hotel-singapore/hotel/singapore-sg.html","https://pix8.agoda.net/hotelImages/11674/-1/2156eb10f3c5ea64e1cba570bc6c06bf.jpg","Agoda CDN","YES","Bathtub / Jacuzzi Suite","4.8","100+","READY FOR REVIEW",""
"Singapore","Singapore","https://www.hotelswithbathtubs.com/singapore/singapore","Marina Bay Sands","https://www.booking.com/hotel/sg/marina-bay-sands.html","https://www.booking.com/hotel/sg/marina-bay-sands.html","https://www.agoda.com/marina-bay-sands/hotel/singapore-sg.html","https://pix8.agoda.net/hotelImages/159840/-1/3c2a8b9409df8c42bca1c3905cf7e8b9.jpg","Agoda CDN","YES","Bathtub / Jacuzzi Suite","4.8","100+","READY FOR REVIEW",""
"Singapore","Singapore","https://www.hotelswithbathtubs.com/singapore/singapore","Raffles Singapore","https://www.booking.com/hotel/sg/raffles-singapore.html","https://www.booking.com/hotel/sg/raffles-singapore.html","https://www.agoda.com/raffles-singapore/hotel/singapore-sg.html","https://pix8.agoda.net/hotelImages/10702/-1/a573be9081e7d825c893cb62118742f1.jpg","Agoda CDN","YES","Bathtub / Jacuzzi Suite","4.8","100+","READY FOR REVIEW",""
"Singapore","Singapore","https://www.hotelswithbathtubs.com/singapore/singapore","The Fullerton Bay Hotel Singapore","https://www.booking.com/hotel/sg/the-fullerton-bay-hotel-singapore.html","https://www.booking.com/hotel/sg/the-fullerton-bay-hotel-singapore.html","https://www.agoda.com/the-fullerton-bay-hotel-singapore/hotel/singapore-sg.html","https://pix8.agoda.net/hotelImages/180630/-1/b6d6553835697d2ec6c0b388b1f5e85f.jpg","Agoda CDN","YES","Bathtub / Jacuzzi Suite","4.8","100+","READY FOR REVIEW",""
"Singapore","Singapore","https://www.hotelswithbathtubs.com/singapore/singapore","The Ritz-Carlton Millenia Singapore","https://www.booking.com/hotel/sg/the-ritz-carlton-millenia-singapore.html","https://www.booking.com/hotel/sg/the-ritz-carlton-millenia-singapore.html","https://www.agoda.com/the-ritz-carlton-millenia-singapore/hotel/singapore-sg.html","https://pix8.agoda.net/hotelImages/1162463/-1/b6d6553835697d2ec6c0b388b1f5e85f.jpg","Agoda CDN","YES","Bathtub / Jacuzzi Suite","4.8","100+","READY FOR REVIEW",""
"Singapore","Singapore","https://www.hotelswithbathtubs.com/singapore/singapore","W Singapore Sentosa Cove","https://www.booking.com/hotel/sg/w-singapore-sentosa-cove.html","https://www.booking.com/hotel/sg/w-singapore-sentosa-cove.html","https://www.agoda.com/w-singapore-sentosa-cove/hotel/singapore-sg.html","https://pix8.agoda.net/hotelImages/1879796/-1/6c3c9e6aa84918e7e17cb97cb4e8ecbf.jpg","Agoda CDN","YES","Bathtub / Jacuzzi Suite","4.8","100+","READY FOR REVIEW",""
"Spain","Barcelona","https://www.hotelswithbathtubs.com/spain/barcelona","Hotel Arts Barcelona","https://www.booking.com/hotel/es/arts-barcelona.html","https://www.booking.com/hotel/es/arts-barcelona.html","https://www.agoda.com/hotel-arts-barcelona/hotel/barcelona-es.html","https://pix8.agoda.net/hotelImages/575306/-1/4a83cf8d438914b1a457c12513f56ecb.jpg","Agoda CDN","YES","Hydrotherapy Deep Soaking Tub","4.8","620","READY FOR REVIEW",""
"Spain","Barcelona","https://www.hotelswithbathtubs.com/spain/barcelona","Mandarin Oriental, Barcelona","https://www.booking.com/hotel/es/mandarin-oriental-barcelona.html","https://www.booking.com/hotel/es/mandarin-oriental-barcelona.html","https://www.agoda.com/mandarin-oriental-barcelona/hotel/barcelona-es.html","https://pix8.agoda.net/hotelImages/253629/-1/c1d89b33a59846d0a7a3b37812e9bcae.jpg","Agoda CDN","YES","Designer Circular Soaking Bathtub","4.9","490","READY FOR REVIEW",""
"Spain","Barcelona","https://www.hotelswithbathtubs.com/spain/barcelona","W Barcelona (The Sail)","https://www.booking.com/hotel/es/w-barcelona.html","https://www.booking.com/hotel/es/w-barcelona.html","https://www.agoda.com/w-barcelona/hotel/barcelona-es.html","https://pix8.agoda.net/hotelImages/61730/-1/9483dc46eb74d758f2780e8ca92e4be0.jpg","Agoda CDN","YES","Panoramic Glass-Walled Soaking Tub","4.7","710","READY FOR REVIEW",""
"Switzerland","Zermatt","https://www.hotelswithbathtubs.com/switzerland/zermatt","Grand Hotel Zermatterhof","https://www.booking.com/hotel/ch/grand-zermatterhof.html","https://www.booking.com/hotel/ch/grand-zermatterhof.html","https://www.agoda.com/grand-hotel-zermatterhof/hotel/zermatt-ch.html","https://pix8.agoda.net/hotelImages/10947/-1/e3f89b5c2a11b647895e6f3aa564ecbb.jpg","Agoda CDN","YES","Private Jacuzzi & Fireplace Suite","4.8","410","READY FOR REVIEW",""
"Switzerland","Zermatt","https://www.hotelswithbathtubs.com/switzerland/zermatt","Riffelalp Resort 2222m, Zermatt","https://www.booking.com/hotel/ch/riffelalp-resort-2222m.html","https://www.booking.com/hotel/ch/riffelalp-resort-2222m.html","https://www.agoda.com/riffelalp-resort-2222m/hotel/zermatt-ch.html","https://pix8.agoda.net/hotelImages/15987/-1/2e389b09ef0a48b59dc7cb3d1bc84288.jpg","Agoda CDN","YES","Alpine Deep Soaking Bathtub","4.9","460","READY FOR REVIEW",""
"Switzerland","Zermatt","https://www.hotelswithbathtubs.com/switzerland/zermatt","The Omnia, Zermatt","https://www.booking.com/hotel/ch/the-omnia.html","https://www.booking.com/hotel/ch/the-omnia.html","https://www.agoda.com/the-omnia/hotel/zermatt-ch.html","https://pix8.agoda.net/hotelImages/265691/-1/2c53f868ee3a44d825cbb4aa86796c9c.jpg","Agoda CDN","YES","Matterhorn-Facing Hydro Jacuzzi","4.9","580","READY FOR REVIEW",""
"Switzerland","Zurich","https://www.hotelswithbathtubs.com/switzerland/zurich","Baur au Lac, Zurich","https://www.booking.com/hotel/ch/baur-au-lac.html","https://www.booking.com/hotel/ch/baur-au-lac.html","https://www.agoda.com/baur-au-lac/hotel/zurich-ch.html","https://pix8.agoda.net/hotelImages/11674/-1/2156eb10f3c5ea64e1cba570bc6c06bf.jpg","Agoda CDN","YES","Deep Carrara Marble Bathtub","4.9","510","READY FOR REVIEW",""
"Switzerland","Zurich","https://www.hotelswithbathtubs.com/switzerland/zurich","The Dolder Grand, Zurich","https://www.booking.com/hotel/ch/the-dolder-grand.html","https://www.booking.com/hotel/ch/the-dolder-grand.html","https://www.agoda.com/the-dolder-grand/hotel/zurich-ch.html","https://pix8.agoda.net/hotelImages/15984/-1/107f9c8901be9b16ea9825b7b2512a23.jpg","Agoda CDN","YES","Private Hydro-Whirlpool Lake-View Tub","4.9","640","READY FOR REVIEW",""
"Switzerland","Zurich","https://www.hotelswithbathtubs.com/switzerland/zurich","Widder Hotel - Zurich Old Town","https://www.booking.com/hotel/ch/widder.html","https://www.booking.com/hotel/ch/widder.html","https://www.agoda.com/widder-hotel/hotel/zurich-ch.html","https://pix8.agoda.net/hotelImages/2372134/-1/2a08892f39223ea4ee50a1dfa52b8eb5.jpg","Agoda CDN","YES","Rooftop Private Soaking Tub","4.8","390","READY FOR REVIEW",""
"Thailand","Bangkok","https://www.hotelswithbathtubs.com/thailand/bangkok","137 Pillars Suites & Residences Bangkok","https://www.booking.com/hotel/th/137-pillars-suites-residences-bangkok.html","https://www.booking.com/hotel/th/137-pillars-suites-residences-bangkok.html","https://www.agoda.com/137-pillars-suites-residences-bangkok","https://pix8.agoda.net/hotelImages/1879796/-1/59a8cb404c05ef1a2e7c4f1c97a8c3d1.jpg","Agoda CDN","YES","Bathtub / Jacuzzi Suite","9.4","100+","READY FOR REVIEW",""
"Thailand","Bangkok","https://www.hotelswithbathtubs.com/thailand/bangkok","Banyan Tree Bangkok","https://www.booking.com/hotel/th/banyan-tree-bangkok.html","https://www.booking.com/hotel/th/banyan-tree-bangkok.html","https://www.agoda.com/banyan-tree-bangkok/hotel/bangkok-th.html","https://pix8.agoda.net/hotelImages/10705/-1/218cb7e42d76ea2bc75ba7a1772bc8cb.jpg","Agoda CDN","YES","Bathtub / Jacuzzi Suite","4.8","100+","READY FOR REVIEW",""
"Thailand","Bangkok","https://www.hotelswithbathtubs.com/thailand/bangkok","Capella Bangkok","https://www.booking.com/hotel/th/capella-bangkok.html","https://www.booking.com/hotel/th/capella-bangkok.html","https://www.agoda.com/capella-bangkok","https://pix8.agoda.net/hotelImages/109782/-1/1073cb4395a12d8a6b28eb9b29c87ebc.jpg","Agoda CDN","YES","Bathtub / Jacuzzi Suite","9.8","100+","READY FOR REVIEW",""
"Thailand","Bangkok","https://www.hotelswithbathtubs.com/thailand/bangkok","Centara Grand at CentralWorld","https://www.booking.com/hotel/th/centara-grand-at-centralworld.html","https://www.booking.com/hotel/th/centara-grand-at-centralworld.html","https://www.agoda.com/centara-grand-at-centralworld/hotel/bangkok-th.html","https://pix8.agoda.net/hotelImages/159840/-1/3c2a8b9409df8c42bca1c3905cf7e8b9.jpg","Agoda CDN","YES","Bathtub / Jacuzzi Suite","4.8","100+","READY FOR REVIEW",""
"Thailand","Bangkok","https://www.hotelswithbathtubs.com/thailand/bangkok","Dusit Thani Bangkok","https://www.booking.com/hotel/th/dusit-thani-bangkok.html","https://www.booking.com/hotel/th/dusit-thani-bangkok.html","https://www.agoda.com/dusit-thani-bangkok/hotel/bangkok-th.html","https://pix8.agoda.net/hotelImages/10705/-1/218cb7e42d76ea2bc75ba7a1772bc8cb.jpg","Agoda CDN","YES","Bathtub / Jacuzzi Suite","4.8","100+","READY FOR REVIEW",""
"Thailand","Bangkok","https://www.hotelswithbathtubs.com/thailand/bangkok","Four Seasons Hotel Bangkok at Chao Phraya","https://www.booking.com/hotel/th/four-seasons-hotel-bangkok-at-chao-phraya.html","https://www.booking.com/hotel/th/four-seasons-chao-phraya-bangkok.html","https://www.agoda.com/four-seasons-hotel-bangkok-at-chao-phraya","https://pix8.agoda.net/hotelImages/11674/-1/2156eb10f3c5ea64e1cba570bc6c06bf.jpg","Agoda CDN","YES","Bathtub / Jacuzzi Suite","9.5","100+","READY FOR REVIEW",""
"Thailand","Bangkok","https://www.hotelswithbathtubs.com/thailand/bangkok","MAYU Bangkok Japanese Style Hotel","https://www.booking.com/hotel/th/mayu-bangkok-japanese-style-hotel.html","https://www.booking.com/hotel/th/mayu-bangkok-japanese-style-hotel.html","https://www.agoda.com/mayu-bangkok-japanese-style-hotel/hotel/bangkok-th.html","https://pix8.agoda.net/hotelImages/39474/-1/6c3a5266838848d7950c40683a31c518.jpg","Agoda CDN","YES","Bathtub / Jacuzzi Suite","4.8","100+","READY FOR REVIEW",""
"Thailand","Bangkok","https://www.hotelswithbathtubs.com/thailand/bangkok","Mandarin Oriental Bangkok","https://www.booking.com/hotel/th/mandarin-oriental-bangkok.html","https://www.booking.com/hotel/th/mandarin-oriental-bangkok.html","https://www.agoda.com/mandarin-oriental-bangkok","https://pix8.agoda.net/hotelImages/10701/-1/c1d89b33a59846d0a7a3b37812e9bcae.jpg","Agoda CDN","YES","Bathtub / Jacuzzi Suite","9.7","100+","READY FOR REVIEW",""
"Thailand","Bangkok","https://www.hotelswithbathtubs.com/thailand/bangkok","Pathumwan Princess Hotel","https://www.booking.com/hotel/th/pathumwan-princess-hotel.html","https://www.booking.com/hotel/th/pathumwan-princess-hotel.html","https://www.agoda.com/pathumwan-princess-hotel/hotel/bangkok-th.html","https://pix8.agoda.net/hotelImages/10702/-1/a573be9081e7d825c893cb62118742f1.jpg","Agoda CDN","YES","Bathtub / Jacuzzi Suite","4.8","100+","READY FOR REVIEW",""
"Thailand","Bangkok","https://www.hotelswithbathtubs.com/thailand/bangkok","Rosewood Bangkok","https://www.booking.com/hotel/th/rosewood-bangkok.html","https://www.booking.com/hotel/th/rosewood-bangkok.html","https://www.agoda.com/rosewood-bangkok","https://pix8.agoda.net/hotelImages/2372134/-1/2a08892f39223ea4ee50a1dfa52b8eb5.jpg","Agoda CDN","YES","Bathtub / Jacuzzi Suite","9.5","100+","READY FOR REVIEW",""
"Thailand","Bangkok","https://www.hotelswithbathtubs.com/thailand/bangkok","SILQ Hotel & Residence","https://www.booking.com/hotel/th/silq-hotel-residence.html","https://www.booking.com/hotel/th/silq-hotel-residence.html","https://www.agoda.com/silq-hotel-residence/hotel/bangkok-th.html","https://pix8.agoda.net/hotelImages/1879796/-1/6c3c9e6aa84918e7e17cb97cb4e8ecbf.jpg","Agoda CDN","YES","Bathtub / Jacuzzi Suite","4.8","100+","READY FOR REVIEW",""
"Thailand","Bangkok","https://www.hotelswithbathtubs.com/thailand/bangkok","Sivatel Bangkok Hotel","https://www.booking.com/hotel/th/sivatel-bangkok-hotel.html","https://www.booking.com/hotel/th/sivatel-bangkok-hotel.html","https://www.agoda.com/sivatel-bangkok-hotel/hotel/bangkok-th.html","https://pix8.agoda.net/hotelImages/1089851/-1/218cb7e42d76ea2bc75ba7a1772bc8cb.jpg","Agoda CDN","YES","Bathtub / Jacuzzi Suite","4.8","100+","READY FOR REVIEW",""
"Thailand","Bangkok","https://www.hotelswithbathtubs.com/thailand/bangkok","The Peninsula Bangkok","https://www.booking.com/hotel/th/the-peninsula-bangkok.html","https://www.booking.com/hotel/th/the-peninsula-bangkok.html","https://www.agoda.com/the-peninsula-bangkok","https://pix8.agoda.net/hotelImages/39474/-1/6c3a5266838848d7950c40683a31c518.jpg","Agoda CDN","YES","Bathtub / Jacuzzi Suite","9.6","100+","READY FOR REVIEW",""
"Thailand","Bangkok","https://www.hotelswithbathtubs.com/thailand/bangkok","V20 Boutique Jacuzzi Hotel","https://www.booking.com/hotel/th/v20-boutique-jacuzzi-hotel.html","https://www.booking.com/hotel/th/v20-boutique-jacuzzi-hotel.html","https://www.agoda.com/v20-boutique-jacuzzi-hotel/hotel/bangkok-th.html","https://pix8.agoda.net/hotelImages/180630/-1/b6d6553835697d2ec6c0b388b1f5e85f.jpg","Agoda CDN","YES","Bathtub / Jacuzzi Suite","4.8","100+","READY FOR REVIEW",""
"Thailand","Bangkok","https://www.hotelswithbathtubs.com/thailand/bangkok","W Bangkok Hotel","https://www.booking.com/hotel/th/w-bangkok-hotel.html","https://www.booking.com/hotel/th/w-bangkok-hotel.html","https://www.agoda.com/w-bangkok-hotel/hotel/bangkok-th.html","https://pix8.agoda.net/hotelImages/1879796/-1/6c3c9e6aa84918e7e17cb97cb4e8ecbf.jpg","Agoda CDN","YES","Bathtub / Jacuzzi Suite","4.8","100+","READY FOR REVIEW",""
"Thailand","Phuket","https://www.hotelswithbathtubs.com/thailand/phuket","Banyan Tree Phuket","https://www.agoda.com/banyan-tree-phuket/hotel/phuket-th.html","https://www.booking.com/hotel/th/banyan-tree-phuket.html","https://www.agoda.com/banyan-tree-phuket/hotel/phuket-th.html","https://pix8.agoda.net/hotelImages/10705/-1/218cb7e42d76ea2bc75ba7a1772bc8cb.jpg","Agoda CDN","YES","Outdoor Sunken Bath Pavilion","4.8","530","READY FOR REVIEW",""
"Thailand","Phuket","https://www.hotelswithbathtubs.com/thailand/phuket","Keemala, Phuket","https://www.agoda.com/keemala-resort/hotel/phuket-th.html","https://www.booking.com/hotel/th/keemala.html","https://www.agoda.com/keemala-resort/hotel/phuket-th.html","https://pix8.agoda.net/hotelImages/61730/-1/9483dc46eb74d758f2780e8ca92e4be0.jpg","Agoda CDN","YES","Monolithic Stone Soaking Bathtub","4.9","590","READY FOR REVIEW",""
"Thailand","Phuket","https://www.hotelswithbathtubs.com/thailand/phuket","Sri Panwa Phuket","https://www.agoda.com/sri-panwa-phuket-luxury-pool-villa-hotel/hotel/phuket-th.html","https://www.booking.com/hotel/th/sri-panwa-phuket.html","https://www.agoda.com/sri-panwa-phuket-luxury-pool-villa-hotel/hotel/phuket-th.html","https://pix8.agoda.net/hotelImages/10534/-1/8873ca9a7061d4a6f2382f6c8bb8742b.jpg","Agoda CDN","YES","Glass-Wrapped Hydro Jacuzzi","4.8","610","READY FOR REVIEW",""
"Thailand","Phuket","https://www.hotelswithbathtubs.com/thailand/phuket","The Shore at Katathani, Phuket","https://www.agoda.com/the-shore-at-katathani-resort/hotel/phuket-th.html","https://www.booking.com/hotel/th/the-shore-at-katathani.html","https://www.agoda.com/the-shore-at-katathani-resort/hotel/phuket-th.html","https://pix8.agoda.net/hotelImages/10502/-1/6c3c9e6aa84918e7e17cb97cb4e8ecbf.jpg","Agoda CDN","YES","Sunken Seaview Soaking Tub","4.9","540","READY FOR REVIEW",""
"Thailand","Phuket","https://www.hotelswithbathtubs.com/thailand/phuket","Trisara, Phuket","https://www.agoda.com/trisara-hotel/hotel/phuket-th.html","https://www.booking.com/hotel/th/trisara.html","https://www.agoda.com/trisara-hotel/hotel/phuket-th.html","https://pix8.agoda.net/hotelImages/104990/-1/a24cb474c3e387146e492ca4da2032d8.jpg","Agoda CDN","YES","Marble Ocean-Facing Soaking Tub","4.9","460","READY FOR REVIEW",""
"Turkey","Cappadocia","https://www.hotelswithbathtubs.com/turkey/cappadocia","Kayakapi Premium Caves - Cappadocia","https://www.booking.com/hotel/tr/kayakapi-premium-caves-cappadocia.html","https://www.booking.com/hotel/tr/kayakapi-premium-caves-cappadocia.html","https://www.agoda.com/kayakapi-premium-caves-cappadocia/hotel/urgup-tr.html","https://pix8.agoda.net/hotelImages/10534/-1/8873ca9a7061d4a6f2382f6c8bb8742b.jpg","Agoda CDN","YES","Roman-Style Hand-Carved Cave Tub","4.9","680","READY FOR REVIEW",""
"Turkey","Cappadocia","https://www.hotelswithbathtubs.com/turkey/cappadocia","Museum Hotel Cappadocia","https://www.booking.com/hotel/tr/museum.html","https://www.booking.com/hotel/tr/museum.html","https://www.agoda.com/museum-hotel/hotel/nevsehir-tr.html","https://pix8.agoda.net/hotelImages/30554/-1/a24cb474c3e387146e492ca4da2032d8.jpg","Agoda CDN","YES","Cave Heated Hydro Jacuzzi & Wine Tap","4.9","590","READY FOR REVIEW",""
"Turkey","Cappadocia","https://www.hotelswithbathtubs.com/turkey/cappadocia","Sultan Cave Suites, Göreme","https://www.booking.com/hotel/tr/sultan-cave-suites.html","https://www.booking.com/hotel/tr/sultan-cave-suites.html","https://www.agoda.com/sultan-cave-suites/hotel/goreme-tr.html","https://pix8.agoda.net/hotelImages/10502/-1/6c3c9e6aa84918e7e17cb97cb4e8ecbf.jpg","Agoda CDN","YES","Hand-Carved Stone Jacuzzi Tub","4.8","750","READY FOR REVIEW",""
"UAE","Abu Dhabi","https://www.hotelswithbathtubs.com/uae/abu-dhabi","Emirates Palace Mandarin Oriental, Abu Dhabi","https://www.booking.com/hotel/ae/emirates-palace-abu-dhabi.html","https://www.booking.com/hotel/ae/emirates-palace-abu-dhabi.html","https://www.agoda.com/emirates-palace-mandarin-oriental-abu-dhabi/hotel/abu-dhabi-ae.html","https://pix8.agoda.net/hotelImages/253629/-1/c1d89b33a59846d0a7a3b37812e9bcae.jpg","Agoda CDN","YES","Gold-Trimmed Royal Hydro Jacuzzi","4.9","780","READY FOR REVIEW",""
"UAE","Abu Dhabi","https://www.hotelswithbathtubs.com/uae/abu-dhabi","Jumeirah at Saadiyat Island Resort","https://www.booking.com/hotel/ae/jumeirah-at-saadiyat-island-resort.html","https://www.booking.com/hotel/ae/jumeirah-at-saadiyat-island-resort.html","https://www.agoda.com/jumeirah-at-saadiyat-island-resort/hotel/abu-dhabi-ae.html","https://pix8.agoda.net/hotelImages/10502/-1/6c3c9e6aa84918e7e17cb97cb4e8ecbf.jpg","Agoda CDN","YES","Panoramic Glass-Walled Soaking Tub","4.8","440","READY FOR REVIEW",""
"UAE","Abu Dhabi","https://www.hotelswithbathtubs.com/uae/abu-dhabi","Qasr Al Sarab Desert Resort by Anantara","https://www.booking.com/hotel/ae/qasr-al-sarab-desert-resort-by-anantara.html","https://www.booking.com/hotel/ae/qasr-al-sarab-desert-resort-by-anantara.html","https://www.agoda.com/qasr-al-sarab-desert-resort-by-anantara/hotel/abu-dhabi-ae.html","https://pix8.agoda.net/hotelImages/61730/-1/9483dc46eb74d758f2780e8ca92e4be0.jpg","Agoda CDN","YES","Circular Terrazzo Soaking Tub","4.9","690","READY FOR REVIEW",""
"UAE","Abu Dhabi","https://www.hotelswithbathtubs.com/uae/abu-dhabi","Rosewood Abu Dhabi","https://www.booking.com/hotel/ae/rosewood-abu-dhabi.html","https://www.booking.com/hotel/ae/rosewood-abu-dhabi.html","https://www.agoda.com/rosewood-abu-dhabi/hotel/abu-dhabi-ae.html","https://pix8.agoda.net/hotelImages/10534/-1/8873ca9a7061d4a6f2382f6c8bb8742b.jpg","Agoda CDN","YES","Sculptural Oval Soaking Tub","4.8","490","READY FOR REVIEW",""
"UAE","Abu Dhabi","https://www.hotelswithbathtubs.com/uae/abu-dhabi","The St. Regis Saadiyat Island Resort, Abu Dhabi","https://www.booking.com/hotel/ae/the-st-regis-saadiyat-island-resort-abu-dhabi.html","https://www.booking.com/hotel/ae/the-st-regis-saadiyat-island-resort-abu-dhabi.html","https://www.agoda.com/the-st-regis-saadiyat-island-resort/hotel/abu-dhabi-ae.html","https://pix8.agoda.net/hotelImages/30554/-1/a24cb474c3e387146e492ca4da2032d8.jpg","Agoda CDN","YES","Freestanding Sculpted Soaking Tub","4.8","560","READY FOR REVIEW",""
"UAE","Dubai","https://www.hotelswithbathtubs.com/uae/dubai","Anantara The Palm Dubai Resort","https://www.booking.com/hotel/ae/anantara-the-palm-dubai-resort.html","https://www.booking.com/hotel/ae/anantara-the-palm-dubai-resort.html","https://www.agoda.com/anantara-the-palm-dubai-resort/hotel/dubai-ae.html","https://pix8.agoda.net/hotelImages/443729/-1/2156eb10f3c5ea64e1cba570bc6c06bf.jpg","Agoda CDN","YES","Bathtub / Jacuzzi Suite","4.7","2150","READY FOR REVIEW",""
"UAE","Dubai","https://www.hotelswithbathtubs.com/uae/dubai","Armani Hotel Dubai","https://www.booking.com/hotel/ae/armani-hotel-dubai.html","https://www.booking.com/hotel/ae/armani-hotel-dubai.html","https://www.agoda.com/armani-hotel-dubai/hotel/dubai-ae.html","https://pix8.agoda.net/hotelImages/179836/-1/8873ca9a7061d4a6f2382f6c8bb8742b.jpg","Agoda CDN","YES","Bathtub / Jacuzzi Suite","4.7","1420","READY FOR REVIEW",""
"UAE","Dubai","https://www.hotelswithbathtubs.com/uae/dubai","Atlantis The Palm","https://www.booking.com/hotel/ae/atlantis-the-palm.html","https://www.booking.com/hotel/ae/atlantis-the-palm.html","https://www.agoda.com/atlantis-the-palm/hotel/dubai-ae.html","https://pix8.agoda.net/hotelImages/104990/-1/a24cb474c3e387146e492ca4da2032d8.jpg","Agoda CDN","YES","Bathtub / Jacuzzi Suite","4.8","3200","READY FOR REVIEW",""
"UAE","Dubai","https://www.hotelswithbathtubs.com/uae/dubai","Burj Al Arab Jumeirah","https://www.booking.com/hotel/ae/burj-al-arab-jumeirah.html","https://www.booking.com/hotel/ae/burj-al-arab-jumeirah.html","https://www.agoda.com/burj-al-arab-jumeirah/hotel/dubai-ae.html","https://pix8.agoda.net/hotelImages/10543/-1/9483dc46eb74d758f2780e8ca92e4be0.jpg","Agoda CDN","YES","Bathtub / Jacuzzi Suite","4.9","1850","READY FOR REVIEW",""
"UAE","Dubai","https://www.hotelswithbathtubs.com/uae/dubai","Five Palm Jumeirah Dubai","https://www.booking.com/hotel/ae/five-palm-jumeirah-dubai.html","https://www.booking.com/hotel/ae/five-palm-jumeirah-dubai.html","https://www.agoda.com/five-palm-jumeirah-dubai/hotel/dubai-ae.html","https://pix8.agoda.net/hotelImages/1879796/-1/6c3c9e6aa84918e7e17cb97cb4e8ecbf.jpg","Agoda CDN","YES","Bathtub / Jacuzzi Suite","4.6","2900","READY FOR REVIEW",""
"UAE","Dubai","https://www.hotelswithbathtubs.com/uae/dubai","Palazzo Versace Dubai","https://www.booking.com/hotel/ae/palazzo-versace-dubai.html","https://www.booking.com/hotel/ae/palazzo-versace-dubai.html","https://www.agoda.com/palazzo-versace-dubai/hotel/dubai-ae.html","https://pix8.agoda.net/hotelImages/1089851/-1/218cb7e42d76ea2bc75ba7a1772bc8cb.jpg","Agoda CDN","YES","Bathtub / Jacuzzi Suite","4.8","1680","READY FOR REVIEW",""
"UK","Edinburgh","https://www.hotelswithbathtubs.com/uk/edinburgh","Kimpton Charlotte Square Hotel","https://www.booking.com/hotel/gb/the-roxburghe-hotel.html","https://www.booking.com/hotel/gb/the-roxburghe-hotel.html","https://www.agoda.com/kimpton-charlotte-square-hotel/hotel/edinburgh-gb.html","https://pix8.agoda.net/hotelImages/10701/-1/c1d89b33a59846d0a7a3b37812e9bcae.jpg","Agoda CDN","YES","Deep Soaking Tub","4.7","450","READY FOR REVIEW",""
"UK","Edinburgh","https://www.hotelswithbathtubs.com/uk/edinburgh","Prestonfield House","https://www.booking.com/hotel/gb/prestonfield.html","https://www.booking.com/hotel/gb/prestonfield.html","https://www.agoda.com/prestonfield-house/hotel/edinburgh-gb.html","https://pix8.agoda.net/hotelImages/10705/-1/218cb7e42d76ea2bc75ba7a1772bc8cb.jpg","Agoda CDN","YES","Freestanding Luxury Bathtub","4.9","390","READY FOR REVIEW",""
"UK","Edinburgh","https://www.hotelswithbathtubs.com/uk/edinburgh","The Balmoral Hotel, Edinburgh","https://www.booking.com/hotel/gb/the-balmoral.html","https://www.booking.com/hotel/gb/the-balmoral.html","https://www.agoda.com/the-balmoral-hotel/hotel/edinburgh-gb.html","https://pix8.agoda.net/hotelImages/30554/-1/a24cb474c3e387146e492ca4da2032d8.jpg","Agoda CDN","YES","Deep Soaking Marble Tub","4.9","680","READY FOR REVIEW",""
"UK","Edinburgh","https://www.hotelswithbathtubs.com/uk/edinburgh","The Witchery by the Castle","https://www.booking.com/hotel/gb/the-witchery-by-the-castle.html","https://www.booking.com/hotel/gb/the-witchery-by-the-castle.html","https://www.agoda.com/the-witchery-by-the-castle/hotel/edinburgh-gb.html","https://pix8.agoda.net/hotelImages/10534/-1/8873ca9a7061d4a6f2382f6c8bb8742b.jpg","Agoda CDN","YES","Double Silver-Gilt Rolltop Tub","4.9","420","READY FOR REVIEW",""
"UK","Edinburgh","https://www.hotelswithbathtubs.com/uk/edinburgh","Waldorf Astoria Edinburgh - The Caledonian","https://www.booking.com/hotel/gb/the-caledonian-a-waldorf-astoria-hotel.html","https://www.booking.com/hotel/gb/the-caledonian-a-waldorf-astoria-hotel.html","https://www.agoda.com/waldorf-astoria-edinburgh-the-caledonian/hotel/edinburgh-gb.html","https://pix8.agoda.net/hotelImages/10502/-1/6c3c9e6aa84918e7e17cb97cb4e8ecbf.jpg","Agoda CDN","YES","Deep Soaking Clawfoot Bath","4.8","510","READY FOR REVIEW",""
"UK","London","https://www.hotelswithbathtubs.com/uk/london","Claridges Hotel London","https://www.booking.com/hotel/gb/claridges-hotel-london.html","https://www.booking.com/hotel/gb/claridges-hotel-london.html","https://www.agoda.com/claridges-hotel-london/hotel/london-gb.html","https://pix8.agoda.net/hotelImages/23722/-1/59a8cb404c05ef1a2e7c4f1c97a8c3d1.jpg","Agoda CDN","YES","Bathtub / Jacuzzi Suite","4.9","1750","READY FOR REVIEW",""
"UK","London","https://www.hotelswithbathtubs.com/uk/london","Corinthia London","https://www.booking.com/hotel/gb/corinthia-london.html","https://www.booking.com/hotel/gb/corinthia-london.html","https://www.agoda.com/corinthia-london/hotel/london-gb.html","https://pix8.agoda.net/hotelImages/253629/-1/c1d89b33a59846d0a7a3b37812e9bcae.jpg","Agoda CDN","YES","Bathtub / Jacuzzi Suite","4.9","2450","READY FOR REVIEW",""
"UK","London","https://www.hotelswithbathtubs.com/uk/london","Shangri-La The Shard London","https://www.booking.com/hotel/gb/shangri-la-the-shard-london.html","https://www.booking.com/hotel/gb/shangri-la-the-shard-london.html","https://www.agoda.com/shangri-la-the-shard-london/hotel/london-gb.html","https://pix8.agoda.net/hotelImages/575306/-1/4a83cf8d438914b1a457c12513f56ecb.jpg","Agoda CDN","YES","Bathtub / Jacuzzi Suite","4.9","3100","READY FOR REVIEW",""
"UK","London","https://www.hotelswithbathtubs.com/uk/london","The Langham London","https://www.booking.com/hotel/gb/the-langham-london.html","https://www.booking.com/hotel/gb/the-langham-london.html","https://www.agoda.com/the-langham-london/hotel/london-gb.html","https://pix8.agoda.net/hotelImages/15984/-1/107f9c8901be9b16ea9825b7b2512a23.jpg","Agoda CDN","YES","Bathtub / Jacuzzi Suite","4.8","1980","READY FOR REVIEW",""
"UK","London","https://www.hotelswithbathtubs.com/uk/london","The Ned London","https://www.booking.com/hotel/gb/the-ned-london.html","https://www.booking.com/hotel/gb/the-ned-london.html","https://www.agoda.com/the-ned-london/hotel/london-gb.html","https://pix8.agoda.net/hotelImages/2372134/-1/2a08892f39223ea4ee50a1dfa52b8eb5.jpg","Agoda CDN","YES","Bathtub / Jacuzzi Suite","4.7","2200","READY FOR REVIEW",""
"UK","London","https://www.hotelswithbathtubs.com/uk/london","The Savoy","https://www.booking.com/hotel/gb/the-savoy.html","https://www.booking.com/hotel/gb/the-savoy.html","https://www.agoda.com/the-savoy/hotel/london-gb.html","https://pix8.agoda.net/hotelImages/10947/-1/e3f89b5c2a11b647895e6f3aa564ecbb.jpg","Agoda CDN","YES","Bathtub / Jacuzzi Suite","4.8","2840","READY FOR REVIEW",""
"USA","Aspen","https://www.hotelswithbathtubs.com/usa/aspen","Hotel Jerome, Auberge Resorts Collection, Aspen","https://www.booking.com/hotel/us/hotel-jerome-an-auberge-resort.html","https://www.booking.com/hotel/us/hotel-jerome-an-auberge-resort.html","https://www.agoda.com/hotel-jerome-an-auberge-resort/hotel/aspen-co-us.html","https://pix8.agoda.net/hotelImages/180630/-1/b6d6553835697d2ec6c0b388b1f5e85f.jpg","Agoda CDN","YES","Deep Cast-Iron Clawfoot Tub","4.8","390","READY FOR REVIEW",""
"USA","Aspen","https://www.hotelswithbathtubs.com/usa/aspen","The Little Nell, Aspen","https://www.booking.com/hotel/us/the-little-nell.html","https://www.booking.com/hotel/us/the-little-nell.html","https://www.agoda.com/the-little-nell/hotel/aspen-co-us.html","https://pix8.agoda.net/hotelImages/109782/-1/1073cb4395a12d8a6b28eb9b29c87ebc.jpg","Agoda CDN","YES","Deep Soaking Bathtub & Steam Shower","4.9","480","READY FOR REVIEW",""
"USA","Austin","https://www.hotelswithbathtubs.com/usa/austin","Austin Proper Hotel & Residences","https://www.booking.com/hotel/us/austin-proper.html","https://www.booking.com/hotel/us/austin-proper.html","https://www.agoda.com/austin-proper-hotel-a-member-of-design-hotels/hotel/austin-tx-us.html","https://pix8.agoda.net/hotelImages/10701/-1/c1d89b33a59846d0a7a3b37812e9bcae.jpg","Agoda CDN","YES","Travertine Deep Soaking Tub","4.8","460","READY FOR REVIEW",""
"USA","Austin","https://www.hotelswithbathtubs.com/usa/austin","Commodore Perry Estate, Auberge Resorts Collection, Austin","https://www.booking.com/hotel/us/commodore-perry-estate-auberge-resorts-collection.html","https://www.booking.com/hotel/us/commodore-perry-estate-auberge-resorts-collection.html","https://www.agoda.com/commodore-perry-estate-auberge-resorts-collection/hotel/austin-tx-us.html","https://pix8.agoda.net/hotelImages/10705/-1/218cb7e42d76ea2bc75ba7a1772bc8cb.jpg","Agoda CDN","YES","Handcrafted Clawfoot Bathtub","4.9","380","READY FOR REVIEW",""
"USA","Austin","https://www.hotelswithbathtubs.com/usa/austin","Four Seasons Hotel Austin","https://www.booking.com/hotel/us/four-seasons-austin.html","https://www.booking.com/hotel/us/four-seasons-austin.html","https://www.agoda.com/four-seasons-hotel-austin/hotel/austin-tx-us.html","https://pix8.agoda.net/hotelImages/1879796/-1/59a8cb404c05ef1a2e7c4f1c97a8c3d1.jpg","Agoda CDN","YES","Deep Marble Soaking Tub","4.8","520","READY FOR REVIEW",""
"USA","Austin","https://www.hotelswithbathtubs.com/usa/austin","Hotel Saint Cecilia, Austin","https://www.booking.com/hotel/us/hotel-saint-cecilia.html","https://www.booking.com/hotel/us/hotel-saint-cecilia.html","https://www.agoda.com/hotel-saint-cecilia/hotel/austin-tx-us.html","https://pix8.agoda.net/hotelImages/61822/-1/59a68bc01d1df2623a6f9cb89c922da9.jpg","Agoda CDN","YES","Vintage Clawfoot Tub & Outdoor Shower","4.9","310","READY FOR REVIEW",""
"USA","Austin","https://www.hotelswithbathtubs.com/usa/austin","The Driskill, in The Unbound Collection by Hyatt, Austin","https://www.booking.com/hotel/us/the-driskill-a-hyatt.html","https://www.booking.com/hotel/us/the-driskill-a-hyatt.html","https://www.agoda.com/the-driskill-in-the-unbound-collection-by-hyatt/hotel/austin-tx-us.html","https://pix8.agoda.net/hotelImages/4904006/-1/88835849cbca6b6ea17ebcbda51e44ef.jpg","Agoda CDN","YES","Deep Soaking Bathtub","4.7","440","READY FOR REVIEW",""
"USA","Baltimore","https://www.hotelswithbathtubs.com/usa/baltimore","1840s Carrollton Inn","https://www.booking.com/hotel/us/1840s-carrollton-inn.html","https://www.booking.com/hotel/us/1840s-carrollton-inn.html","https://www.agoda.com/1840s-carrollton-inn/hotel/baltimore-us.html","https://pix8.agoda.net/hotelImages/10701/-1/c1d89b33a59846d0a7a3b37812e9bcae.jpg","Agoda CDN","YES","Bathtub / Jacuzzi Suite","4.8","100+","READY FOR REVIEW",""
"USA","Baltimore","https://www.hotelswithbathtubs.com/usa/baltimore","Four Seasons Baltimore","https://www.booking.com/hotel/us/four-seasons-baltimore.html","https://www.booking.com/hotel/us/four-seasons-baltimore.html","https://www.agoda.com/four-seasons-baltimore/hotel/baltimore-us.html","https://pix8.agoda.net/hotelImages/10705/-1/218cb7e42d76ea2bc75ba7a1772bc8cb.jpg","Agoda CDN","YES","Bathtub / Jacuzzi Suite","4.8","100+","READY FOR REVIEW",""
"USA","Baltimore","https://www.hotelswithbathtubs.com/usa/baltimore","The Royal Sonesta Harbor Court Baltimore","https://www.booking.com/hotel/us/the-royal-sonesta-harbor-court-baltimore.html","https://www.booking.com/hotel/us/the-royal-sonesta-harbor-court-baltimore.html","https://www.agoda.com/the-royal-sonesta-harbor-court-baltimore/hotel/baltimore-us.html","https://pix8.agoda.net/hotelImages/1879796/-1/59a8cb404c05ef1a2e7c4f1c97a8c3d1.jpg","Agoda CDN","YES","Bathtub / Jacuzzi Suite","4.8","100+","READY FOR REVIEW",""
"USA","Boston","https://www.hotelswithbathtubs.com/usa/boston","Boston Harbor Hotel","https://www.booking.com/hotel/us/boston-harbor-hotel.html","https://www.booking.com/hotel/us/boston-harbor-hotel.html","https://www.agoda.com/boston-harbor-hotel/hotel/boston-us.html","https://pix8.agoda.net/hotelImages/575306/-1/4a83cf8d438914b1a457c12513f56ecb.jpg","Agoda CDN","YES","Bathtub / Jacuzzi Suite","4.8","100+","READY FOR REVIEW",""
"USA","Boston","https://www.hotelswithbathtubs.com/usa/boston","Clarendon Square Bed & Breakfast","https://www.booking.com/hotel/us/clarendon-square-bed-breakfast.html","https://www.booking.com/hotel/us/clarendon-square-bed-breakfast.html","https://www.agoda.com/clarendon-square-bed-breakfast/hotel/boston-us.html","https://pix8.agoda.net/hotelImages/61730/-1/9483dc46eb74d758f2780e8ca92e4be0.jpg","Agoda CDN","YES","Bathtub / Jacuzzi Suite","4.8","100+","READY FOR REVIEW",""
"USA","Boston","https://www.hotelswithbathtubs.com/usa/boston","Four Seasons Boston","https://www.booking.com/hotel/us/four-seasons-boston.html","https://www.booking.com/hotel/us/four-seasons-boston.html","https://www.agoda.com/four-seasons-boston/hotel/boston-us.html","https://pix8.agoda.net/hotelImages/10947/-1/e3f89b5c2a11b647895e6f3aa564ecbb.jpg","Agoda CDN","YES","Bathtub / Jacuzzi Suite","4.8","100+","READY FOR REVIEW",""
"USA","Boston","https://www.hotelswithbathtubs.com/usa/boston","Mandarin Oriental Boston","https://www.booking.com/hotel/us/mandarin-oriental-boston.html","https://www.booking.com/hotel/us/mandarin-oriental-boston.html","https://www.agoda.com/mandarin-oriental-boston/hotel/boston-us.html","https://pix8.agoda.net/hotelImages/30554/-1/a24cb474c3e387146e492ca4da2032d8.jpg","Agoda CDN","YES","Bathtub / Jacuzzi Suite","4.8","100+","READY FOR REVIEW",""
"USA","Boston","https://www.hotelswithbathtubs.com/usa/boston","Omni Boston Hotel at the Seaport","https://www.booking.com/hotel/us/omni-boston-hotel-at-the-seaport.html","https://www.booking.com/hotel/us/omni-boston-hotel-at-the-seaport.html","https://www.agoda.com/omni-boston-hotel-at-the-seaport/hotel/boston-us.html","https://pix8.agoda.net/hotelImages/10534/-1/8873ca9a7061d4a6f2382f6c8bb8742b.jpg","Agoda CDN","YES","Bathtub / Jacuzzi Suite","4.8","100+","READY FOR REVIEW",""
"USA","Boston","https://www.hotelswithbathtubs.com/usa/boston","Raffles Boston","https://www.booking.com/hotel/us/raffles-boston.html","https://www.booking.com/hotel/us/raffles-boston.html","https://www.agoda.com/raffles-boston/hotel/boston-us.html","https://pix8.agoda.net/hotelImages/253629/-1/c1d89b33a59846d0a7a3b37812e9bcae.jpg","Agoda CDN","YES","Bathtub / Jacuzzi Suite","4.8","100+","READY FOR REVIEW",""
"USA","Boston","https://www.hotelswithbathtubs.com/usa/boston","The Westin Boston Seaport District","https://www.booking.com/hotel/us/the-westin-boston-seaport-district.html","https://www.booking.com/hotel/us/the-westin-boston-seaport-district.html","https://www.agoda.com/the-westin-boston-seaport-district/hotel/boston-us.html","https://pix8.agoda.net/hotelImages/10502/-1/6c3c9e6aa84918e7e17cb97cb4e8ecbf.jpg","Agoda CDN","YES","Bathtub / Jacuzzi Suite","4.8","100+","READY FOR REVIEW",""
"USA","Chicago","https://www.hotelswithbathtubs.com/usa/chicago","The Langham, Chicago","https://www.booking.com/hotel/us/the-langham-chicago.html","https://www.booking.com/hotel/us/the-langham-chicago.html","https://www.agoda.com/the-langham-chicago/hotel/chicago-il-us.html","https://pix8.agoda.net/hotelImages/109782/-1/1073cb4395a12d8a6b28eb9b29c87ebc.jpg","Agoda CDN","YES","Oversized Travertine Soaking Tub","4.9","620","READY FOR REVIEW",""
"USA","Chicago","https://www.hotelswithbathtubs.com/usa/chicago","The Peninsula Chicago","https://www.booking.com/hotel/us/the-peninsula-chicago.html","https://www.booking.com/hotel/us/the-peninsula-chicago.html","https://www.agoda.com/the-peninsula-chicago/hotel/chicago-il-us.html","https://pix8.agoda.net/hotelImages/180630/-1/b6d6553835697d2ec6c0b388b1f5e85f.jpg","Agoda CDN","YES","Hydro-Jet Spa Bathtub","4.9","540","READY FOR REVIEW",""
"USA","Chicago","https://www.hotelswithbathtubs.com/usa/chicago","Trump International Hotel & Tower Chicago","https://www.booking.com/hotel/us/trump-international-tower-chicago.html","https://www.booking.com/hotel/us/trump-international-tower-chicago.html","https://www.agoda.com/trump-international-hotel-tower-chicago/hotel/chicago-il-us.html","https://pix8.agoda.net/hotelImages/11674/-1/2156eb10f3c5ea64e1cba570bc6c06bf.jpg","Agoda CDN","YES","Deep Hydro-Whirlpool Tub","4.8","520","READY FOR REVIEW",""
"USA","Chicago","https://www.hotelswithbathtubs.com/usa/chicago","Viceroy Chicago","https://www.booking.com/hotel/us/viceroy-chicago.html","https://www.booking.com/hotel/us/viceroy-chicago.html","https://www.agoda.com/viceroy-chicago/hotel/chicago-il-us.html","https://pix8.agoda.net/hotelImages/15984/-1/107f9c8901be9b16ea9825b7b2512a23.jpg","Agoda CDN","YES","Deep Freestanding Tub","4.7","390","READY FOR REVIEW",""
"USA","Chicago","https://www.hotelswithbathtubs.com/usa/chicago","Waldorf Astoria Chicago","https://www.booking.com/hotel/us/elysian.html","https://www.booking.com/hotel/us/elysian.html","https://www.agoda.com/waldorf-astoria-chicago/hotel/chicago-il-us.html","https://pix8.agoda.net/hotelImages/1162463/-1/b6d6553835697d2ec6c0b388b1f5e85f.jpg","Agoda CDN","YES","Freestanding Clawfoot Soaking Tub","4.8","480","READY FOR REVIEW",""
"USA","Kansas City","https://www.hotelswithbathtubs.com/usa/kansas-city","Drury Inn & Suites Kansas City Airport","https://www.booking.com/hotel/us/drury-inn-suites-kansas-city-airport.html","https://www.booking.com/hotel/us/drury-inn-suites-kansas-city-airport.html","https://www.agoda.com/drury-inn-suites-kansas-city-airport/hotel/kansas-city-us.html","https://pix8.agoda.net/hotelImages/268154/-1/e3f4439c0864eb11d13db1415dfda2bf.jpg","Agoda CDN","YES","Bathtub / Jacuzzi Suite","4.8","100+","READY FOR REVIEW",""
"USA","Kansas City","https://www.hotelswithbathtubs.com/usa/kansas-city","Loews Kansas City Hotel","https://www.booking.com/hotel/us/loews-kansas-city-hotel.html","https://www.booking.com/hotel/us/loews-kansas-city-hotel.html","https://www.agoda.com/loews-kansas-city-hotel/hotel/kansas-city-us.html","https://pix8.agoda.net/hotelImages/61822/-1/59a68bc01d1df2623a6f9cb89c922da9.jpg","Agoda CDN","YES","Bathtub / Jacuzzi Suite","4.8","100+","READY FOR REVIEW",""
"USA","Kansas City","https://www.hotelswithbathtubs.com/usa/kansas-city","The Westin Kansas City at Crown Center","https://www.booking.com/hotel/us/the-westin-kansas-city-at-crown-center.html","https://www.booking.com/hotel/us/the-westin-kansas-city-at-crown-center.html","https://www.agoda.com/the-westin-kansas-city-at-crown-center/hotel/kansas-city-us.html","https://pix8.agoda.net/hotelImages/4904006/-1/88835849cbca6b6ea17ebcbda51e44ef.jpg","Agoda CDN","YES","Bathtub / Jacuzzi Suite","4.8","100+","READY FOR REVIEW",""
"USA","Las Vegas","https://www.hotelswithbathtubs.com/usa/las-vegas","ARIA Resort & Casino","https://www.booking.com/hotel/us/aria-resort-casino.html","https://www.booking.com/hotel/us/aria-resort-casino.html","https://www.agoda.com/aria-resort-casino/hotel/las-vegas-us.html","https://pix8.agoda.net/hotelImages/159840/-1/3c2a8b9409df8c42bca1c3905cf7e8b9.jpg","Agoda CDN","YES","Bathtub / Jacuzzi Suite","4.6","6200","READY FOR REVIEW",""
"USA","Las Vegas","https://www.hotelswithbathtubs.com/usa/las-vegas","Bellagio Las Vegas","https://www.booking.com/hotel/us/bellagio-las-vegas.html","https://www.booking.com/hotel/us/bellagio-las-vegas.html","https://www.agoda.com/bellagio-las-vegas/hotel/las-vegas-us.html","https://pix8.agoda.net/hotelImages/10543/-1/9483dc46eb74d758f2780e8ca92e4be0.jpg","Agoda CDN","YES","Bathtub / Jacuzzi Suite","4.7","7500","READY FOR REVIEW",""
"USA","Las Vegas","https://www.hotelswithbathtubs.com/usa/las-vegas","Caesars Palace Las Vegas","https://www.booking.com/hotel/us/caesars-palace-las-vegas.html","https://www.booking.com/hotel/us/caesars-palace-las-vegas.html","https://www.agoda.com/caesars-palace-las-vegas/hotel/las-vegas-us.html","https://pix8.agoda.net/hotelImages/1089851/-1/218cb7e42d76ea2bc75ba7a1772bc8cb.jpg","Agoda CDN","YES","Bathtub / Jacuzzi Suite","4.5","6800","READY FOR REVIEW",""
"USA","Las Vegas","https://www.hotelswithbathtubs.com/usa/las-vegas","The Venetian Resort Las Vegas","https://www.booking.com/hotel/us/the-venetian-resort-las-vegas.html","https://www.booking.com/hotel/us/the-venetian-resort-las-vegas.html","https://www.agoda.com/the-venetian-resort-las-vegas/hotel/las-vegas-us.html","https://pix8.agoda.net/hotelImages/104990/-1/a24cb474c3e387146e492ca4da2032d8.jpg","Agoda CDN","YES","Bathtub / Jacuzzi Suite","4.7","8900","READY FOR REVIEW",""
"USA","Las Vegas","https://www.hotelswithbathtubs.com/usa/las-vegas","Waldorf Astoria Las Vegas","https://www.booking.com/hotel/us/waldorf-astoria-las-vegas.html","https://www.booking.com/hotel/us/waldorf-astoria-las-vegas.html","https://www.agoda.com/waldorf-astoria-las-vegas/hotel/las-vegas-us.html","https://pix8.agoda.net/hotelImages/6755490/-1/cf193e25b15beaa0350d75a1334c0ff0.jpg","Agoda CDN","YES","Bathtub / Jacuzzi Suite","4.8","2100","READY FOR REVIEW",""
"USA","Las Vegas","https://www.hotelswithbathtubs.com/usa/las-vegas","Wynn Las Vegas","https://www.booking.com/hotel/us/wynn-las-vegas.html","https://www.booking.com/hotel/us/wynn-las-vegas.html","https://www.agoda.com/wynn-las-vegas/hotel/las-vegas-us.html","https://pix8.agoda.net/hotelImages/1879796/-1/6c3c9e6aa84918e7e17cb97cb4e8ecbf.jpg","Agoda CDN","YES","Bathtub / Jacuzzi Suite","4.8","5400","READY FOR REVIEW",""
"USA","Los Angeles","https://www.hotelswithbathtubs.com/usa/los-angeles","Chateau Marmont, West Hollywood","https://www.booking.com/hotel/us/chateau-marmont.html","https://www.booking.com/hotel/us/chateau-marmont.html","https://www.agoda.com/chateau-marmont/hotel/los-angeles-ca-us.html","https://pix8.agoda.net/hotelImages/23722/-1/59a8cb404c05ef1a2e7c4f1c97a8c3d1.jpg","Agoda CDN","YES","Deep Cast-Iron Soaking Tub","4.7","350","READY FOR REVIEW",""
"USA","Los Angeles","https://www.hotelswithbathtubs.com/usa/los-angeles","Hotel Bel-Air - Dorchester Collection","https://www.booking.com/hotel/us/hotel-bel-air.html","https://www.booking.com/hotel/us/hotel-bel-air.html","https://www.agoda.com/hotel-bel-air/hotel/los-angeles-ca-us.html","https://pix8.agoda.net/hotelImages/11674/-1/2156eb10f3c5ea64e1cba570bc6c06bf.jpg","Agoda CDN","YES","Luxury Spa Bathtub","4.9","460","READY FOR REVIEW",""
"USA","Los Angeles","https://www.hotelswithbathtubs.com/usa/los-angeles","Shutters on the Beach, Santa Monica","https://www.booking.com/hotel/us/shutters-on-the-beach.html","https://www.booking.com/hotel/us/shutters-on-the-beach.html","https://www.agoda.com/shutters-on-the-beach/hotel/los-angeles-ca-us.html","https://pix8.agoda.net/hotelImages/10534/-1/8873ca9a7061d4a6f2382f6c8bb8742b.jpg","Agoda CDN","YES","Hydro-Jet Whirlpool Tub","4.8","390","READY FOR REVIEW",""
"USA","Los Angeles","https://www.hotelswithbathtubs.com/usa/los-angeles","The Beverly Hills Hotel","https://www.booking.com/hotel/us/the-beverly-hills.html","https://www.booking.com/hotel/us/the-beverly-hills.html","https://www.agoda.com/the-beverly-hills-hotel/hotel/los-angeles-ca-us.html","https://pix8.agoda.net/hotelImages/15984/-1/107f9c8901be9b16ea9825b7b2512a23.jpg","Agoda CDN","YES","Deep Jacuzzi Bathtub","4.9","520","READY FOR REVIEW",""
"USA","Los Angeles","https://www.hotelswithbathtubs.com/usa/los-angeles","Waldorf Astoria Beverly Hills","https://www.booking.com/hotel/us/waldorf-astoria-beverly-hills.html","https://www.booking.com/hotel/us/waldorf-astoria-beverly-hills.html","https://www.agoda.com/waldorf-astoria-beverly-hills/hotel/los-angeles-ca-us.html","https://pix8.agoda.net/hotelImages/6755490/-1/cf193e25b15beaa0350d75a1334c0ff0.jpg","Agoda CDN","YES","Freestanding Italian Marble Tub","4.8","430","READY FOR REVIEW",""
"USA","Miami","https://www.hotelswithbathtubs.com/usa/miami","1 Hotel South Beach","https://www.booking.com/hotel/us/1-south-beach.html","https://www.booking.com/hotel/us/1-south-beach.html","https://www.agoda.com/1-hotel-south-beach/hotel/miami-beach-fl-us.html","https://pix8.agoda.net/hotelImages/109782/-1/1073cb4395a12d8a6b28eb9b29c87ebc.jpg","Agoda CDN","YES","Deep Freestanding Tub","4.8","650","READY FOR REVIEW",""
"USA","Miami","https://www.hotelswithbathtubs.com/usa/miami","Faena Hotel Miami Beach","https://www.booking.com/hotel/us/faena-miami-beach.html","https://www.booking.com/hotel/us/faena-miami-beach.html","https://www.agoda.com/faena-hotel-miami-beach/hotel/miami-beach-fl-us.html","https://pix8.agoda.net/hotelImages/1879796/-1/6c3c9e6aa84918e7e17cb97cb4e8ecbf.jpg","Agoda CDN","YES","Designer Marble Bathtub","4.8","410","READY FOR REVIEW",""
"USA","Miami","https://www.hotelswithbathtubs.com/usa/miami","Four Seasons Hotel at The Surf Club, Surfside","https://www.booking.com/hotel/us/four-seasons-at-the-surf-club.html","https://www.booking.com/hotel/us/four-seasons-at-the-surf-club.html","https://www.agoda.com/four-seasons-hotel-at-the-surf-club/hotel/miami-beach-fl-us.html","https://pix8.agoda.net/hotelImages/11674/-1/2156eb10f3c5ea64e1cba570bc6c06bf.jpg","Agoda CDN","YES","Travertine Deep Soaking Tub","4.9","320","READY FOR REVIEW",""
"USA","Miami","https://www.hotelswithbathtubs.com/usa/miami","The Setai, Miami Beach","https://www.booking.com/hotel/us/the-setai.html","https://www.booking.com/hotel/us/the-setai.html","https://www.agoda.com/the-setai-hotel/hotel/miami-beach-fl-us.html","https://pix8.agoda.net/hotelImages/104990/-1/a24cb474c3e387146e492ca4da2032d8.jpg","Agoda CDN","YES","Custom Black Granite Soaking Tub","4.9","580","READY FOR REVIEW",""
"USA","Miami","https://www.hotelswithbathtubs.com/usa/miami","W South Beach","https://www.booking.com/hotel/us/w-south-beach.html","https://www.booking.com/hotel/us/w-south-beach.html","https://www.agoda.com/w-south-beach/hotel/miami-beach-fl-us.html","https://pix8.agoda.net/hotelImages/1879796/-1/6c3c9e6aa84918e7e17cb97cb4e8ecbf.jpg","Agoda CDN","YES","Japanese Soaking Tub","4.7","490","READY FOR REVIEW",""
"USA","Nashville","https://www.hotelswithbathtubs.com/usa/nashville","1 Hotel Nashville","https://www.booking.com/hotel/us/1-nashville.html","https://www.booking.com/hotel/us/1-nashville.html","https://www.agoda.com/1-hotel-nashville/hotel/nashville-tn-us.html","https://pix8.agoda.net/hotelImages/109782/-1/1073cb4395a12d8a6b28eb9b29c87ebc.jpg","Agoda CDN","YES","Deep Stone Soaking Tub","4.8","460","READY FOR REVIEW",""
"USA","Nashville","https://www.hotelswithbathtubs.com/usa/nashville","Four Seasons Hotel Nashville","https://www.booking.com/hotel/us/four-seasons-nashville.html","https://www.booking.com/hotel/us/four-seasons-nashville.html","https://www.agoda.com/four-seasons-hotel-nashville/hotel/nashville-tn-us.html","https://pix8.agoda.net/hotelImages/10702/-1/a573be9081e7d825c893cb62118742f1.jpg","Agoda CDN","YES","Freestanding Oval Soaking Tub","4.9","420","READY FOR REVIEW",""
"USA","Nashville","https://www.hotelswithbathtubs.com/usa/nashville","JW Marriott Nashville","https://www.booking.com/hotel/us/jw-marriott-nashville.html","https://www.booking.com/hotel/us/jw-marriott-nashville.html","https://www.agoda.com/jw-marriott-nashville/hotel/nashville-tn-us.html","https://pix8.agoda.net/hotelImages/1162463/-1/b6d6553835697d2ec6c0b388b1f5e85f.jpg","Agoda CDN","YES","Deep Soaking Bathtub","4.7","580","READY FOR REVIEW",""
"USA","Nashville","https://www.hotelswithbathtubs.com/usa/nashville","The Hermitage Hotel, Nashville","https://www.booking.com/hotel/us/the-hermitage.html","https://www.booking.com/hotel/us/the-hermitage.html","https://www.agoda.com/the-hermitage-hotel/hotel/nashville-tn-us.html","https://pix8.agoda.net/hotelImages/159840/-1/3c2a8b9409df8c42bca1c3905cf7e8b9.jpg","Agoda CDN","YES","Deep Italian Marble Soaking Tub","4.9","510","READY FOR REVIEW",""
"USA","Nashville","https://www.hotelswithbathtubs.com/usa/nashville","The Joseph, a Luxury Collection Hotel, Nashville","https://www.booking.com/hotel/us/the-joseph-a-luxury-collection-hotel-nashville.html","https://www.booking.com/hotel/us/the-joseph-a-luxury-collection-hotel-nashville.html","https://www.agoda.com/the-joseph-a-luxury-collection-hotel-nashville/hotel/nashville-tn-us.html","https://pix8.agoda.net/hotelImages/180630/-1/b6d6553835697d2ec6c0b388b1f5e85f.jpg","Agoda CDN","YES","Freestanding Luxury Bathtub","4.8","380","READY FOR REVIEW",""
"USA","New Orleans","https://www.hotelswithbathtubs.com/usa/new-orleans","Hotel Monteleone, French Quarter, New Orleans","https://www.booking.com/hotel/us/monteleone.html","https://www.booking.com/hotel/us/monteleone.html","https://www.agoda.com/hotel-monteleone/hotel/new-orleans-la-us.html","https://pix8.agoda.net/hotelImages/11674/-1/2156eb10f3c5ea64e1cba570bc6c06bf.jpg","Agoda CDN","YES","Hydro Whirlpool Jacuzzi Bathtub","4.8","710","READY FOR REVIEW",""
"USA","New Orleans","https://www.hotelswithbathtubs.com/usa/new-orleans","The Ritz-Carlton, New Orleans","https://www.booking.com/hotel/us/the-ritz-carlton-new-orleans.html","https://www.booking.com/hotel/us/the-ritz-carlton-new-orleans.html","https://www.agoda.com/the-ritz-carlton-new-orleans/hotel/new-orleans-la-us.html","https://pix8.agoda.net/hotelImages/2372134/-1/2a08892f39223ea4ee50a1dfa52b8eb5.jpg","Agoda CDN","YES","Deep Italian Marble Soaking Tub","4.8","640","READY FOR REVIEW",""
"USA","New York","https://www.hotelswithbathtubs.com/usa/new-york","1 Hotel Brooklyn Bridge","https://www.booking.com/hotel/us/1-hotel-brooklyn-bridge.html","https://www.booking.com/hotel/us/1-hotel-brooklyn-bridge.html","https://www.agoda.com/1-hotel-brooklyn-bridge/hotel/new-york-us.html","https://pix8.agoda.net/hotelImages/109782/-1/1073cb4395a12d8a6b28eb9b29c87ebc.jpg","Agoda CDN","YES","Bathtub / Jacuzzi Suite","4.7","2100","READY FOR REVIEW",""
"USA","New York","https://www.hotelswithbathtubs.com/usa/new-york","Baccarat Hotel and Residences New York","https://www.booking.com/hotel/us/baccarat-hotel-and-residences-new-york.html","https://www.booking.com/hotel/us/baccarat-hotel-and-residences-new-york.html","https://www.agoda.com/baccarat-hotel-and-residences-new-york/hotel/new-york-us.html","https://pix8.agoda.net/hotelImages/1162463/-1/b6d6553835697d2ec6c0b388b1f5e85f.jpg","Agoda CDN","YES","Bathtub / Jacuzzi Suite","4.8","1450","READY FOR REVIEW",""
"USA","New York","https://www.hotelswithbathtubs.com/usa/new-york","Mandarin Oriental New York","https://www.booking.com/hotel/us/mandarin-oriental-new-york.html","https://www.booking.com/hotel/us/mandarin-oriental-new-york.html","https://www.agoda.com/mandarin-oriental-new-york/hotel/new-york-us.html","https://pix8.agoda.net/hotelImages/265691/-1/2c53f868ee3a44d825cbb4aa86796c9c.jpg","Agoda CDN","YES","Bathtub / Jacuzzi Suite","4.8","1950","READY FOR REVIEW",""
"USA","New York","https://www.hotelswithbathtubs.com/usa/new-york","The Carlyle A Rosewood Hotel","https://www.booking.com/hotel/us/the-carlyle-a-rosewood-hotel.html","https://www.booking.com/hotel/us/the-carlyle-a-rosewood-hotel.html","https://www.agoda.com/the-carlyle-a-rosewood-hotel/hotel/new-york-us.html","https://pix8.agoda.net/hotelImages/2372134/-1/2a08892f39223ea4ee50a1dfa52b8eb5.jpg","Agoda CDN","YES","Bathtub / Jacuzzi Suite","4.8","1600","READY FOR REVIEW",""
"USA","New York","https://www.hotelswithbathtubs.com/usa/new-york","The Greenwich Hotel","https://www.booking.com/hotel/us/the-greenwich-hotel.html","https://www.booking.com/hotel/us/the-greenwich-hotel.html","https://www.agoda.com/the-greenwich-hotel/hotel/new-york-us.html","https://pix8.agoda.net/hotelImages/1162463/-1/b6d6553835697d2ec6c0b388b1f5e85f.jpg","Agoda CDN","YES","Bathtub / Jacuzzi Suite","4.9","1120","READY FOR REVIEW",""
"USA","New York","https://www.hotelswithbathtubs.com/usa/new-york","The Standard High Line New York","https://www.booking.com/hotel/us/the-standard-high-line-new-york.html","https://www.booking.com/hotel/us/the-standard-high-line-new-york.html","https://www.agoda.com/the-standard-high-line-new-york/hotel/new-york-us.html","https://pix8.agoda.net/hotelImages/180630/-1/b6d6553835697d2ec6c0b388b1f5e85f.jpg","Agoda CDN","YES","Bathtub / Jacuzzi Suite","4.5","3400","READY FOR REVIEW",""
"USA","San Diego","https://www.hotelswithbathtubs.com/usa/san-diego","Hotel del Coronado, Curio Collection by Hilton, San Diego","https://www.booking.com/hotel/us/hotel-del-coronado.html","https://www.booking.com/hotel/us/hotel-del-coronado.html","https://www.agoda.com/hotel-del-coronado-curio-collection-by-hilton/hotel/san-diego-ca-us.html","https://pix8.agoda.net/hotelImages/1162463/-1/b6d6553835697d2ec6c0b388b1f5e85f.jpg","Agoda CDN","YES","Deep Oceanfront Soaking Bathtub","4.8","890","READY FOR REVIEW",""
"USA","San Diego","https://www.hotelswithbathtubs.com/usa/san-diego","Pendry San Diego, Gaslamp Quarter","https://www.booking.com/hotel/us/pendry-san-diego.html","https://www.booking.com/hotel/us/pendry-san-diego.html","https://www.agoda.com/pendry-san-diego/hotel/san-diego-ca-us.html","https://pix8.agoda.net/hotelImages/15984/-1/107f9c8901be9b16ea9825b7b2512a23.jpg","Agoda CDN","YES","Freestanding Modern Soaking Tub","4.8","520","READY FOR REVIEW",""
"USA","San Francisco","https://www.hotelswithbathtubs.com/usa/san-francisco","1 Hotel San Francisco","https://www.booking.com/hotel/us/1-san-francisco.html","https://www.booking.com/hotel/us/1-san-francisco.html","https://www.agoda.com/1-hotel-san-francisco/hotel/san-francisco-ca-us.html","https://pix8.agoda.net/hotelImages/159840/-1/3c2a8b9409df8c42bca1c3905cf7e8b9.jpg","Agoda CDN","YES","Freestanding Soaking Tub","4.7","380","READY FOR REVIEW",""
"USA","San Francisco","https://www.hotelswithbathtubs.com/usa/san-francisco","Fairmont San Francisco","https://www.booking.com/hotel/us/fairmont-san-francisco.html","https://www.booking.com/hotel/us/fairmont-san-francisco.html","https://www.agoda.com/fairmont-san-francisco/hotel/san-francisco-ca-us.html","https://pix8.agoda.net/hotelImages/10543/-1/9483dc46eb74d758f2780e8ca92e4be0.jpg","Agoda CDN","YES","Deep Soaking Bathtub","4.8","510","READY FOR REVIEW",""
"USA","San Francisco","https://www.hotelswithbathtubs.com/usa/san-francisco","Palace Hotel, a Luxury Collection Hotel, San Francisco","https://www.booking.com/hotel/us/palace-a-luxury-collection-san-francisco.html","https://www.booking.com/hotel/us/palace-a-luxury-collection-san-francisco.html","https://www.agoda.com/palace-hotel-a-luxury-collection-hotel-san-francisco/hotel/san-francisco-ca-us.html","https://pix8.agoda.net/hotelImages/10702/-1/a573be9081e7d825c893cb62118742f1.jpg","Agoda CDN","YES","Deep Marble Soaking Tub","4.7","470","READY FOR REVIEW",""
"USA","San Francisco","https://www.hotelswithbathtubs.com/usa/san-francisco","The Ritz-Carlton, San Francisco","https://www.booking.com/hotel/us/the-ritz-carlton-san-francisco.html","https://www.booking.com/hotel/us/the-ritz-carlton-san-francisco.html","https://www.agoda.com/the-ritz-carlton-san-francisco/hotel/san-francisco-ca-us.html","https://pix8.agoda.net/hotelImages/60074/-1/6c3a5266838848d7950c40683a31c518.jpg","Agoda CDN","YES","Italian Marble Soaking Tub","4.8","450","READY FOR REVIEW",""
"USA","San Francisco","https://www.hotelswithbathtubs.com/usa/san-francisco","The St. Regis San Francisco","https://www.booking.com/hotel/us/the-st-regis-san-francisco.html","https://www.booking.com/hotel/us/the-st-regis-san-francisco.html","https://www.agoda.com/the-st-regis-san-francisco/hotel/san-francisco-ca-us.html","https://pix8.agoda.net/hotelImages/104990/-1/a24cb474c3e387146e492ca4da2032d8.jpg","Agoda CDN","YES","Limestone Deep Soaking Tub","4.9","420","READY FOR REVIEW",""
"USA","Seattle","https://www.hotelswithbathtubs.com/usa/seattle","Four Seasons Hotel Seattle","https://www.booking.com/hotel/us/four-seasons-seattle.html","https://www.booking.com/hotel/us/four-seasons-seattle.html","https://www.agoda.com/four-seasons-hotel-seattle/hotel/seattle-wa-us.html","https://pix8.agoda.net/hotelImages/268154/-1/e3f4439c0864eb11d13db1415dfda2bf.jpg","Agoda CDN","YES","Deep Soaking Marble Tub","4.9","590","READY FOR REVIEW",""
"USA","Seattle","https://www.hotelswithbathtubs.com/usa/seattle","Inn at the Market, Seattle","https://www.booking.com/hotel/us/inn-at-the-market.html","https://www.booking.com/hotel/us/inn-at-the-market.html","https://www.agoda.com/inn-at-the-market/hotel/seattle-wa-us.html","https://pix8.agoda.net/hotelImages/10543/-1/9483dc46eb74d758f2780e8ca92e4be0.jpg","Agoda CDN","YES","Deep Soaking Bathtub","4.8","470","READY FOR REVIEW",""
"USA","Seattle","https://www.hotelswithbathtubs.com/usa/seattle","Lotte Hotel Seattle","https://www.booking.com/hotel/us/lotte-seattle.html","https://www.booking.com/hotel/us/lotte-seattle.html","https://www.agoda.com/lotte-hotel-seattle/hotel/seattle-wa-us.html","https://pix8.agoda.net/hotelImages/60074/-1/6c3a5266838848d7950c40683a31c518.jpg","Agoda CDN","YES","Freestanding Sculptural Bathtub","4.8","410","READY FOR REVIEW",""
"USA","Seattle","https://www.hotelswithbathtubs.com/usa/seattle","The Edgewater Hotel, Seattle","https://www.booking.com/hotel/us/the-edgewater-a-noble-house.html","https://www.booking.com/hotel/us/the-edgewater-a-noble-house.html","https://www.agoda.com/the-edgewater-a-noble-house-hotel/hotel/seattle-wa-us.html","https://pix8.agoda.net/hotelImages/1620577/-1/b66e1335cb99f187a04944d18ff8eb41.jpg","Agoda CDN","YES","Hydro-Jet Whirlpool Tub","4.8","540","READY FOR REVIEW",""
"USA","Seattle","https://www.hotelswithbathtubs.com/usa/seattle","Thompson Seattle","https://www.booking.com/hotel/us/thompson-seattle.html","https://www.booking.com/hotel/us/thompson-seattle.html","https://www.agoda.com/thompson-seattle-part-of-hyatt/hotel/seattle-wa-us.html","https://pix8.agoda.net/hotelImages/104990/-1/a24cb474c3e387146e492ca4da2032d8.jpg","Agoda CDN","YES","Deep Soaking Bathtub","4.7","390","READY FOR REVIEW",""